url,product_slug,sku,alt
https://allamericanmuscle.co.za/wp-content/uploads/2026/06/2285.webp,anchor-gmc-chevy-transmission-mount,A-2268,"Anchor GMC Chevy Transmission Mount"
https://allamericanmuscle.co.za/wp-content/uploads/2026/06/2257.webp,anchor-industries-enginemounts-ford-289-302-351,A-2257,"Anchor Industries EngineMounts, Ford 289, 302, 351"
https://allamericanmuscle.co.za/wp-content/uploads/2026/06/9166464725_L1150_4e7f2de9-2d78-40b1-8342-4e88d83af683.webp,ap-racing-4-pot-piston-disc-brake-kit-black,AP-7600 KIT-BK,"AP Racing 4 Pot Piston Disc Brake Kit – Black"
https://allamericanmuscle.co.za/wp-content/uploads/2026/06/91664089_L1150_e7a6fa7d-8b59-45c7-89c1-10645a47d87b.webp,ap-racing-4-pot-piston-disc-brake-kit-red,AP-7600 KIT-RED,"AP Racing 4 Pot Piston Disc Brake Kit – Red"
https://allamericanmuscle.co.za/wp-content/uploads/2026/06/AP-7600_.webp,high-performance-4-pot-discs-set,AP-7600,"High Performance 4 Pot Discs SET"
https://allamericanmuscle.co.za/wp-content/uploads/2026/06/9040.webp,high-performance-6-pot-discs,AP-9040,"High Performance 6 Pot Discs"
https://allamericanmuscle.co.za/wp-content/uploads/2026/04/product20287229.webp,arp-bellhousing-bolt-kits,ARP 129-0901,"ARP Bellhousing Bolt Kits"
https://allamericanmuscle.co.za/wp-content/uploads/2026/06/f189de6d-f246-46a5-b511-20d46ea17325.webp,arp-damper-harmonic-balancer-bolt-kit-sbc,ARP 134-2501,"ARP Damper Harmonic Balancer Bolt Kit SBC"
https://allamericanmuscle.co.za/wp-content/uploads/2026/06/ef926e6f-b91d-487b-939b-cd9e37a22e67.webp,arp-high-performance-series-cylinder-head-bolt-kit,ARP 134-3601,"ARP High Performance Series Cylinder Head Bolt Kit"
https://allamericanmuscle.co.za/wp-content/uploads/2026/06/03b4974c-ae60-4780-b56a-f31f23007560.webp,arp-high-performance-series-connecting-rod-bolt-ki,ARP 154-6002,"ARP High Performance Series Connecting Rod Bolt Ki"
https://allamericanmuscle.co.za/wp-content/uploads/2026/06/e74a5fa3-aeeb-462f-8cd5-c57fb06c3405.webp,arp-high-performance-series-cylinder-head-bolt-kit-2,ARP 135-3707,"ARP High Performance Series Cylinder Head Bolt Kit"
https://allamericanmuscle.co.za/wp-content/uploads/2026/06/309e67f4-deef-4f52-a2c8-8432fddc685b.webp,arp-high-performance-series-connecting-rod-bolts-sbc,ARP 134-6002,"ARP High Performance Series Connecting Rod Bolts, SBC"
https://allamericanmuscle.co.za/wp-content/uploads/2026/06/129-0901-2-1.webp,arp-bellhousing-bolt-kits-2,ARP 154-0903,"ARP Bellhousing Bolt Kits"
https://allamericanmuscle.co.za/wp-content/uploads/2026/06/ARP_200-2902_.webp,arp-sbc,ARP 200-2902,"ARP SBC"
https://allamericanmuscle.co.za/wp-content/uploads/2026/06/9b3f049b-bb5b-4717-8082-bfce8c339887.webp,arp-balancer-bolts,ARP 234-2503,"ARP Balancer Bolts"
https://allamericanmuscle.co.za/wp-content/uploads/2026/06/134-6003.webp,arp-connecting-rod-bolt-kits,ARP 134-6003,"ARP Connecting Rod Bolt Kits"
https://allamericanmuscle.co.za/wp-content/uploads/2026/06/ARP-100-2901-Chevy-V6V8-Ford-V8-High-Performance-Flexplate-Bolt-Kit.webp,arp-high-performance-flexplate-bolt-kit,ARP 200-2802,"ARP High Performance Flexplate Bolt Kit"
https://allamericanmuscle.co.za/wp-content/uploads/2026/06/eb92a51a-ba99-4813-a899-011efaf26d0f.webp,comp-cams-pushrods-chromoly-heat-treated-5-16-i,CC-7502-16,"COMP Cams Pushrods, Chromoly, Heat-Treated, 5/16 i"
https://allamericanmuscle.co.za/wp-content/uploads/2026/06/02baeb7d-c240-4234-b323-f3da86e80f3c.webp,comp-cams-magnum-pushrods,CC-7693-16,"COMP Cams Magnum Pushrods"
https://allamericanmuscle.co.za/wp-content/uploads/2026/06/dd265dbc-c2de-40ba-90df-20e7c82c1b5e.webp,comp-cams-high-energy-pushrods-high-energy-steel,CC-7831-16,"COMP Cams High Energy Pushrods High Energy, Steel,"
https://allamericanmuscle.co.za/wp-content/uploads/2026/04/product20288429.webp,comp-cams-high-energy-pushrods-steel-heat-treated,CC-7812-16,"COMP Cams High Energy Pushrods Steel Heat-Treated"
https://allamericanmuscle.co.za/wp-content/uploads/2026/06/dd265dbc-c2de-40ba-90df-20e7c82c1b5e.webp,comp-cams-high-energy-pushrods-steel-5-16-in-d,CC-7832-16,"COMP Cams High Energy Pushrods , Steel, 5/16 in. D"
https://allamericanmuscle.co.za/wp-content/uploads/2026/06/EDL-1711.webp,edelbrock-victor-series-racing-fuel-pump-sbf,EDL-1711,"Edelbrock Victor Series Racing Fuel Pump SBF"
https://allamericanmuscle.co.za/wp-content/uploads/2026/06/EDL-1720-1.webp,edelbrock-performer-rpm-street-fuel-pump-sbc,EDL-1720,"Edelbrock Performer RPM Street Fuel Pump SBC"
https://allamericanmuscle.co.za/wp-content/uploads/2026/06/EDL-4264.webp,edelbrock-elite-series-valve-covers-ford,EDL-4264,"Edelbrock Elite Series Valve Covers Ford"
https://allamericanmuscle.co.za/wp-content/uploads/2026/06/EDL-4449.webp,edelbrock-signature-series-chrome-valve-covers-sbc,EDL-4446,"Edelbrock Signature Series Chrome Valve Covers SBC"
https://allamericanmuscle.co.za/wp-content/uploads/2026/06/EDL-4449.webp,edelbrock-signature-series-chrome-valve-covers,EDL-4449,"Edelbrock Signature Series Chrome Valve Covers"
https://allamericanmuscle.co.za/wp-content/uploads/2026/06/EDL-4603.webp,edelbrock-signature-series-valve-covers-289-351-winsor,EDL-4603,"Edelbrock Signature Series Valve Covers 289-351 Winsor"
https://allamericanmuscle.co.za/wp-content/uploads/2026/06/EDL-77780.webp,edelbrock-red-roller-rockers-sbf,EDL-77780,"Edelbrock Red Roller Rockers SBF"
https://allamericanmuscle.co.za/wp-content/uploads/2026/06/EDL-7280.webp,edelbrock-gaskets-for-intake-manifold-pontiac-32,EDL-7280,"Edelbrock Gaskets for Intake Manifold, Pontiac, 32"
https://allamericanmuscle.co.za/wp-content/uploads/2026/06/EDL-7589-scaled-1.webp,edelbrock-performer-crc-hemi-gen-i-valve-cover-gasket,EDL-7589,"Edelbrock Performer CRC Hemi Gen I Valve Cover Gasket"
https://allamericanmuscle.co.za/wp-content/uploads/2026/06/Intake-BB-1.webp,edelbrock-performer-intake-manifold-big-block,EDL-7163,"Edelbrock Performer Intake Manifold Big Block"
https://allamericanmuscle.co.za/wp-content/uploads/2026/06/e3f38433-1b3c-4cb2-a79b-06e1dcba2421.webp,enginetech-351c-dish-top-pistons,P1525-30,"Enginetech 351C Dish Top Pistons"
https://allamericanmuscle.co.za/wp-content/uploads/2026/04/product20286429.webp,enginetech-rod-bearing-chrysler-jeep-3-7l,BB123J25,"Enginetech Rod Bearing Chrysler / Jeep 3.7L"
https://allamericanmuscle.co.za/wp-content/uploads/2026/06/042ec30d-ec74-4787-a5c9-eb931bb936cc.webp,enginetech-chrysler-5-7l-main-bearing-standard,BC115J STD,"Enginetech Chrysler 5.7L Main Bearing (Standard)"
https://allamericanmuscle.co.za/wp-content/uploads/2026/06/c0448ea6-ac0d-4fd0-a0b4-efaa8ee06567.webp,enginetech-ford-351-windsor-main-bearings,BC306J10,"Enginetech Ford 351 Windsor Main bearings"
https://allamericanmuscle.co.za/wp-content/uploads/2026/06/c0448ea6-ac0d-4fd0-a0b4-efaa8ee06567.webp,enginetech-ford-351-windsor-main-bearings-2,BC306J20,"Enginetech Ford 351 Windsor Main bearings"
https://allamericanmuscle.co.za/wp-content/uploads/2026/06/TS358A.webp,enginetech-timing-set-ford-windsor-2-piece-seal,TS358,"Enginetech Timing Set Ford Windsor 2-Piece Seal"
https://allamericanmuscle.co.za/wp-content/uploads/2026/06/e8df6ab9-3f0e-45ea-bd5a-9f2b61f18e7a.webp,main-brng-ford-3-6l-221-4-2l-255-4-3l-260-4-7l-289,BC240J010,"Main Brng Ford 3.6L 221 4.2L 255 4.3L 260 4.7L 289"
https://allamericanmuscle.co.za/wp-content/uploads/2026/06/e8df6ab9-3f0e-45ea-bd5a-9f2b61f18e7a.webp,main-bearing-ford-302,BC240 STD,"Main Bearing Ford 302"
https://allamericanmuscle.co.za/wp-content/uploads/2026/06/S68S.webp,enginetech-oil-pump-pickup-screen-ford-289-302-windsor,S68S,"Enginetech Oil Pump Pickup Screen Ford 289/302 Windsor"
https://allamericanmuscle.co.za/wp-content/uploads/2026/06/P1525-40.webp,enginetech-351c-pistons,P1525-40,"Enginetech 351C Pistons"
https://allamericanmuscle.co.za/wp-content/uploads/2026/06/34ef6d47-7558-40f5-8125-e959625b940c.webp,enginetech-351c-top-pistons,P1525-60,"Enginetech 351C Top Pistons"
https://allamericanmuscle.co.za/wp-content/uploads/2026/06/BC115JSTD-1.webp,enginetech-chrysler-5-7l-main-bearing-0-25mm,BC115J25,"Enginetech Chrysler 5.7L Main Bearing (0.25mm)"
https://allamericanmuscle.co.za/wp-content/uploads/2026/06/EP68.webp|https://allamericanmuscle.co.za/wp-content/uploads/2026/06/ep68_1.webp,enginetech-ford-289-302-oil-pump,EP68,"Enginetech Ford 289 302 Oil Pump"
https://allamericanmuscle.co.za/wp-content/uploads/2026/06/2619f71f-6b7b-4063-9e4b-81f5c4b7a061.webp,enginetech-piston-ford-flat-top-4bbl-289-302-winds,P1501-8-00,"Enginetech Piston Ford Flat Top 4BBL 289/302 Winds"
https://allamericanmuscle.co.za/wp-content/uploads/2026/06/0bb257a6-773d-41f7-b93a-f8e567aeb867.webp,piston-ford-4-7l-289-5-0l-302-flat-top-4bbl,P1501-8-20,"PISTON FORD 4.7L 289 5.0L 302 FLAT TOP 4BBL"
https://allamericanmuscle.co.za/wp-content/uploads/2026/06/2619f71f-6b7b-4063-9e4b-81f5c4b7a061.webp,enginetech-piston-ford-flat-top-4bbl-289-302-winds-2,P1526-8-0,"Enginetech Piston Ford Flat Top 4BBL 289/302 Winds"
https://allamericanmuscle.co.za/wp-content/uploads/2026/06/egn-p15268020_xl.webp,enginetech-piston-ford-351-windsor,P1526-8-20,"Enginetech Piston Ford 351 Windsor"
https://allamericanmuscle.co.za/wp-content/uploads/2026/06/egn-p15268020_xl.webp,enginetech-piston-ford-351-windsor-2,P1526-8-30,"Enginetech Piston Ford 351 Windsor"
https://allamericanmuscle.co.za/wp-content/uploads/2026/06/2619f71f-6b7b-4063-9e4b-81f5c4b7a061.webp,enginetech-piston-ford-flat-top-4bbl-289-302-winds-3,P1526-8-40,"Enginetech Piston Ford Flat Top 4BBL 289/302 Winds"
https://allamericanmuscle.co.za/wp-content/uploads/2026/06/BC307J30.webp,enginetech-main-bearings-351-windsor,BC307J10,"Enginetech Main Bearings 351 Windsor"
https://allamericanmuscle.co.za/wp-content/uploads/2026/06/EP84A.webp,enginetech-oil-pump-ford-351-cleveland,EP84A,"Enginetech Oil Pump Ford 351 Cleveland"
https://allamericanmuscle.co.za/wp-content/uploads/2026/06/2619f71f-6b7b-4063-9e4b-81f5c4b7a061.webp,enginetech-piston-ford-flat-top-4bbl-289-302-winds-4,P1501-8-030,"Enginetech Piston Ford Flat Top 4BBL 289/302 Winds"
https://allamericanmuscle.co.za/wp-content/uploads/2026/06/2619f71f-6b7b-4063-9e4b-81f5c4b7a061.webp,enginetech-piston-ford-flat-top-4bbl-289-302-winds-5,P1501-8-040,"Enginetech Piston Ford Flat Top 4BBL 289/302 Winds"
https://allamericanmuscle.co.za/wp-content/uploads/2026/06/2619f71f-6b7b-4063-9e4b-81f5c4b7a061.webp,enginetech-piston-ford-flat-top-4bbl-289-302-winds-6,P1501-8-060,"Enginetech Piston Ford Flat Top 4BBL 289/302 Winds"
https://allamericanmuscle.co.za/wp-content/uploads/2026/06/5b57578e-f9d9-428f-8686-b7f821344029.webp,enginetech-sbc-flat-top-pistons,P1534-8-00,"Enginetech SBC Flat top pistons"
https://allamericanmuscle.co.za/wp-content/uploads/2026/06/5b57578e-f9d9-428f-8686-b7f821344029.webp,enginetech-piston-gm-chevy-flat-top-5-7l-350-0-020,P1534-8-020,"Enginetech Piston GM Chevy Flat Top 5.7L 350 0.020"
https://allamericanmuscle.co.za/wp-content/uploads/2026/06/5b57578e-f9d9-428f-8686-b7f821344029.webp,piston-gm-chevy-5-7l-350-flat-top,P1534-8-060,"PISTON GM Chevy 5.7L 350 FLAT TOP"
https://allamericanmuscle.co.za/wp-content/uploads/2026/06/86a77015-6707-45c6-841c-0e5c5c325391.webp,enginetech-ford-289302-windsor-rod-bearing-standa,BB214 STD,"Enginetech Ford 289302 Windsor Rod Bearing (Standa"
https://allamericanmuscle.co.za/wp-content/uploads/2026/06/da0962df-09fc-4fd4-abc3-09f98c23be21.webp,enginetech-ford-351-windsor-main-bearings-3,BC306J40,"Enginetech Ford 351 Windsor Main bearings"
https://allamericanmuscle.co.za/wp-content/uploads/2026/06/C350LM-24-1.webp,enginetech-oil-pan-gasket-gm-chev-5-7l-350-umb-vss,C350LM-24,"EngineTech oil pan gasket GM CHEV 5.7L 350 UMB VSS"
https://allamericanmuscle.co.za/wp-content/uploads/2026/06/aa813635-9134-4f1a-995c-58161374c133.webp,enginetech-ford-engine-oil-pump-high-volume,EP68HV,"Enginetech Ford Engine Oil Pump High Volume"
https://allamericanmuscle.co.za/wp-content/uploads/2026/04/product20283229.webp,enginetech-gasket-set-351w,F351W-7,"Enginetech Gasket Set 351W"
https://allamericanmuscle.co.za/wp-content/uploads/2026/06/PK9B.webp,enginetech-windsor-expansion-plug-kit,PK9B,"Enginetech Windsor expansion plug kit"
https://allamericanmuscle.co.za/wp-content/uploads/2026/06/TS430X.webp,enginetech-timing-set-ford-302-windsor,TS430X,"Enginetech Timing Set Ford 302 Windsor"
https://allamericanmuscle.co.za/wp-content/uploads/2026/06/03ea3bf4-3ff6-4e68-9d8b-9a701d7cbc65.webp,rod-bearings-ford-5-8l-351,BC307 STD,"Rod Bearings Ford 5.8L 351"
https://allamericanmuscle.co.za/wp-content/uploads/2026/06/5b57578e-f9d9-428f-8686-b7f821344029.webp,enginetech-pistons-ford-351-windsor,P1526-8-60,"Enginetech Pistons Ford 351 Windsor"
https://allamericanmuscle.co.za/wp-content/uploads/2026/06/5b57578e-f9d9-428f-8686-b7f821344029.webp,enginetech-chevy-350-flat-top-piston-set-0-040inch,P1534-8-040,"Enginetech Chevy 350 Flat Top Piston Set 0.040inch"
https://allamericanmuscle.co.za/wp-content/uploads/2026/06/79065757-4757-48d0-ac01-b8c113b742d9.webp,enginetech-ford-289302-windsor-rod-bearing-0-10mm,BB214J010,"Enginetech Ford 289302 Windsor Rod Bearing (0.10mm"
https://allamericanmuscle.co.za/wp-content/uploads/2026/06/9bd0a7c8-d1c0-4466-b270-b6781765ac73.webp,enginetech-sbc-main-bearing-large-journal-0-10mm,BC296J010,"Enginetech SBC Main Bearing Large Journal (0.10mm)"
https://allamericanmuscle.co.za/wp-content/uploads/2026/06/173b6d09-2cf3-484a-a0c8-92525514602f.webp,enginetech-piston-ring-set-4-inch-bore-standard,R40058-STD,"Enginetech Piston Ring Set 4 inch Bore (Standard)"
https://allamericanmuscle.co.za/wp-content/uploads/2026/06/5bcc5b7e-e0b1-44dd-9df4-0ceecda097ff.webp,gasket-ford-4-3l-260-4-7l-289-5-0l-302-oe-umb-vss,F302-4,"GASKET FORD 4.3L 260 4.7L 289 5.0L 302 OE UMB VSS"
https://allamericanmuscle.co.za/wp-content/uploads/2026/06/5b57578e-f9d9-428f-8686-b7f821344029.webp,enginetech-chevy-350-flat-top-engine-piston-set-0-0,P1534-8-030,"Enginetech Chevy 350 Flat Top Engine Piston Set 0.0"
https://allamericanmuscle.co.za/wp-content/uploads/2026/06/35883487-5078-4d69-8114-eb47097432bb.webp,enginetech-rod-bearing-gm-chevy-small-block-large-j,BB253JSTD,"Enginetech Rod Bearing GM Chevy Small Block Large J"
https://allamericanmuscle.co.za/wp-content/uploads/2026/06/cf71908a-d8d2-4b3c-9c76-492ae782aebf.webp,enginetech-ford-351-cleveland-rod-bearing-0-20mm,BB607J020,"Enginetech Ford 351 Cleveland Rod Bearing (0.20mm)"
https://allamericanmuscle.co.za/wp-content/uploads/2026/06/cf71908a-d8d2-4b3c-9c76-492ae782aebf.webp,enginetech-ford-351-cleveland-rod-bearing-0-30mm,BB607J030,"Enginetech Ford 351 Cleveland Rod Bearing (0.30mm)"
https://allamericanmuscle.co.za/wp-content/uploads/2026/04/product20283429.webp,enginetech-ford-windsor-cam-bearing,CC440,"Enginetech Ford Windsor Cam Bearing"
https://allamericanmuscle.co.za/wp-content/uploads/2026/06/35883487-5078-4d69-8114-eb47097432bb.webp,enginetech-sbc-rod-bearing-set-0-10mm,BB253J010,"Enginetech SBC Rod Bearing Set (0.10mm)"
https://allamericanmuscle.co.za/wp-content/uploads/2026/06/6ac176ec-a495-4824-88a0-96dc5f1c11dc.webp,enginetech-4-inch-bore-rings-for-amc-chrysler-4-03,R40058-030,"Enginetech 4 inch Bore Rings For AMC Chrysler (4.03"
https://allamericanmuscle.co.za/wp-content/uploads/2026/06/79065757-4757-48d0-ac01-b8c113b742d9.webp,enginetech-ford-289302-windsor-rod-bearing-set-0,BB214J020,"Enginetech Ford 289302 Windsor Rod Bearing Set (0."
https://allamericanmuscle.co.za/wp-content/uploads/2026/06/79065757-4757-48d0-ac01-b8c113b742d9.webp,enginetech-sbc-rod-bearing-large-journal-0-30mm,BB253J030,"Enginetech SBC Rod Bearing Large Journal (0.30mm)"
https://allamericanmuscle.co.za/wp-content/uploads/2026/06/de10896c-ca4c-42d6-b6e1-9d3faa898c8c.webp,enginetech-big-end-bearing-351-windsor,BB608J00,"Enginetech Big end Bearing 351 Windsor"
https://allamericanmuscle.co.za/wp-content/uploads/2026/06/9bd0a7c8-d1c0-4466-b270-b6781765ac73.webp,main-bearing-ford-5-8l-351-cleveland,BC293J020,"MAIN BEARING FORD 5.8L 351 CLEVELAND"
https://allamericanmuscle.co.za/wp-content/uploads/2026/06/03ea3bf4-3ff6-4e68-9d8b-9a701d7cbc65.webp,enginetech-ford-351-cleveland-main-bearing-0-30mm,BC293J030,"Enginetech Ford 351 Cleveland Main Bearing (0.30mm"
https://allamericanmuscle.co.za/wp-content/uploads/2026/06/9bd0a7c8-d1c0-4466-b270-b6781765ac73.webp,enginetech-sbc-main-bearing-large-journal-0-40mm,BC296J040,"Enginetech SBC Main Bearing Large Journal (0.40mm)"
https://allamericanmuscle.co.za/wp-content/uploads/2026/06/EP83.webp,enginetech-oil-pump-351-windsor,EP83,"Enginetech Oil Pump 351 Windsor"
https://allamericanmuscle.co.za/wp-content/uploads/2026/06/IS84A.webp,enginetech-ford-351-cleveland-oil-pump-shaft,IS84A,"Enginetech Ford 351 Cleveland Oil Pump Shaft"
https://allamericanmuscle.co.za/wp-content/uploads/2026/06/35883487-5078-4d69-8114-eb47097432bb.webp,enginetech-sbc-rod-bearing-large-journal-0-20mm,BB253J020,"Enginetech SBC Rod Bearing Large Journal (0.20mm)"
https://allamericanmuscle.co.za/wp-content/uploads/2026/06/94fe3494-4c2f-4c90-9052-804313375304.webp,enginetech-4-inch-bore-rings-for-amc-chrysler-4-06,R40058-060,"Enginetech 4 inch Bore Rings For AMC Chrysler (4.06"
https://allamericanmuscle.co.za/wp-content/uploads/2026/06/S55S1.webp,enginetech-oil-pump-pickup-screen-gm-sbc,S55S1,"Enginetech Oil Pump Pickup Screen GM SBC"
https://allamericanmuscle.co.za/wp-content/uploads/2026/06/TS494C.webp,enginetech-timing-set-ford-351-cleveland,TS494C,"Enginetech Timing Set Ford 351 Cleveland"
https://allamericanmuscle.co.za/wp-content/uploads/2026/06/a25d4290-0c55-454f-9ce0-f818723a9b8a.webp,enginetech-ford-289382-windsor-rod-bearing-set-0,BB214J030,"Enginetech Ford 289382 Windsor Rod Bearing Set (0."
https://allamericanmuscle.co.za/wp-content/uploads/2026/06/d2e24273-9a2a-49e9-9f92-263f2d644c11.webp,enginetech-sbc-rod-bearing-set-0-40mm,BB253J040,"Enginetech SBC Rod Bearing Set (0.40mm)"
https://allamericanmuscle.co.za/wp-content/uploads/2026/06/f029e05d-c41d-492c-97b3-2edccf711ca6.webp,enginetech-big-end-bearing-351-windsor-2,BB608J10,"Enginetech Big end Bearing 351 Windsor"
https://allamericanmuscle.co.za/wp-content/uploads/2026/06/cf71908a-d8d2-4b3c-9c76-492ae782aebf.webp,enginetech-big-end-bearing-351-windsor-3,BB608J30,"Enginetech Big end Bearing 351 Windsor"
https://allamericanmuscle.co.za/wp-content/uploads/2026/06/86a77015-6707-45c6-841c-0e5c5c325391.webp,enginetech-ford-289302-windsor-main-bearing-0-20m,BC240J020,"Enginetech Ford 289302 Windsor Main Bearing (0.20m"
https://allamericanmuscle.co.za/wp-content/uploads/2026/06/97068f0a-d4a6-4f05-ba45-bb6532e5f9bd.webp,enginetech-ford-289302-windsor-main-bearing-0-30m,BC240J030,"Enginetech Ford 289302 Windsor Main Bearing (0.30m"
https://allamericanmuscle.co.za/wp-content/uploads/2026/06/6f619792-4eb6-48f2-986b-1ac8e3e05480.webp,enginetech-main-bearing-gm-chevy-small-block-large,BC296JSTD,"Enginetech Main Bearing GM Chevy Small Block Large"
https://allamericanmuscle.co.za/wp-content/uploads/2026/06/e53cf686-cafc-4017-b68f-c9bf7dc2686b.webp,enginetech-ford-351-windsor-main-bearings-4,BC306J30,"Enginetech Ford 351 Windsor Main bearings"
https://allamericanmuscle.co.za/wp-content/uploads/2026/06/CC448-1.webp,enginetech-camshaft-bearing-351-cleveland,CC448,"Enginetech camshaft bearing 351 Cleveland"
https://allamericanmuscle.co.za/wp-content/uploads/2026/06/a17e96ba-b402-4fd8-9c39-ae9c272bc17b.webp,enginetech-main-bearing-gm-chevy,BC296J030,"EngineTech Main Bearing GM Chevy"
https://allamericanmuscle.co.za/wp-content/uploads/2026/06/bba41697-737e-4345-8195-dd95485cb279.webp,tim-set-gm-chevy-283-305-327-350-383-400-dbl-rl-3-k,TS163X,"Tim Set GM Chevy 283 305 327 350 383 400 Dbl Rl 3 K"
https://allamericanmuscle.co.za/wp-content/uploads/2026/06/85a30140-7249-4f6a-85e2-404e51c2235a.webp,enginetech-ford-289302-windsor-rod-bearing-0-40mm,BB214J040,"Enginetech Ford 289302 Windsor Rod Bearing (0.40mm"
https://allamericanmuscle.co.za/wp-content/uploads/2026/06/de10896c-ca4c-42d6-b6e1-9d3faa898c8c.webp,enginetech-ford-289302-windsor-main-bearing-0-40m,BC240J040,"Enginetech Ford 289302 Windsor Main Bearing (0.40m"
https://allamericanmuscle.co.za/wp-content/uploads/2026/06/092a4c46-7822-432a-9755-7c7bf273571f.webp,enginetech-ford-351c-main-bearing-standard,BC293JSTD,"Enginetech Ford 351C Main Bearing (Standard)"
https://allamericanmuscle.co.za/wp-content/uploads/2026/06/42b1e07d-1418-4d1d-8254-49df05ba0dde.webp,enginetech-4-inch-bore-piston-rings-for-amc-chrysler,R40058-040,"Enginetech 4 inch Bore Piston Rings For AMC Chrysler"
https://allamericanmuscle.co.za/wp-content/uploads/2026/06/98312370-b869-4542-8259-fcf1252c0266.webp,rod-brng-ford-5-8l-351-windsor,BB608J020,"ROD BRNG FORD 5.8L 351 WINDSOR"
https://allamericanmuscle.co.za/wp-content/uploads/2026/06/BB607J020-scaled-2.webp,enginetech-ford-351-cleveland-rod-bearing-0-10mm,BB607J10,"Enginetech Ford 351 Cleveland Rod Bearing (0.10mm)"
https://allamericanmuscle.co.za/wp-content/uploads/2026/06/66c99109-f1fe-46f8-b0fc-d1181d684299.webp,enginetech-big-end-bearing-351-windsor-4,BB608J40,"Enginetech Big end Bearing 351 Windsor"
https://allamericanmuscle.co.za/wp-content/uploads/2026/06/89cb6906-ac78-4d3a-8b92-61fa4d18c6a8.webp,enginetech-main-bearing-chevy-small-block-large-jou,BC296J020,"Enginetech Main Bearing Chevy Small Block Large Jou"
https://allamericanmuscle.co.za/wp-content/uploads/2026/06/29652e8c-f651-4eec-a3a0-a183e335948e.webp,gasket-gm-chevy,C350-1,"Gasket GM Chevy"
https://allamericanmuscle.co.za/wp-content/uploads/2026/06/cac3df5b-fc38-45d3-b578-c34cea7fc262.webp,cam-bearing-chevy,CC400,"Cam Bearing Chevy"
https://allamericanmuscle.co.za/wp-content/uploads/2026/06/PK10B.webp,enginetech-cleveland-plug-kit,PK10B,"Enginetech Cleveland Plug Kit"
https://allamericanmuscle.co.za/wp-content/uploads/2026/06/b33fa8e5-4c80-4081-9bfc-08e50679e1e8.webp,enginetech-ford-rear-main-seal,SO144,"Enginetech Ford Rear Main Seal"
https://allamericanmuscle.co.za/wp-content/uploads/2026/06/173b6d09-2cf3-484a-a0c8-92525514602f.webp,enginetech-4-inch-bore-rings-for-amc-chrysler-4-02,R40058-020,"Enginetech 4 inch Bore Rings For AMC Chrysler (4.02"
https://allamericanmuscle.co.za/wp-content/uploads/2026/06/1211.webp,fel-pro-performance-intake-manifold-gasket-sets,FEL-1211,"Fel-Pro Performance Intake Manifold Gasket Sets"
https://allamericanmuscle.co.za/wp-content/uploads/2026/06/39269d48-68c3-4a19-8ea3-82c4d28bf003.webp,fel-pro-performance-carb-4-hole-gaskets,FEL-1901,"Fel Pro Performance Carb 4 Hole Gaskets"
https://allamericanmuscle.co.za/wp-content/uploads/2026/06/26b32637-777f-4e96-b380-9c03938b2fa0.webp,fel-pro-6-cylinder-gmc-oil-pan-gasket,OS13881C-1,"Fel-Pro 6 Cylinder GMC Oil Pan Gasket"
https://allamericanmuscle.co.za/wp-content/uploads/2026/06/a1e8e8ef-a13e-4e01-874e-82cea908f4fe.webp,fel-pro-valve-cover-gasket-bbc,VS30055R,"Fel-Pro Valve Cover Gasket BBC"
https://allamericanmuscle.co.za/wp-content/uploads/2026/06/519d7c5f-09bc-40b2-9a65-91c524ff6522.webp,valve-cover-gaskets-for-hemi-gen-ii-set,VS50007C,"Valve Cover Gaskets For Hemi Gen II Set"
https://allamericanmuscle.co.za/wp-content/uploads/2026/06/302-100.webp,ford-windsor-racing-stamped-steel-valve-covers-sa,302-100,"Ford Windsor Racing Stamped Steel Valve Covers SA"
https://allamericanmuscle.co.za/wp-content/uploads/2026/04/product20287629.webp,ford-racing-slant-edge-valve-covers-black-crinkle,302-135,"Ford Racing Slant Edge Valve Covers Black Crinkle"
https://allamericanmuscle.co.za/wp-content/uploads/2026/06/de590d6f-1d1a-46d2-9c89-de084eec3c31.webp,holley-single-stage-valve-std,125-25,"Holley Single Stage Valve STD"
https://allamericanmuscle.co.za/wp-content/uploads/2026/06/bd6990aa-6e3b-471f-869b-d4e767a79184.webp,holley-needle-steel-seat-size-0-150-adjustable,HLY-6-519-2,"HOLLEY Needle Steel Seat Size 0.150, Adjustable"
https://allamericanmuscle.co.za/wp-content/uploads/2026/06/85db47fb-e75d-4d49-b00c-00cfcfea1373.webp,holley-gm-ls-dipstick-and-tube-kit,HLY-302-16,"Holley GM LS Dipstick and Tube Kit"
https://allamericanmuscle.co.za/wp-content/uploads/2026/06/b42f1d67-eed5-444a-a08f-13d8dde03f0f.webp,holley-performance-vacuum-cap-assortment,HLY-26-105,"Holley Performance Vacuum Cap Assortment"
https://allamericanmuscle.co.za/wp-content/uploads/2026/06/HUU-3162014.webp,hurst-pistol-grip-quarter-stick-shifter-c4-c6,HUS-3162014,"Hurst Pistol-Grip Quarter Stick Shifter C4/C6"
https://allamericanmuscle.co.za/wp-content/uploads/2026/06/b25cdfd5-91f0-4038-abf5-4c34027d85eb.webp,lokar-midnight-series-parking-brake-handle-boots,LOK-X 70-EHBF,"Lokar Midnight Series Parking Brake Handle Boots"
https://allamericanmuscle.co.za/wp-content/uploads/2026/06/33e48b5a-8c9a-40a5-a1ed-8ead07fe9c6f.webp,lokar-hi-tech-chevy-carburetor-th350-automatic-kickdown,LOK-KDP-2350HT,"Lokar Hi-Tech Chevy Carburetor TH350 Automatic Kickdown"
https://allamericanmuscle.co.za/wp-content/uploads/2026/06/LOK-KDP-2400HT.webp,lokar-hi-tech-chevy-carburetor-th400-automatic,LOK-KDP-2400HT,"Lokar Hi-Tech Chevy Carburetor TH400 Automatic"
https://allamericanmuscle.co.za/wp-content/uploads/2026/06/335f0e6a-a4d4-4aa0-9683-0cb3879c8288.webp,lokar-hi-tech-ford-carburetor-c6-automatic-kickdown,LOK-KDP-20C6HT,"Lokar Hi-Tech Ford Carburetor C6 Automatic Kickdown"
https://allamericanmuscle.co.za/wp-content/uploads/2026/06/LOK-KDP-2727HT.webp,lokar-hi-tech-kickdown-kit-chrysler-carburetor-torqueflite-727,LOK-KDP-2727HT,"Lokar Hi-Tech kickdown kit – Chrysler Carburetor Torqueflite 727"
https://allamericanmuscle.co.za/wp-content/uploads/2026/06/cfd8e571-98ed-4a93-a7be-75615edb2cf9.webp,mahle-bbc-sump-gasket,MA-OS3020Y,"Mahle BBC Sump Gasket"
https://allamericanmuscle.co.za/wp-content/uploads/2026/06/1568892e-1905-4ecc-9a20-60d8779e0520.webp,mallory-rotor-screw-down-cap-sbc,MY-308,"Mallory Rotor Screw Down Cap SBC"
https://allamericanmuscle.co.za/wp-content/uploads/2026/06/150103.webp,mastodon-racing-mini-starter-sb-bb-chevy,MMR-150103,"Mastodon Racing Mini Starter SB/BB Chevy"
https://allamericanmuscle.co.za/wp-content/uploads/2026/06/4259834_L1600_3ea06578-2502-4c18-9b13-d712b09702c0.webp,mastodon-600cfm-carburetor-holley-style,MMR-1112-P,"Mastodon 600CFM Carburetor [Holley-Style]"
https://allamericanmuscle.co.za/wp-content/uploads/2026/06/51245B-1.webp,mastodon-chevy-ls-8mm-135-degree-plug-boots-black,MMR-5124-B,"Mastodon Chevy LS 8mm 135 Degree Plug Boots BLACK"
https://allamericanmuscle.co.za/wp-content/uploads/2026/06/491GMLS3003_L1600_ae6eaa9b-9b49-425d-a3c4-9fe7ffad5b1e.webp,mastodon-chevy-ls-adaptercathedral-port-to-rectangular,MMR-1076-SR,"Mastodon Chevy LS Adapter,Cathedral Port to Rectangular"
https://allamericanmuscle.co.za/wp-content/uploads/2026/06/MMSI-AT25048-1.webp,mastodon-ls-rocker-arms-trunnion-kit-for-chevy,MMR-25048,"Mastodon LS Rocker Arms Trunnion Kit for Chevy"
https://allamericanmuscle.co.za/wp-content/uploads/2026/06/91018040_L1600_fdf8f2d8-a285-49d4-b7dc-67652cb0f1d8.webp,mastodon-chevy-engine-mounting-black-polyurethane-3-bolt,MMR-43011-Bk,"Mastodon Chevy Engine Mounting Black Polyurethane 3 Bolt"
https://allamericanmuscle.co.za/wp-content/uploads/2026/06/91015710_L1600_6fee8f66-866a-4d17-8fbf-8dd0fc2f7f43.webp,mastodon-radiator-coolant-water-tank,MMR-5090-BK,"Mastodon Radiator Coolant Water Tank"
https://allamericanmuscle.co.za/wp-content/uploads/2026/04/Mastodon20Block20Hugger20Headers2CFord20Windsor20289-351.webp,mastodon-block-hugger-headersford-windsor-289-351,MMR-FO-007,"Mastodon Block Hugger Headers,Ford Windsor 289-351"
https://allamericanmuscle.co.za/wp-content/uploads/2026/04/product20285229.webp,mastodon-7inch-led-headlight-black,MMR-LY-7-2G-004,"Mastodon 7inch LED Headlight Black"
https://allamericanmuscle.co.za/wp-content/uploads/2026/06/LY-5080-7-CH-1.webp,mastodon-chrome-7-inch-led-headlight,MMR-LY-HL-001-X-CH,"Mastodon Chrome 7 inch LED Headlight"
https://allamericanmuscle.co.za/wp-content/uploads/2026/06/188TB2102_L850_cd48b0fd-2fc9-44bc-b048-c7a71077409e.webp,mastodon-corvette-tach-circuit-board-80-82-green,MMR-25-284967-1,"Mastodon Corvette Tach Circuit Board 80-’82 Green"
https://allamericanmuscle.co.za/wp-content/uploads/2026/06/92511900_L1600_9a029127-f9f1-4f02-953a-9d9341fcee7b.webp,mastodon-carb-air-scoop,MMR-5F02S,"Mastodon Carb Air Scoop"
https://allamericanmuscle.co.za/wp-content/uploads/2026/06/MM-SBC195-PRO-2.webp|https://allamericanmuscle.co.za/wp-content/uploads/2026/06/MM-SBC195-PRO-3.webp|https://allamericanmuscle.co.za/wp-content/uploads/2026/06/MM-SBC195-PRO-4.webp|https://allamericanmuscle.co.za/wp-content/uploads/2026/06/MM-SBC195-PRO.webp,mastodon-pro-series-sbc-cylinder-heads-195cc-intake-pair,MMR-SBC 195-PRO,"Mastodon Pro Series SBC Cylinder Heads 195cc Intake (Pair)"
https://allamericanmuscle.co.za/wp-content/uploads/2026/06/2897002-BLK_L1600_e8d7af5b-08e3-4d66-844b-408f678388ff.webp,mastodon-chevy-ls-starter-12v-9t-10mt-chevrolet,MMR-2001,"Mastodon Chevy LS Starter 12V 9T 10MT Chevrolet"
https://allamericanmuscle.co.za/wp-content/uploads/2026/06/466364015_L_502992e5-3c27-403d-b2d6-640756f46cff.webp,mastodon-sbc-pulley-kit-d,MMR-0S01280-SR,"Mastodon SBC Pulley Kit (D)"
https://allamericanmuscle.co.za/wp-content/uploads/2026/06/MM-KD1009-1.jpg,mastodon-throttle-body-gm-ls-92mm-for-lsxr-intake,MMR-1009-SL,"Mastodon Throttle Body GM, LS 92mm, for LSXR Intake"
https://allamericanmuscle.co.za/wp-content/uploads/2026/06/MM-KD1023BK.webp,mastodon-aluminum-billet-drive-by-wire-throttle-body,MMR-1023-BK,"Mastodon Aluminum Billet Drive-By-Wire Throttle Body"
https://allamericanmuscle.co.za/wp-content/uploads/2026/06/IM0132S.webp,ls-v8-aluminum-high-performance-intake-manifold,MMR-0132-S,"LS V8 Aluminum High Performance Intake Manifold"
https://allamericanmuscle.co.za/wp-content/uploads/2026/06/KD1610-1.webp,mastodon-racing-radiator-cap,MMR-1626,"Mastodon Racing Radiator Cap"
https://allamericanmuscle.co.za/wp-content/uploads/2026/06/2611011_L1600_a018b3f7-026a-44d3-975c-a4832412dcc6.webp,mastodon-quick-release-kit-hood-pin-pattern,MMR-6081,"Mastodon Quick Release Kit Hood Pin Pattern"
https://allamericanmuscle.co.za/wp-content/uploads/2026/06/VS-30055-R-1.webp,mastodon-bbc-valve-cover-cork-gasket,MMR-2853,"Mastodon BBC Valve Cover Cork Gasket"
https://allamericanmuscle.co.za/wp-content/uploads/2026/06/3257564.webp,mastodon-rpm-air-gap-intake-manifold-ford-351c,MMR-3257564,"Mastodon RPM Air Gap Intake Manifold Ford 351C"
https://allamericanmuscle.co.za/wp-content/uploads/2026/06/757M909H_L_81b30685-ad33-4275-8b10-1b6a5f2c4315.webp,mastodon-0-25mm-oversized-jeep-3-6-main-bearing,MMR-36-43050,"Mastodon 0.25mm oversized Jeep 3.6 Main Bearing"
https://allamericanmuscle.co.za/wp-content/uploads/2026/06/G26422A-1.webp,mastodon-c6-transmission-filter,MMR-36423,"Mastodon C6 Transmission Filter"
https://allamericanmuscle.co.za/wp-content/uploads/2026/06/MM-KD4142.webp,mastodon-2inch-stainless-steel-v-band-flange-clamp,MMR-4142,"Mastodon 2inch Stainless Steel V-Band Flange Clamp"
https://allamericanmuscle.co.za/wp-content/uploads/2026/06/MM-KD4142-1.webp,mastodon-3-inch-stainless-steel-v-band-flange-clamp,MMR-4146,"Mastodon 3 inch Stainless Steel V-Band Flange Clamp"
https://allamericanmuscle.co.za/wp-content/uploads/2026/06/MMSI-AT58001-1.webp,mastodon-sbc-80-85-oil-pan-gasket-1-piece-rubber,MMR-58002,"Mastodon SBC 80-85 Oil Pan Gasket 1 Piece Rubber"
https://allamericanmuscle.co.za/wp-content/uploads/2026/06/SI-AT58024-1.webp,mastodon-carburetor-spacer-4-bbl-2-ported-pheno,MMR-58024-B,"Mastodon Carburetor Spacer, 4 BBL, 2″ Ported Pheno"
https://allamericanmuscle.co.za/wp-content/uploads/2026/06/MB5840SI-3.webp,mastodon-main-bearing-set-mopar-5-7l-hemi,MMR-5840-SI,"Mastodon Main Bearing Set – Mopar 5.7L HEMI"
https://allamericanmuscle.co.za/wp-content/uploads/2026/06/91603204_L1600_4785aedf-f143-4852-a0f1-f8944d7514e9.webp,mastodon-c6-transmission-pan-chrome,MMR-7601,"Mastodon C6 Transmission Pan Chrome"
https://allamericanmuscle.co.za/wp-content/uploads/2026/06/sum-370980_eh_xl.webp,mastodon-sbc-thermostat,MMR-300-160,"Mastodon SBC Thermostat"
https://allamericanmuscle.co.za/wp-content/uploads/2026/06/MMSI-AT11291-1.webp,mastodon-stainless-engine-bolt-kit-set,MMR-11291,"Mastodon Stainless Engine Bolt Kit Set"
https://allamericanmuscle.co.za/wp-content/uploads/2026/06/sum-239044b_uy_xl.webp,mastodon-air-cleaner-oval-half-finned-polished-al,MMR-26317-BK,"Mastodon Air Cleaner, Oval Half Finned Polished Al"
https://allamericanmuscle.co.za/wp-content/uploads/2026/06/91064084_L1600_5645e6e1-e1e7-463e-a649-d359f9dc4ff1.webp,mastodon-exhaust-flame-thrower-kit,MMR-3102,"Mastodon Exhaust Flame Thrower Kit"
https://allamericanmuscle.co.za/wp-content/uploads/2026/06/480223_L700_c5bb902c-b79b-47cd-be5c-39dbcb881ff1.webp,mastodon-fender-washer-neochrome,MMR-6066-NE,"Mastodon Fender Washer Neochrome"
https://allamericanmuscle.co.za/wp-content/uploads/2026/06/MMSI-AT12037.webp,mastodon-ls-engine-36-stainless-braided-throttle-cable,MMR-12037,"Mastodon LS Engine 36″ Stainless Braided Throttle Cable"
https://allamericanmuscle.co.za/wp-content/uploads/2026/06/SBF-185-Cylinder-Head-Assembled-1.webp,mastodon-sbc-180cc-cylinder-head-assembled,MMR-SBC-180-PRO,"Mastodon SBC 180CC Cylinder Head Assembled"
https://allamericanmuscle.co.za/wp-content/uploads/2026/06/20080840_L1450_8e392a51-ecd7-48cf-a643-ec0df2fcd438.webp,mastodon-gm-automatic-shifter-pro-ratchet-aluminum,MMR-80842,"Mastodon GM Automatic Shifter, Pro Ratchet, Aluminum"
https://allamericanmuscle.co.za/wp-content/uploads/2026/06/100.9152-1.webp,mastodon-aluminium-radiator-3-row-ford-30,MMR-2931,"Mastodon Aluminium Radiator -3 Row Ford 30″"
https://allamericanmuscle.co.za/wp-content/uploads/2026/06/pio-pb-50-j_xl.webp,mastodon-pilot-bushings,RAM-BU656,"Mastodon Pilot Bushings"
https://allamericanmuscle.co.za/wp-content/uploads/2026/06/2896510-BLU_L1600_6dbd1c49-e6fb-4152-a24c-de1fda263906.webp,mastodon-ford-hei-351c,MMR-F351C,"Mastodon Ford HEI 351C"
https://allamericanmuscle.co.za/wp-content/uploads/2026/06/G13265X-1.webp,mastodon-c4-transmission-gasket-sbf-cork,MMR-13265X,"Mastodon C4 Transmission Gasket SBF Cork"
https://allamericanmuscle.co.za/wp-content/uploads/2026/06/MMSI-AT25051.webp,mastodon-alternator-bracket-lwp-small-block-chevy,MMR-25051,"Mastodon Alternator Bracket LWP Small Block Chevy"
https://allamericanmuscle.co.za/wp-content/uploads/2026/06/rfl-6002_xl.webp,mastodon-header-gasket-for-58-78-big-block-chrysler,MMR-3814,"Mastodon Header Gasket For 58-78 Big Block Chrysler"
https://allamericanmuscle.co.za/wp-content/uploads/2026/06/100-3903-HINGE.webp,mastodon-aluminium-hood-hinges-1971-1973-mustang,MMR-3902-SL,"Mastodon Aluminium Hood Hinges (1971-1973 Mustang)"
https://allamericanmuscle.co.za/wp-content/uploads/2026/06/brg-053449_yv_xl.webp,mastodon-steering-coupler-rag-joint-power-manual,MMR-45033,"Mastodon Steering Coupler Rag Joint, Power & Manual"
https://allamericanmuscle.co.za/wp-content/uploads/2026/06/MMSI-AT25050-1.webp,mastodon-alternator-bracket,MMR-47026,"Mastodon Alternator Bracket"
https://allamericanmuscle.co.za/wp-content/uploads/2026/06/91015710_L1600_6fee8f66-866a-4d17-8fbf-8dd0fc2f7f43-1.webp,mastodon-aluminum-radiator-coolant-water-tank-2l,MMR-5090-SR,"Mastodon Aluminum Radiator Coolant Water Tank, 2L"
https://allamericanmuscle.co.za/wp-content/uploads/2026/06/SI-AT75025-1.webp,mastodon-valve-covers-tall-aluminium-satin-black-ls,MMR-75009,"Mastodon Valve Covers, Tall Aluminium, Satin Black LS"
https://allamericanmuscle.co.za/wp-content/uploads/2026/06/100-8404-1.webp,mastodon-universal-window-handles-3-inch-chrome,MMR-8236,"Mastodon Universal Window Handles 3 inch Chrome"
https://allamericanmuscle.co.za/wp-content/uploads/2026/06/23573000_L1600_e42c799a-690c-48c7-a037-cb6951de212c.webp,mastodon-ls3-15-degree-bare-cylinder-head,MMR-BCH,"Mastodon LS3 15 degree bare cylinder head"
https://allamericanmuscle.co.za/wp-content/uploads/2026/06/GW-EW004-63-1.webp,mastodon-exhaust-cut-out-stainless-steel-304-2-5,MMR-GW-63,"Mastodon Exhaust Cut-Out, Stainless Steel 304, 2.5"
https://allamericanmuscle.co.za/wp-content/uploads/2026/06/9100233_L1000_75afa80c-2deb-46df-bc54-c4226ad2734b.webp,mastodon-hood-hinge-67-72-chevy-truck,MMR-6772,"Mastodon Hood Hinge 67-72 Chevy Truck"
https://allamericanmuscle.co.za/wp-content/uploads/2026/06/92625378_L_853b2389-e450-44f5-aa33-853ed6014812.webp,mastodon-hood-hinge-73-79-ford-truck,MMR-7379,"Mastodon Hood Hinge 73-79 Ford Truck"
https://allamericanmuscle.co.za/wp-content/uploads/2026/06/92633826_L1600_a75eb0f3-d0a0-47e3-ae91-58dedbebcdb4.webp,mastodon-7-inch-led-headlight-white-amber-halo-chro,MMR-LY-HL-002-X-CH,"Mastodon 7 inch LED Headlight White Amber Halo Chro"
https://allamericanmuscle.co.za/wp-content/uploads/2026/06/92633826_L1600_a75eb0f3-d0a0-47e3-ae91-58dedbebcdb4-1.webp,mastodon-led-turning-light-with-angel-eye,MMR-LY-TL-002,"Mastodon LED Turning Light with Angel eye"
https://allamericanmuscle.co.za/wp-content/uploads/2026/06/2891024_L1600_6422c649-67f8-4436-821b-49192f871e27.webp,mastodon-gm-ls-alternator,MMR-91602,"Mastodon GM LS Alternator"
https://allamericanmuscle.co.za/wp-content/uploads/2026/06/91123332_L1600_37083fc6-9f9f-42c9-808e-b1b4ba6a97e7.webp,mastodon-power-window-kit-2-door,MMR-PW-810,"Mastodon Power Window Kit, 2 Door"
https://allamericanmuscle.co.za/wp-content/uploads/2026/06/9108614_L1600_c79eadbb-9237-47ec-b8b5-5fd065b52889.webp,mastodon-accessory-brackets-gm-small-block-saginaw-adj,MMR-25027,"Mastodon Accessory Brackets, Gm Small Block Saginaw Adj"
https://allamericanmuscle.co.za/wp-content/uploads/2026/06/919-19-411-1.webp,mastodon-9-ford-ring-pinion-4-11-gear-ratio-set,MMR-9&#8242;-411,"Mastodon 9 Ford Ring & Pinion 4.11 Gear Ratio Set"
https://allamericanmuscle.co.za/wp-content/uploads/2026/06/diff-9in-28-spline-lsd.webp,mastodon-9-28-spline-limited-slip-carrier,MMR-9&#8243;-28-LSD,"Mastodon 9″ 28 Spline Limited Slip Carrier"
https://allamericanmuscle.co.za/wp-content/uploads/2026/06/MMSI-AT25066.webp,mastodon-universal-steel-battery-tray-holder,MMR-25066,"Mastodon Universal Steel Battery Tray Holder"
https://allamericanmuscle.co.za/wp-content/uploads/2026/06/MM-KD4434-1.jpg,mastodon-oil-cooler-mounting-bracket,MMR-4434,"Mastodon Oil Cooler Mounting Bracket"
https://allamericanmuscle.co.za/wp-content/uploads/2026/06/91140233_L1600_83f402ee-fb3b-40d2-9adf-a629dd50909d.webp,mastodon-electrical-efi-fuel-pump-4-bar-silver,MMR-3273,"Mastodon Electrical EFI Fuel Pump 4 BAR Silver"
https://allamericanmuscle.co.za/wp-content/uploads/2026/06/58231000_L_4c36f51f-5d00-471b-a204-ae4321516022.webp,mastodon-coilovers-set-for-lumina,MMR-Coil-Lu,"Mastodon Coilovers Set for Lumina"
https://allamericanmuscle.co.za/wp-content/uploads/2026/06/MMBK-6291.webp,mastodon-casting-valve-covers-for-sb-ford-289-302-polished,MMR-6291,"Mastodon Casting Valve Covers For SB Ford 289/302 Polished"
https://allamericanmuscle.co.za/wp-content/uploads/2026/06/2561147046-STN1-1.webp,mastodon-intake-manifold-dual-plane-alum-sbf-351,MMR-2561147046-STN,"Mastodon Intake Manifold, Dual Plane Alum, SBF 351"
https://allamericanmuscle.co.za/wp-content/uploads/2026/06/MMSI-AT32002-2.webp,mastodon-fan-controller-kit,MMR-32002,"Mastodon Fan Controller Kit"
https://allamericanmuscle.co.za/wp-content/uploads/2026/06/MMR6121.webp,mastodon-sbc-2-piece-rear-main-gasket-set,MMR-6121,"Mastodon SBC 2 Piece Rear Main Gasket set"
https://allamericanmuscle.co.za/wp-content/uploads/2026/06/BR-5560-10LX-Z.webp,mastodon-disc-brake-rotor-ventilated-drilled-slotted,MMR-BD-5560-,"Mastodon Disc Brake Rotor (Ventilated, Drilled & Slotted)"
https://allamericanmuscle.co.za/wp-content/uploads/2026/06/H16695C.webp,tf8fmxc6-extension-housing-seal,MMR-16695,"TF8,FMX,C6 Extension Housing Seal"
https://allamericanmuscle.co.za/wp-content/uploads/2026/06/MMR73001.webp,mastodon-intake-manifold-bbc-with-oval-ports,MMR-73001,"Mastodon Intake Manifold BBC with Oval Ports"
https://allamericanmuscle.co.za/wp-content/uploads/2026/06/atp-so22_xl.webp,mastodon-th400-4l80e-extension-housing-oil-seal-large-od-pre,MMR-34743,"Mastodon TH400/4L80E Extension Housing Oil Seal (Large) OD (pre)"
https://allamericanmuscle.co.za/wp-content/uploads/2026/06/91032631_L1600_b91f3770-b316-469a-8d62-155a00dfaf97.webp,mastodon-steering-column-floor-mount-2-diameter,MMR-200350,"Mastodon Steering Column Floor Mount 2 Diameter"
https://allamericanmuscle.co.za/wp-content/uploads/2026/06/MMR7489-1.webp,mastodon-tall-alum-finned-valve-cover-1958-86-sbc-w-hole,MMR-6181,"Mastodon Tall Alum Finned Valve Cover 1958-86 SBC w/ Hole"
https://allamericanmuscle.co.za/wp-content/uploads/2026/06/1005-1.webp,mastodon-h-groove-lock-and-key-set-for-camaro-che,MMR-10053,"Mastodon H Groove Lock and Key Set for Camaro, Che"
https://allamericanmuscle.co.za/wp-content/uploads/2026/06/spe-4273_xl.webp,mastodon-oil-breather-cap-twist-on-chrome,MMR-11373,"Mastodon Oil Breather Cap, Twist On, Chrome,"
https://allamericanmuscle.co.za/wp-content/uploads/2026/06/edl-43662_oh_xl-1.webp,mastodon-air-cleaner-filter-element-14x3-blue,MMR-20047-BL,"Mastodon Air Cleaner Filter Element, 14″x3″ , Blue"
https://allamericanmuscle.co.za/wp-content/uploads/2026/06/SI-AT25012.webp,power-steering-bracket-universal,MMR-25012,"Power steering bracket universal"
https://allamericanmuscle.co.za/wp-content/uploads/2026/06/100-3903-HINGE-1.webp,mastodon-hood-hinge-1971-1973-mustang-billet-alu,MMR-3902-BK,"Mastodon Hood Hinge, 1971-1973 Mustang, Billet Alu"
https://allamericanmuscle.co.za/wp-content/uploads/2026/06/brg-013449_xl.webp,mastodon-steering-u-joint-coupler-3-4-36-spline-x,MMR-45014,"Mastodon Steering U Joint Coupler, 3/4-36 Spline X"
https://allamericanmuscle.co.za/wp-content/uploads/2026/06/MMSI-AT25050-2.webp,mastodon-alternator-bracket-2,MMR-47025,"Mastodon Alternator Bracket"
https://allamericanmuscle.co.za/wp-content/uploads/2026/06/MMR8491P.webp,mastodon-2-1-4-inch-finned-transmission-oil-pan-th350,MMR-8491-P,"Mastodon 2-1/4 Inch Finned Transmission Oil Pan TH350"
https://allamericanmuscle.co.za/wp-content/uploads/2026/06/9104711_L_ab17001b-79e7-4f62-992e-aafe0c24d692.webp,mastodon-universal-fuel-log-8-20-9-16-20-black-a,MMR-5581-BK,"Mastodon Universal Fuel Log 8-20 & 9/16-20 Black A"
https://allamericanmuscle.co.za/wp-content/uploads/2026/06/14-1-scaled-1.webp,14-billet-black-spoke-steering-wheel-9-hole-mastodon,MMR-82017,"14″ billet black spoke steering wheel (9-Hole) Mastodon"
https://allamericanmuscle.co.za/wp-content/uploads/2026/06/mrg-8693_xl.webp,mastodon-gm-powerglide-gasket-cork,MMR-PG-GC,"Mastodon GM Powerglide Gasket Cork"
https://allamericanmuscle.co.za/wp-content/uploads/2026/06/mor-93103_wk_xl.webp,mastodon-th400-sump-gasket-black-rubber,MMR-TH400-GR,"Mastodon TH400 Sump Gasket Black Rubber"
https://allamericanmuscle.co.za/wp-content/uploads/2026/06/91631992_L1600_054ced7e-ef45-48e9-a7e1-8ef04cd096c7.webp,mastodon-manual-brake-pedal,MMR-MBP001,"Mastodon Manual Brake Pedal"
https://allamericanmuscle.co.za/wp-content/uploads/2026/06/Mastodon-Steering-mount.webp,mastodon-steering-column-floor-mount,MMR-25091,"Mastodon Steering Column Floor Mount"
https://allamericanmuscle.co.za/wp-content/uploads/2026/06/SBF-185-Cylinder-Head-Assembled-2.webp,mastodon-sbf-185-cylinder-head-ass,MMR-SBF-185-PRO,"Mastodon SBF-185 Cylinder Head Ass"
https://allamericanmuscle.co.za/wp-content/uploads/2026/06/3951105_L1600_bb18cfbe-f91c-4283-9be5-0ba21f7da230.webp,mastodon-electric-power-steering-volvo-c30-s40-v50,MMR-36050678,"Mastodon Electric Power Steering, Volvo C30 / S40 / V50"
https://allamericanmuscle.co.za/wp-content/uploads/2026/06/91067210_L1450_7489f46b-4409-4107-88a9-6069d6b2f9aa.webp,mastodon-starter-12v-9t-ford-f100-f250-usa-short-nose,MMR-FSS-8001,"Mastodon Starter 12V 9T Ford F100/F250 USA Short Nose"
https://allamericanmuscle.co.za/wp-content/uploads/2026/06/100-9192-Mastodon-Radiator-Upper-Outlet-Left-40-Lower-Outlet-1.webp,mastodon-champion-radiator-upper-outlet-left-35-lo,MMR-9190,"Mastodon Champion Radiator Upper Outlet Left 35 Lo"
https://allamericanmuscle.co.za/wp-content/uploads/2026/06/MM-KD1009-2.webp,mastodon-throttle-body-92mm-black,MMR-1009-BK,"Mastodon Throttle Body, 92Mm, Black"
https://allamericanmuscle.co.za/wp-content/uploads/2026/06/91017164_L1600_70ae52a8-6791-4f67-8f66-4c887e0146dd.webp,mastodon-bbc-chevy-valve-covers,MMR-6280-B,"Mastodon BBC Chevy Valve Covers"
https://allamericanmuscle.co.za/wp-content/uploads/2026/06/MEL-MPR-34-B_SN.webp,mastodon-hardened-steel-pushrods-sbc,MMR-11210,"Mastodon Hardened Steel Pushrods, SBC"
https://allamericanmuscle.co.za/wp-content/uploads/2026/06/TH350-3-51405-1.webp,mastodon-th350-gm-filler-tube-top-hat-seal,MMR-TH350-3-51405,"Mastodon TH350 GM Filler Tube Top Hat Seal"
https://allamericanmuscle.co.za/wp-content/uploads/2026/06/MMR9272-1.webp,mastodon-fuel-filter-3-8inlet-outlet,MMR-20092,"Mastodon Fuel Filter (3/8″)Inlet/Outlet"
https://allamericanmuscle.co.za/wp-content/uploads/2026/06/3403-CR.webp,mastodon-t-style-billet-steering-wheel-14x2-black-leather,MMR-3403-CR,"Mastodon T-Style Billet Steering Wheel 14×2″, Black Leather"
https://allamericanmuscle.co.za/wp-content/uploads/2026/06/91015710_L1600_6fee8f66-866a-4d17-8fbf-8dd0fc2f7f43-2.webp,mastodon-aluminum-radiator-coolant-water-tank,MMR-5070-SR,"Mastodon Aluminum Radiator Coolant Water Tank"
https://allamericanmuscle.co.za/wp-content/uploads/2026/06/oer-12337985_xl.webp,mastodon-chevy-hood-stopper,MMR-28150,"Mastodon Chevy hood Stopper"
https://allamericanmuscle.co.za/wp-content/uploads/2026/06/MMR7604.webp,mastodon-sbf-windsor-fuel-pump-block-off-plate,MMR-7604,"Mastodon SBF Windsor Fuel Pump Block Off Plate"
https://allamericanmuscle.co.za/wp-content/uploads/2026/04/mastodon2028229.webp,mastodon-billet-trunk-hinges-fits-1967-1969-camaro,MMR-3901-H,"Mastodon Billet Trunk Hinges Fits 1967-1969 Camaro"
https://allamericanmuscle.co.za/wp-content/uploads/2026/06/TH350-3-1.webp,mastodon-c6-sump-gasket-cork-ford-transmission-cor,MMR-13233,"Mastodon C6 Sump Gasket Cork Ford Transmission Cor"
https://allamericanmuscle.co.za/wp-content/uploads/2026/06/SI-AT15010.avif,transmission-cooler-dual-pass-finned-mastodon,MMR-15010,"Transmission Cooler Dual Pass Finned Mastodon"
https://allamericanmuscle.co.za/wp-content/uploads/2026/06/SI-AT15010-1.avif,mastodon-transmission-cooler-dual-pass-finned,MMR-15011,"Mastodon Transmission Cooler, DUal Pass Finned"
https://allamericanmuscle.co.za/wp-content/uploads/2026/06/1612ABK-2BK-1.webp,mastodon-air-cleaner-super-flow-with-raised-top,MMR-20051-R,"Mastodon Air Cleaner, Super Flow with Raised Top"
https://allamericanmuscle.co.za/wp-content/uploads/2026/06/MMSI-AT25093.webp,mastodon-battery-hold-down-mount-billet,MMR-25093,"Mastodon Battery Hold Down Mount Billet"
https://allamericanmuscle.co.za/wp-content/uploads/2026/06/MMR8859.webp,sbc-3-groove-pulley-lwp-aluminium-mastodon,MMR-25100,"SBC 3 Groove Pulley LWP Aluminium Mastodon"
https://allamericanmuscle.co.za/wp-content/uploads/2026/06/MMSI-AT38006.webp,mastodon-high-heat-spark-plug-wires-set,MMR-38006,"Mastodon High Heat Spark Plug Wires Set"
https://allamericanmuscle.co.za/wp-content/uploads/2026/06/SI-AT38021-BK-1-1.webp,mastodon-spark-plug-wire-set,MMR-38026-BK,"Mastodon Spark Plug Wire Set"
https://allamericanmuscle.co.za/wp-content/uploads/2026/06/sch-02520_xl.webp,mastodon-header-gasket-for-65-90-big-block-chevy-3,MMR-3806,"Mastodon Header Gasket For 65-90 Big Block Chevy 3"
https://allamericanmuscle.co.za/wp-content/uploads/2026/06/MMR3813-1.webp,mastodon-header-gasket-for-75-91-small-block-chrysler,MMR-3813,"Mastodon Header Gasket For 75-91 Small Block Chrysler"
https://allamericanmuscle.co.za/wp-content/uploads/2026/06/uJoint.webp,mastodon-steering-shaft-u-joint-steering-shaft,MMR-45025,"Mastodon Steering Shaft U-Joint, Steering Shaft"
https://allamericanmuscle.co.za/wp-content/uploads/2026/06/brg-053449_yv_xl-1.webp,mastodon-steering-coupler-rag-joint-gm-manual-p,MMR-45034,"Mastodon Steering Coupler Rag Joint, GM Manual & P"
https://allamericanmuscle.co.za/wp-content/uploads/2026/06/9-scaled-2.webp,mastodon-billet-steering-wheel-14-satin-spoke-9,MMR-8247,"Mastodon Billet Steering Wheel 14″ Satin Spoke, 9"
https://allamericanmuscle.co.za/wp-content/uploads/2026/06/MMBK-1108-1.webp,mastodon-intake-manifoldsbc-aluminum-black,MMR-91611285-BK,"Mastodon Intake Manifold,SBC, Aluminum BLACK"
https://allamericanmuscle.co.za/wp-content/uploads/2026/06/LY-7-2G-004-1.webp,mastodon-black-7-inch-led-headlight,MMR-LY-HL-001-X-BL,"Mastodon Black 7 inch LED Headlight"
https://allamericanmuscle.co.za/wp-content/uploads/2026/06/1614ABK-3BK-1.webp,mastodon-full-flow-14round-air-filter-assem-kit-r,MMR-1614ACR-3RD,"Mastodon Full Flow 14″Round Air Filter Assem Kit R"
https://allamericanmuscle.co.za/wp-content/uploads/2026/06/PD-002-BLK-1.webp,mastodon-pedal-bracket-assembly-black,MMR-PD-002-BLACK,"Mastodon Pedal Bracket Assembly Black"
https://allamericanmuscle.co.za/wp-content/uploads/2026/06/smp-us95_w.webp,mastodon-starter-switch-column-ignition-starter-s,MMR-SP010-BL-SL,"Mastodon Starter Switch, Column Ignition Starter S"
https://allamericanmuscle.co.za/wp-content/uploads/2026/06/fla-frujkt1_xl.webp,mastodon-u-joint-9-16-26-x-3-4-dd,MMR-UJ002,"Mastodon U-Joint, 9/16-26 X 3/4″-Dd"
https://allamericanmuscle.co.za/wp-content/uploads/2026/06/fel-1442_xl.webp,mastodon-header-gasket-bbf,MMR-3811,"Mastodon Header Gasket BBF"
https://allamericanmuscle.co.za/wp-content/uploads/2026/06/New-Project-scaled-2.webp,mastodon-performer-intake-manifold-eps-sbcblock,MMR-3252701-BK,"Mastodon Performer Intake Manifold EPS, SBC,BLOCK"
https://allamericanmuscle.co.za/wp-content/uploads/2026/06/VS-30055-R-2.webp,mastodon-sbf-ford-window-rubber-valve-cover-gasket,MMR-58006-R,"Mastodon SBF Ford Window Rubber Valve Cover Gasket"
https://allamericanmuscle.co.za/wp-content/uploads/2026/06/MMR7489-2.webp,mastodon-sbc-valve-cover-gasket-cork-rubber,MMR-58060,"Mastodon SBC Valve Cover Gasket, Cork/Rubber"
https://allamericanmuscle.co.za/wp-content/uploads/2026/06/MMR74026.webp,mastodon-intake-manifold-small-block-ford-302-v8-satin,MMR-74026,"Mastodon Intake Manifold Small Block Ford 302 V8 – Satin"
https://allamericanmuscle.co.za/wp-content/uploads/2026/06/MMBK-1108-2.webp,mastodon-intake-manifold-dual-plane-sbc-alum,MMR-91611285-STN,"Mastodon Intake Manifold, Dual Plane SBC, Alum"
https://allamericanmuscle.co.za/wp-content/uploads/2026/06/RH-RON-293.webp,mastodon-timing-chain-set-hd-double-roller-sbc,MMR-293,"Mastodon Timing Chain Set HD Double Roller SBC"
https://allamericanmuscle.co.za/wp-content/uploads/2026/06/MMSI-AT12036.avif,ss-braided-flex-kickdown-transmission-cable-for-chrysler-904,MMR-12036,"SS Braided Flex Kickdown Transmission Cable for Chrysler 904"
https://allamericanmuscle.co.za/wp-content/uploads/2026/06/100-3905-HINGE.webp,mastodon-billet-hood-hinges-64-66-mustang,MMR-3905-H-BK,"Mastodon Billet Hood Hinges 64-66 Mustang"
https://allamericanmuscle.co.za/wp-content/uploads/2026/06/ado-12580353_dx_xl.webp,mastodon-coil-mount-bracket-black,MMR-11124,"Mastodon Coil Mount Bracket, Black"
https://allamericanmuscle.co.za/wp-content/uploads/2026/06/MMSI-AT25025-1.webp,mastodon-coil-mount-bracket-chrome,MMR-11216,"Mastodon Coil Mount Bracket, Chrome"
https://allamericanmuscle.co.za/wp-content/uploads/2026/06/SI-AT11261.webp,mastodon-ls-vent-tube-bypass-seal-gasket-ls-swap,MMR-11261,"Mastodon LS Vent Tube Bypass Seal Gasket (LS Swap)"
https://allamericanmuscle.co.za/wp-content/uploads/2026/06/uJoint.webp,mastodon-steering-column-joint,MMR-3016,"Mastodon Steering Column Joint"
https://allamericanmuscle.co.za/wp-content/uploads/2026/06/MMSI-AT45006.webp,round-3-4-steering-shaft-support-heim-joint-mastodon,MMR-45006,"Round 3/4″ Steering Shaft Support Heim Joint Mastodon"
https://allamericanmuscle.co.za/wp-content/uploads/2026/06/MM45321.webp,65000-volt-hei-distributor-ignition-coil-mastodon,MMR-45321,"65000 Volt HEI Distributor Ignition Coil Mastodon"
https://allamericanmuscle.co.za/wp-content/uploads/2026/06/Mastodon-Windsor-Mechanical-Fuel-Pump-6-PSI-SBF-22.webp,mastodon-ford-sbf-fuel-pump,MMR-49012,"Mastodon Ford SBF Fuel Pump"
https://allamericanmuscle.co.za/wp-content/uploads/2026/06/MMSI-AT49014.webp,mastodon-mechanical-fuel-pump-6-psi-bbf-429-460,MMR-49014,"Mastodon Mechanical Fuel Pump 6 PSI BBF 429/460"
https://allamericanmuscle.co.za/wp-content/uploads/2026/06/MMR8859-1.webp,mastodon-sbc-lower-triple-groove-pulley-for-long-w,MMR-8859,"Mastodon SBC Lower Triple Groove Pulley For Long W"
https://allamericanmuscle.co.za/wp-content/uploads/2026/06/MMBK-1108-3.webp,mastodon-intake-manifold-sbc-dual-plane-black,MMR-91611285-RAW,"Mastodon Intake Manifold, SBC, Dual Plane, Black"
https://allamericanmuscle.co.za/wp-content/uploads/2026/06/ado-8655625_xl.webp,mastodon-th400-sump-gasket-gm-trans-cork,MMR-TH-400-G,"Mastodon TH400 Sump Gasket GM Trans Cork"
https://allamericanmuscle.co.za/wp-content/uploads/2026/06/91069205_L1600_bda9b6b8-2f07-4339-aada-4be55144664c.webp,mastodon-central-door-lock-kit-2-door,MMR-DL-870,"Mastodon Central Door Lock Kit, 2 Door"
https://allamericanmuscle.co.za/wp-content/uploads/2026/06/49101200_L1450_580841e1-c202-45d8-9d1b-539d2dbb81ba.webp,mastodon-trunk-opener-kit,MMR-DL*890,"Mastodon Trunk Opener Kit"
https://allamericanmuscle.co.za/wp-content/uploads/2026/06/aaf-all30100_xl.webp,mastodon-cooling-fan-mechanical-6-blades,MMR-1571,"Mastodon Cooling Fan, Mechanical, 6 Blades"
https://allamericanmuscle.co.za/wp-content/uploads/2026/06/826551513_L1600_d89a333d-c28f-4f7f-a853-d582f0cf6698.webp,mastodon-throttle-body-spacer-adapter-92mm-blac,MMR-1004,"Mastodon Throttle Body, Spacer/ Adapter, 92Mm Blac"
https://allamericanmuscle.co.za/wp-content/uploads/2026/06/edl-8008_en_xl.webp,mastodon-carburetor-carb-studs-kit-set-5-16-x-1,MMR-11364,"Mastodon Carburetor Carb Studs Kit/Set, 5/16″ X 1-"
https://allamericanmuscle.co.za/wp-content/uploads/2026/06/edl-8008_en_xl-1.webp,mastodon-5-16-carb-mounting-kit-sbc-sbf,MMR-11367,"Mastodon 5/16 Carb Mounting Kit SBC SBF"
https://allamericanmuscle.co.za/wp-content/uploads/2026/06/MMSI-AT28082.webp,mastodon-gm-hydroboost-repair-kit-2771004,MMR-28082,"Mastodon GM Hydroboost Repair Kit 2771004"
https://allamericanmuscle.co.za/wp-content/uploads/2026/06/sum-370980_eh_xl-1.webp,mastodon-water-neck-sbc-bbc,MMR-32010-BK,"Mastodon Water Neck, SBC BBC"
https://allamericanmuscle.co.za/wp-content/uploads/2026/06/VS-30055-R-3.webp,mastodon-bbc-steel-core-rubber-valve-cover-gasket,MMR-58005,"Mastodon BBC Steel Core Rubber Valve Cover Gasket"
https://allamericanmuscle.co.za/wp-content/uploads/2026/06/ppx-29001100_xl.webp,mastodon-fuel-tank-cap-black,MMR-5044,"Mastodon Fuel Tank Cap BLACK"
https://allamericanmuscle.co.za/wp-content/uploads/2026/06/sum-705413_zc_xl.webp,mastodon-tail-housing-seal-th350-gearbox,MMR-TH350-S,"Mastodon Tail Housing Seal TH350 Gearbox"
https://allamericanmuscle.co.za/wp-content/uploads/2026/06/msd-8585_rb.webp,mastodon-sbc-bronze-dist-gear-500%c2%80%c2%9d,MMR-11202,"Mastodon Sbc Bronze Dist Gear 500"
https://allamericanmuscle.co.za/wp-content/uploads/2026/06/MMR7101-1.webp,mastodon-air-cleaner-element-filter-12x-2-oval-r,MMR-20050-R,"Mastodon Air Cleaner Element Filter 12″x 2″ Oval R"
https://allamericanmuscle.co.za/wp-content/uploads/2026/06/MMSI-AT39027-1.webp,mastodon-chevy-th350-chrome-steel-dipstick-transmi,MMR-39039,"Mastodon Chevy Th350 Chrome Steel Dipstick Transmi"
https://allamericanmuscle.co.za/wp-content/uploads/2026/06/RH-RON-225.webp,mastodon-engine-oil-dipstick-flexible-ss,MMR-225,"Mastodon Engine Oil Dipstick Flexible SS"
https://allamericanmuscle.co.za/wp-content/uploads/2026/06/MMSI-AT39027-2.webp,mastodon-c4-chrome-steel-transmission-dipstick,MMR-39038,"Mastodon C4 Chrome Steel Transmission Dipstick"
https://allamericanmuscle.co.za/wp-content/uploads/2026/06/9165000_L1600_bbc5bf6b-ac5a-4e57-b6c1-1729d8ba0c52.webp,mastodon-gm-th350-floor-mount-shifter-kit,MMR-8607,"Mastodon GM TH350 Floor Mount Shifter Kit"
https://allamericanmuscle.co.za/wp-content/uploads/2026/06/sum-150132-4_xl.webp,mastodon-sbc-hydraulic-roller-lifters-link-bar,MMR-89002,"Mastodon SBC Hydraulic Roller Lifters Link Bar"
https://allamericanmuscle.co.za/wp-content/uploads/2026/06/MMSI-AT25025.webp,mastodon-chrome-low-mount-alternator-bracket-sbc,MMR-25025,"Mastodon Chrome Low Mount Alternator Bracket SBC"
https://allamericanmuscle.co.za/wp-content/uploads/2026/06/MMR8854-1.webp,mastodon-1-single-groove-upper-pulley,MMR-25103,"Mastodon, 1 Single Groove Upper Pulley"
https://allamericanmuscle.co.za/wp-content/uploads/2026/06/SI-AT38023.webp,mastodon-high-performance-plug-wires-8mm-ceramic-180-deg,MMR-38023,"Mastodon High-Performance Plug Wires 8mm Ceramic 180-Deg"
https://allamericanmuscle.co.za/wp-content/uploads/2026/06/100-3906-HINGE.webp,mastodon-aluminium-hood-hinges-1970-1981-camaro,MMR-3906-SL,"Mastodon Aluminium Hood Hinges 1970-1981 Camaro"
https://allamericanmuscle.co.za/wp-content/uploads/2026/06/MMSI-AT43017.webp,mastodon-transmission-mount-chevy-polyurethane,MMR-43017,"Mastodon Transmission Mount Chevy Polyurethane"
https://allamericanmuscle.co.za/wp-content/uploads/2026/06/KNDI-049-351-1.webp,mastodon-ignition-coil,MMR-50011,"Mastodon Ignition Coil"
https://allamericanmuscle.co.za/wp-content/uploads/2026/06/MMSI-AT58011.webp,mastodon-2-5-reusable-copper-header-gaskets-sbc-bbc-pair,MMR-58011,"Mastodon 2.5″ Reusable Copper Header Gaskets SBC/BBC (Pair)"
https://allamericanmuscle.co.za/wp-content/uploads/2026/06/MMR8593P.webp,mastodon-2-3-8-inch-finned-transmission-oil-pan-th400,MMR-8593-P,"Mastodon 2-3/8 Inch Finned Transmission Oil Pan TH400"
https://allamericanmuscle.co.za/wp-content/uploads/2026/06/MMR8852-1.webp,mastodon-sbc-short-water-pump-upper-pulley-double,MMR-8852,"Mastodon SBC Short Water Pump Upper Pulley Double"
https://allamericanmuscle.co.za/wp-content/uploads/2026/06/91015580-1.webp,mastodon-short-water-pump-sbc,MMR-91015580,"Mastodon Short Water Pump SBC"
https://allamericanmuscle.co.za/wp-content/uploads/2026/06/MMSI-AT25026.webp,power-steering-pump-mounting-bracket-sbc-mastodon,MMR-25026,"Power Steering Pump Mounting Bracket SBC Mastodon"
https://allamericanmuscle.co.za/wp-content/uploads/2026/06/tyc-11-3260-01_xl.webp,mastodon-tail-light-and-side-fender-kit-73-79-ford-f150,MMR-26085,"Mastodon Tail Light and Side Fender Kit, 73-79 Ford F150"
https://allamericanmuscle.co.za/wp-content/uploads/2026/06/uJoint.webp,mastodon-u-joint-3-4-36-x-3-4-36,MMR-UJ005,"Mastodon U-Joint, 3/4-36 X 3/4″-36"
https://allamericanmuscle.co.za/wp-content/uploads/2026/06/mor-68781_cp.webp,mastodon-breather-pushin-round-chrome,MMR-11360,"Mastodon Breather Pushin Round Chrome"
https://allamericanmuscle.co.za/wp-content/uploads/2026/06/mor-68781_cp-1.webp,mastodon-valve-cover-breather-push-style,MMR-11361,"Mastodon Valve Cover Breather, Push Style"
https://allamericanmuscle.co.za/wp-content/uploads/2026/06/edl-8008_en_xl-2.webp,mastodon-carburetor-carb-studs-kit-5-16-x-2,MMR-11365,"Mastodon Carburetor Carb Studs Kit, 5/16″ X 2″"
https://allamericanmuscle.co.za/wp-content/uploads/2026/06/3257568_L1450_3f1befe9-b2ac-444d-a818-f4fd20bf7de5.webp,mastodon-ford-fe-steel-core-rubber-valve-cover-set,MMR-58004,"Mastodon Ford Fe Steel Core Rubber Valve Cover Set"
https://allamericanmuscle.co.za/wp-content/uploads/2026/06/sum-g2334_w.webp,mastodon-engine-oil-pan-gasket-chevy-ls-ls123,MMR-58025,"Mastodon Engine Oil Pan Gasket, Chevy Ls Ls1,2,3"
https://allamericanmuscle.co.za/wp-content/uploads/2026/06/MMR6118-1.webp,mastodon-ls2-6-0l-engine-gasket-set,MMR-6118,"Mastodon LS2 6.0L Engine Gasket Set"
https://allamericanmuscle.co.za/wp-content/uploads/2026/06/MM8442.webp,mastodon-driver-side-aluminum-dipstick-58-79-sbc,MMR-8442,"Mastodon Driver Side Aluminum Dipstick 58-79 SBC"
https://allamericanmuscle.co.za/wp-content/uploads/2026/06/2561147046-STN1.webp,mastodon-intake-manifold-dual-plane-aluminumsbf,MMR-SBF-001,"Mastodon Intake Manifold, Dual Plane Aluminum,SBF"
https://allamericanmuscle.co.za/wp-content/uploads/2026/06/100-3904-HINGE.webp,mastodon-billet-hood-hinges-camaro-67-69,MMR-3904-H,"Mastodon Billet Hood Hinges Camaro 67-69"
https://allamericanmuscle.co.za/wp-content/uploads/2026/06/MMBK-3202H-2.webp,mastodon-intake-manifold-performer-eps,MMR-3252701-RAW,"Mastodon Intake Manifold Performer EPS"
https://allamericanmuscle.co.za/wp-content/uploads/2026/06/fel-1415_tb_xl.webp,mastodon-header-gasket-for-69-74-small-block-ford,MMR-3809,"Mastodon Header Gasket For 69-74 Small Block Ford"
https://allamericanmuscle.co.za/wp-content/uploads/2026/06/KNDI-049-351-2.webp,mastodon-ignition-coil-65k-volt,MMR-50018,"Mastodon Ignition Coil ,65K Volt"
https://allamericanmuscle.co.za/wp-content/uploads/2026/06/leb-apv02_xl.webp,mastodon-universal-adjustable-prop-valve,MMR-59005,"Mastodon Universal Adjustable Prop Valve"
https://allamericanmuscle.co.za/wp-content/uploads/2026/06/12-1-scaled-1.webp,classic-14-billet-steering-wheel-classic-mastodon,MMR-8247-BK,"Classic 14″ Billet Steering Wheel Classic Mastodon"
https://allamericanmuscle.co.za/wp-content/uploads/2026/06/SBF-185-Cylinder-Head-Assembled-3.webp,mastodon-bbc-315-cylinder-head-assembled,MMR-BBC-315-PRO,"Mastodon BBC 315 Cylinder Head Assembled"
https://allamericanmuscle.co.za/wp-content/uploads/2026/04/mastodon2028129.webp,mastodon-hei-ford-small-block-windsor,MMR-049-302,"Mastodon HEI Ford Small Block Windsor"
https://allamericanmuscle.co.za/wp-content/uploads/2026/06/KNDI-049-351.webp,hei-ignition-distributor-65k-coil,MMR-049-351,"HEI Ignition Distributor 65K Coil"
https://allamericanmuscle.co.za/wp-content/uploads/2026/06/MMR3189BK.webp,mastodon-fan-with-curved-blades-10inch-80w,MMR-3186-BK,"Mastodon Fan with Curved Blades 10inch 80W"
https://allamericanmuscle.co.za/wp-content/uploads/2026/06/KD4712.webp,mastodon-10-inch-universal-slim-electric-radiator-fan,MMR-4712,"Mastodon 10 Inch Universal Slim Electric Radiator Fan"
https://allamericanmuscle.co.za/wp-content/uploads/2026/06/MMSI-AT25024.webp,mastodon-polished-aluminum-timing-tab-sbc-305-327-350,MMR-25024,"Mastodon Polished Aluminum Timing Tab SBC 305/327/350"
https://allamericanmuscle.co.za/wp-content/uploads/2026/06/MC-025-BLK-1.webp,mastodon-brake-master-cylinder-tandem-cr,MMR-59022-CR,"Mastodon Brake Master Cylinder Tandem CR"
https://allamericanmuscle.co.za/wp-content/uploads/2026/06/msd-8585_rb-1.webp,mastodon-sbc-bronze-dist-gear-491%c2%80%c2%9d,MMR-11201,"Mastodon Sbc Bronze Dist Gear 491"
https://allamericanmuscle.co.za/wp-content/uploads/2026/06/MMSI-AT39027-3.webp,mastodon-c4-chrome-steel-transmission-dipstick-2,MMR-39038-C,"Mastodon C4 Chrome Steel Transmission Dipstick"
https://allamericanmuscle.co.za/wp-content/uploads/2026/06/91602063_L_21598c7c-26e2-4f4f-be83-77abcd06bb14.webp,mastodon-parking-brake-ass-floor-mount-11-inch,MMR-4917000-BK,"Mastodon Parking Brake Ass, Floor Mount, 11 Inch,"
https://allamericanmuscle.co.za/wp-content/uploads/2026/06/MMBK-1108.webp,mastodon-sbc-dual-plane-aluminum-intake-manifold,MMR-1108,"Mastodon SBC Dual Plane Aluminum Intake Manifold"
https://allamericanmuscle.co.za/wp-content/uploads/2026/06/41010112_L_01be8012-af9d-463b-9c90-d919e9193e91.webp,mastodon-satin-9b-horn-button,MMR-121805-ST,"Mastodon Satin 9B Horn Button"
https://allamericanmuscle.co.za/wp-content/uploads/2026/06/MMSI-AT15007.webp,mastodon-2x10-stainless-steel-overflow-tank,MMR-15007,"Mastodon 2×10 Stainless Steel Overflow Tank"
https://allamericanmuscle.co.za/wp-content/uploads/2026/04/AAR_3.webp,mastodon-billet-aluminum-spark-plug-wire-looms-small-block-chevy,MMR-25081,"Mastodon Billet Aluminum Spark Plug Wire Looms Small Block Chevy"
https://allamericanmuscle.co.za/wp-content/uploads/2026/06/MMR8852.webp,mastodon-crankshaft-pulley-1-groove-lwp-sbc-aluminium,MMR-25098,"Mastodon Crankshaft Pulley 1-Groove LWP SBC Aluminium"
https://allamericanmuscle.co.za/wp-content/uploads/2026/06/MMR8852-2.webp,mastodon-2-groove-crankshaft-pulley-lwp,MMR-25099,"Mastodon, 2 Groove Crankshaft Pulley, LWP"
https://allamericanmuscle.co.za/wp-content/uploads/2026/06/92613832_L1600_f79943b7-2471-4013-8244-914a7b9203e0.webp,mastodon-subframe-body-mount-bushing-kit-with-hard,MMR-43025,"Mastodon Subframe Body Mount Bushing Kit With Hard"
https://allamericanmuscle.co.za/wp-content/uploads/2026/06/MMR72028.webp,mastodon-intake-manifold-sbc-satin-57-95,MMR-72028,"Mastodon Intake Manifold SBC – Satin 57-95"
https://allamericanmuscle.co.za/wp-content/uploads/2026/06/91603192_L1600_31672af0-6101-4ed0-8bf4-4da140785c7e.webp,mastodon-valve-cover-aluminum-ls,MMR-75024,"Mastodon Valve Cover, Aluminum LS"
https://allamericanmuscle.co.za/wp-content/uploads/2026/06/SI-AT81002.webp,gm-saginaw-power-steering-pump-mastodon,MMR-81002,"GM Saginaw Power Steering Pump Mastodon"
https://allamericanmuscle.co.za/wp-content/uploads/2026/06/MMR8964R.webp,mastodon-high-voltage-50000-volt-ignition-coil,MMR-8964-R,"Mastodon High Voltage 50000 Volt Ignition Coil"
https://allamericanmuscle.co.za/wp-content/uploads/2026/04/product20281629.webp,mastodon-14-black-spoke-full-wrap-steering-wheel,MMR-121004,"Mastodon 14 Black Spoke Full Wrap Steering Wheel"
https://allamericanmuscle.co.za/wp-content/uploads/2026/06/15-scaled-1.webp,classic-17-18-rivet-steering-wheel-9-hole-mastodon,MMR-121199,"Classic 17″ 18 rivet steering wheel 9 Hole Mastodon"
https://allamericanmuscle.co.za/wp-content/uploads/2026/06/1614ABK-3BK-2.webp,mastodon-washable-full-flow-round-air-filter-bk,MMR-1609ABK-2BK,"Mastodon Washable Full Flow Round Air Filter BK"
https://allamericanmuscle.co.za/wp-content/uploads/2026/06/MMSI-AT25138-1.webp,mastodon-engine-swap-mounts-weld-in-sbc-bbc,MMR-194,"Mastodon Engine Swap Mounts, Weld-In, SBC/BBC"
https://allamericanmuscle.co.za/wp-content/uploads/2026/06/MMSI-AT43023-BK-1.webp,mastodon-gm-old-blocks-transmission-mount-polyurethane,MMR-43023-BK,"Mastodon GM Old Blocks Transmission Mount Polyurethane"
https://allamericanmuscle.co.za/wp-content/uploads/2026/06/100-3802S-Brake-Booster-8-inch-Ford-Mustang-1967-70-Single-Diap-1.jpg,mastodon-brake-booster,MMR-8001-BK,"Mastodon Brake Booster"
https://allamericanmuscle.co.za/wp-content/uploads/2026/06/MMSI-AT58022-1-1.webp,mastodon-sbc-timing-cover-gasket-set,MMR-58008-F,"Mastodon SBC Timing Cover Gasket Set"
https://allamericanmuscle.co.za/wp-content/uploads/2026/06/MMR6117-1-1.webp,mastodon-ls1-5-7l-engine-gasket-set,MMR-6117,"Mastodon LS1 5.7L Engine Gasket Set"
https://allamericanmuscle.co.za/wp-content/uploads/2026/06/RH-RON-206.webp,mastodon-shifter-boot-small-round-black-rubber,MMR-206,"Mastodon Shifter Boot Small Round Black Rubber"
https://allamericanmuscle.co.za/wp-content/uploads/2026/06/G26422A.webp|https://allamericanmuscle.co.za/wp-content/uploads/2026/06/G26422A-2.webp,c4-transmission-filter-internal,MMR-26422,"C4 Transmission Filter Internal"
https://allamericanmuscle.co.za/wp-content/uploads/2026/06/MMSI-AT11145-2.webp,fuel-pump-block-off-plate-gasket-sbc-pair-mastodon,MMR-11145,"Fuel Pump Block Off Plate Gasket SBC (Pair) Mastodon"
https://allamericanmuscle.co.za/wp-content/uploads/2026/06/MMSI-AT39020.webp,mastodon-chrome-stainless-steel-engine-oil-dipstick-sbc,MMR-AT39020-C,"Mastodon Chrome Stainless Steel Engine Oil Dipstick SBC"
https://allamericanmuscle.co.za/wp-content/uploads/2026/06/MMSI-AT39032.webp,chevy-ls-ss-flexible-oil-dipstick,MMR-39032,"Chevy LS SS Flexible Oil Dipstick"
https://allamericanmuscle.co.za/wp-content/uploads/2026/06/9108002_L1450_934c0ce3-a7d4-4418-a5e0-404d42708e11.webp,mastodon-sbc-195-cylinder-bare-head-each,MMR-BH195,"Mastodon SBC 195 Cylinder Bare Head Each"
https://allamericanmuscle.co.za/wp-content/uploads/2026/06/MMBK-3202H-2.webp,mastodon-sbc-vortec-intake-manifold,MMR-3202,"Mastodon SBC Vortec Intake Manifold"
https://allamericanmuscle.co.za/wp-content/uploads/2026/06/uJoint.webp,mastodon-steering-shaft-u-joint,MMR-45012,"Mastodon Steering Shaft U-Joint"
https://allamericanmuscle.co.za/wp-content/uploads/2026/06/SI-AT75025.webp,mastodon-vintage-finned-valve-covers-gm-ls-hidden-coils,MMR-75026,"Mastodon Vintage Finned Valve Covers, GM LS, Hidden Coils"
https://allamericanmuscle.co.za/wp-content/uploads/2026/06/121019-C22-scaled-1.webp,mastodon-14-inch-satin-half-wrap-black-steering-wheel,MMR-121019,"Mastodon 14 Inch Satin Half Wrap Black Steering Wheel"
https://allamericanmuscle.co.za/wp-content/uploads/2026/06/2806-1.webp,mastodon-racing-fuel-pump-400-gph-blue-black,MMR-2806,"Mastodon Racing Fuel Pump 400 GPH Blue/Black"
https://allamericanmuscle.co.za/wp-content/uploads/2026/06/2897007-BLK_L1150_c708d7d7-5f42-498a-8891-edeb8231cc85.webp,mastodon-gm-denso-starter-truk,MMR-150107,"Mastodon GM Denso Starter Truk"
https://allamericanmuscle.co.za/wp-content/uploads/2026/06/100.9152-2.webp,mastodon-radiator-chevy-24-inch-610mm-3-row,MMR-9160,"Mastodon Radiator, Chevy, 24 Inch (610mm), 3 Row"
https://allamericanmuscle.co.za/wp-content/uploads/2026/06/MMSI-AT11372.webp,mastodon-1-aluminium-mechanical-fan-spacer-kit,MMR-11372,"Mastodon 1″ Aluminium Mechanical Fan Spacer Kit"
https://allamericanmuscle.co.za/wp-content/uploads/2026/06/826551199LT01_L1600_c3eef431-d081-47c6-a1b7-47786bac3a2d.webp,mastodon-ls1-billet-aluminium-manual-belt-tensioner,MMR-25107,"Mastodon Ls1 Billet Aluminium Manual Belt Tensioner"
https://allamericanmuscle.co.za/wp-content/uploads/2026/06/MMSI-AT32009-1.webp,mastodon-water-neck,MMR-32030,"Mastodon Water Neck"
https://allamericanmuscle.co.za/wp-content/uploads/2026/06/MMSI-AT12033-BL.webp,mastodon-24-inch-universal-braided-throttle-cable-black,MMR-12033-BL,"Mastodon 24 Inch Universal Braided Throttle Cable Black"
https://allamericanmuscle.co.za/wp-content/uploads/2026/06/AllAMericanMuscle_Mastodon-Engine-Oil-Tube-Dipstick-Black-SBF-260-351W_MMSI-AT39023-1.webp,mastodon-engine-oil-tube-dipstick-sbf-260-351w-chr,MMR-39023-C,"Mastodon Engine Oil Tube Dipstick SBF 260-351W Chr"
https://allamericanmuscle.co.za/wp-content/uploads/2026/06/SI-AT62003-1.webp,mastodon-black-sb-chevy-timing-chain-cover-kit,MMR-62003-B,"Mastodon Black Sb Chevy Timing Chain Cover Kit"
https://allamericanmuscle.co.za/wp-content/uploads/2026/06/100-3905-HINGE.webp,mastodon-billet-hood-hinges-64-66-mustang-2,MMR-3905-H-SL,"Mastodon Billet Hood Hinges 64-66 Mustang"
https://allamericanmuscle.co.za/wp-content/uploads/2026/06/MMSI-AT13091.webp,outside-door-handles-1932-1934-ford-pair-chrome-mastodon,MMR-13091,"Outside door handles 1932-1934 Ford (Pair) Chrome Mastodon"
https://allamericanmuscle.co.za/wp-content/uploads/2026/06/91102220_L1600_15e34b0c-b335-4010-94f8-c17f2783d197.webp,mastodon-radiator-overflow-tank-3x10-stainless-ste,MMR-15008,"Mastodon Radiator Overflow Tank 3×10 Stainless Ste"
https://allamericanmuscle.co.za/wp-content/uploads/2026/06/KNDI-049-351-3.webp,mastodon-ignition-coil-2,MMR-50007,"Mastodon Ignition Coil"
https://allamericanmuscle.co.za/wp-content/uploads/2026/06/9300303_L1600_4bd1cdff-8282-494f-ae81-d4dada535efe.webp,mastodon-block-hugger-ls-univ-ram-horns-ls1-ls6,MMR-GW-033,"Mastodon Block Hugger LS Univ Ram Horns LS1-LS6"
https://allamericanmuscle.co.za/wp-content/uploads/2026/04/mastodon-1.webp,mastodon-eliminator-floor-mount-throttle-pedals-black,MMR-8520-BK,"Mastodon Eliminator Floor Mount Throttle Pedals Black"
https://allamericanmuscle.co.za/wp-content/uploads/2026/06/13-scaled-1.webp,14-billet-half-wrap-steering-wheel-9-hole-mastodon,MMR-121002-C,"14″ Billet Half Wrap Steering Wheel (9-Hole) Mastodon"
https://allamericanmuscle.co.za/wp-content/uploads/2026/06/121807-1.webp,mastodon-horn-button-6-bolt-polished,MMR-121810,"Mastodon Horn Button 6 Bolt Polished"
https://allamericanmuscle.co.za/wp-content/uploads/2026/06/91668039H_L1600_4d07619c-1f0e-4987-8d06-7b7b0e8f6bc0.webp,mastodon-sanden-508-clutch-pulley-cover,MMR-25182-CR,"Mastodon Sanden 508 Clutch Pulley Cover"
https://allamericanmuscle.co.za/wp-content/uploads/2026/06/MMBK-811.webp,mastodon-finned-oval-breather-with-pcv,MMR-811,"Mastodon Finned Oval Breather With PCV"
https://allamericanmuscle.co.za/wp-content/uploads/2026/06/100-8336-BL-Mastodon-Master-Disconnect-Switch-Black-1.webp,master-cylinder-black,MMR-FRS204-BK,"Master Cylinder Black"
https://allamericanmuscle.co.za/wp-content/uploads/2026/06/MMSI-AT11371.webp,mastodon-sbc-chevy-brass-freeze-plug-kit,MMR-11371,"Mastodon SBC Chevy Brass Freeze Plug Kit"
https://allamericanmuscle.co.za/wp-content/uploads/2026/06/MMSI-AT58023.webp,mastodon-aluminum-carb-spacers-adapters-holley,MMR-58023,"Mastodon Aluminum Carb Spacers & Adapters Holley"
https://allamericanmuscle.co.za/wp-content/uploads/2026/06/edl-8710_xl.webp,mastodon-1-2-carburettor-spacer-for-4bb,MMR-58049-A,"Mastodon 1/2 Carburettor Spacer For 4Bb"
https://allamericanmuscle.co.za/wp-content/uploads/2026/06/SI-AT62003.webp,mastodon-timing-chain-cover-kit-sbc,MMR-8420-KIT,"Mastodon Timing Chain Cover Kit SBC"
https://allamericanmuscle.co.za/wp-content/uploads/2026/06/PB800D-1.webp,mastodon-hydro-brake-booster,MMR-FR11-HB020,"Mastodon Hydro Brake booster"
https://allamericanmuscle.co.za/wp-content/uploads/2026/06/MMSI-AT62010-Ford-Sb-Windsor-Timing-Chain-Cover-1.webp,mastodon-ford-sb-windsor-timing-chain-cover,MMR-62010,"Mastodon Ford Sb Windsor Timing Chain Cover"
https://allamericanmuscle.co.za/wp-content/uploads/2026/06/MMR8967BK-1.webp,mastodon-alternator-pulley-delco-single-groove-chr,MMR-8967,"Mastodon Alternator Pulley Delco Single Groove Chr"
https://allamericanmuscle.co.za/wp-content/uploads/2026/06/SI-AT38020-BL-1.webp,mastodon-90-deg-ceramic-boot-spark-plug-wire-set,MMR-38024,"Mastodon 90 Deg Ceramic Boot Spark Plug Wire Set"
https://allamericanmuscle.co.za/wp-content/uploads/2026/06/MMSI-AT39027-4.webp,mastodon-24-th350-chrome-transmission-dipstick,MMR-39037,"Mastodon 24″ TH350 Chrome Transmission Dipstick"
https://allamericanmuscle.co.za/wp-content/uploads/2026/06/MMR235012-2.webp|https://allamericanmuscle.co.za/wp-content/uploads/2026/06/MMR235012.webp|https://allamericanmuscle.co.za/wp-content/uploads/2026/06/MMR235012-2.webp,mastodon-aluminum-roller-rocker-arms-sbf-351-302-windsor,MMR-235012,"Mastodon Aluminum Roller Rocker Arms SBF 351/302 Windsor"
https://allamericanmuscle.co.za/wp-content/uploads/2026/06/MMR8857.webp,mastodon-sbc-lower-double-groove-pulley-long-water-pump,MMR-25104,"Mastodon SBC Lower Double Groove Pulley Long Water Pump"
https://allamericanmuscle.co.za/wp-content/uploads/2026/06/SI-AT38021-BK-1-2.webp,mastodon-spark-plug-wire-set-2,MMR-38026-BL,"Mastodon Spark Plug Wire Set"
https://allamericanmuscle.co.za/wp-content/uploads/2026/06/MMR7143-1.webp,mastodon-washable-elements-14x5-red,MMR-7145,"Mastodon Washable Elements 14″x5″ Red"
https://allamericanmuscle.co.za/wp-content/uploads/2026/06/bsp-95229_xl.webp,mastodon-valve-and-grommet-billet-aluminum,MMR-11369-BK,"Mastodon Valve and Grommet, Billet Aluminum"
https://allamericanmuscle.co.za/wp-content/uploads/2026/06/MMSI-AT25077.webp,mastodon-alternator-bracket-swp-small-block-chevy,MMR-25077,"Mastodon Alternator Bracket SWP Small Block Chevy"
https://allamericanmuscle.co.za/wp-content/uploads/2026/06/MMR235037.webp,mastodon-sbf-aluminum-rocker-arms-1-6-ratio-3-8inch,MMR-235037,"Mastodon SBF Aluminum Rocker Arms 1.6 Ratio 3/8inch"
https://allamericanmuscle.co.za/wp-content/uploads/2026/06/MMSI-AT49016.webp,mastodon-mechanical-fuel-pump-ford-351-cleveland,MMR-49016,"Mastodon Mechanical Fuel Pump Ford 351 Cleveland"
https://allamericanmuscle.co.za/wp-content/uploads/2026/06/WP-SBC-LA-1.webp,mastodon-aluminium-sbc-long-water-pump,MMR-WP-SBC-LA,"Mastodon Aluminium SBC Long Water Pump"
https://allamericanmuscle.co.za/wp-content/uploads/2026/06/MC-025-BLK-2.webp,mastodon-brake-master-cylinder-oval-alumni-chr,MMR-MC-026-C,"Mastodon Brake Master Cylinder Oval Alumni Chr"
https://allamericanmuscle.co.za/wp-content/uploads/2026/06/91031046_L1600_d46d1763-3462-4eb0-b814-c8a4c7de21a7.webp,mastodon-brake-caliper-with-e-brake-option,MMR-NR172/3,"Mastodon Brake Caliper with E-Brake option"
https://allamericanmuscle.co.za/wp-content/uploads/2026/06/MMSI-AT32007.webp,mastodon-polished-water-neck-90-deg-swivel-sbc-bbc,MMR-32010,"Mastodon Polished Water Neck 90 Deg Swivel SBC/BBC"
https://allamericanmuscle.co.za/wp-content/uploads/2026/06/AllAmericanMuscle_Mastodon-Chevy-SBC-283-400-Engine-Dipstick-Tube-Blk_MMSI-AT39020-BL.webp,mastodon-engine-oil-dipstick-tube-sbc-283-400-black,MMR-39020-BL,"Mastodon Engine Oil Dipstick Tube SBC 283-400 – Black"
https://allamericanmuscle.co.za/wp-content/uploads/2026/06/mmr8440-1.webp,mastodon-valve-cover-polished-sbf-289-351w,MMR-8440,"Mastodon Valve Cover Polished SBF 289-351W"
https://allamericanmuscle.co.za/wp-content/uploads/2026/06/MMSI-AT15006.webp,mastodon-2x13-stainless-steel-overflow-tank,MMR-15006,"Mastodon 2×13 Stainless Steel Overflow Tank"
https://allamericanmuscle.co.za/wp-content/uploads/2026/06/MMSI-AT49013-1.webp,mastodon-ford-mechanical-fuel-pump-6-psi-fe-352-42,MMR-49013,"Mastodon Ford Mechanical Fuel Pump 6 PSI FE 352-42"
https://allamericanmuscle.co.za/wp-content/uploads/2026/06/MMSI-AT25025-2.webp,mastodon-coil-mount-bracket-chrome-2,MMR-11123,"Mastodon Coil Mount Bracket, Chrome"
https://allamericanmuscle.co.za/wp-content/uploads/2026/06/brg-014964_xl.webp,mastodon-universal-u-joint-coupler-3-4-dd-x-3-4-v-fit-for,MMR-UJ-3/4,"Mastodon Universal U Joint Coupler 3/4 DD X 3/4 V Fit for"
https://allamericanmuscle.co.za/wp-content/uploads/2026/06/100.9152.webp,mastodon-radiator-24-3-row-ford,MMR-9152,"Mastodon Radiator 24″ 3-Row, Ford"
https://allamericanmuscle.co.za/wp-content/uploads/2026/06/9588-CRM-2.webp,mastodon-flexplate-dust-cover-vented-gm-th350-th400,MMR-9588-C,"Mastodon Flexplate Dust Cover Vented (GM TH350/TH400)"
https://allamericanmuscle.co.za/wp-content/uploads/2026/06/SI-AT11350.webp,ford-oil-sending-unit-extension-mastodon,MMR-11350,"Ford Oil Sending Unit Extension Mastodon"
https://allamericanmuscle.co.za/wp-content/uploads/2026/06/MMSI-AT28129.webp,mastodon-ls-lq-viton-valve-seals,MMR-28129,"Mastodon LS/LQ Viton Valve Seals"
https://allamericanmuscle.co.za/wp-content/uploads/2026/06/9102529_L1300_203c16dd-62e4-4ef9-9a6d-1dc5dc99438f.webp,mastodon-rubber-stopper-kit-hood-adjusters-camar,MMR-28149,"Mastodon Rubber Stopper Kit + Hood Adjusters Camar"
https://allamericanmuscle.co.za/wp-content/uploads/2026/06/51245B-2.webp,mastodon-8mm-ls-8-ignition-wire-with-180-degree-plug-boots,MMR-51244-B,"Mastodon 8mm LS 8″ Ignition Wire with 180 Degree Plug Boots"
https://allamericanmuscle.co.za/wp-content/uploads/2026/06/MMSI-AT25139.webp,mastodon-polished-stainless-steel-engine-motor-mounts-sbc-bbc,MMR-25139,"Mastodon Polished Stainless Steel Engine Motor Mounts SBC/BBC"
https://allamericanmuscle.co.za/wp-content/uploads/2026/06/MMSI-AT38005.webp,performance-ls1-vortec-spark-plugs-set-mastodon,MMR-38005,"Performance LS1 Vortec Spark Plugs (Set) Mastodon"
https://allamericanmuscle.co.za/wp-content/uploads/2026/06/MMR8854.webp,mastodon-sbc-upper-long-water-pump-pulley-single-groove,MMR-8854,"Mastodon SBC Upper Long Water Pump Pulley Single Groove"
https://allamericanmuscle.co.za/wp-content/uploads/2026/06/9175028_L1600_e7750826-afe5-433e-81ec-0fac146d10f1.webp,mastodon-radiator-only,MMR-9193,"Mastodon Radiator Only"
https://allamericanmuscle.co.za/wp-content/uploads/2026/04/AAR_4.webp,mastodon-retro-finned-push-in-breather,MMR-3521,"Mastodon Retro Finned Push In Breather"
https://allamericanmuscle.co.za/wp-content/uploads/2026/06/spe-39690_xl.webp,mastodon-stainless-steel-48-heater-hose-kit,MMR-9544-A,"Mastodon Stainless Steel 48 Heater Hose Kit"
https://allamericanmuscle.co.za/wp-content/uploads/2026/04/product2028329.webp,mastodon-retro-finned-polished-aluminum-oval-push-in-breath,MMR-3522-SL,"Mastodon Retro Finned Polished Aluminum Oval Push-in Breath"
https://allamericanmuscle.co.za/wp-content/uploads/2026/06/SI-AT62003-2.webp,mastodon-timing-chain-cover-tab-maker-sbc,MMR-11103,"Mastodon Timing Chain Cover Tab Maker, Sbc"
https://allamericanmuscle.co.za/wp-content/uploads/2026/06/KSI-11-8834.webp,mastodon-universal-hydraulic-brake-light-switch-in,MMR-21074,"Mastodon Universal Hydraulic Brake Light Switch In"
https://allamericanmuscle.co.za/wp-content/uploads/2026/06/MMSI-AT25138.webp,mastodon-weld-in-motor-mounts-for-sbc-engine-swaps,MMR-25138,"Mastodon Weld-In Motor Mounts for SBC Engine Swaps"
https://allamericanmuscle.co.za/wp-content/uploads/2026/06/SI-AT38021-BK-1-3.webp,mastodon-spark-plug-wire-set-3,MMR-38020-R,"Mastodon Spark Plug Wire Set"
https://allamericanmuscle.co.za/wp-content/uploads/2026/06/edl-4263_xl-1.webp,mastodon-valve-covers-sbc,MMR-75022,"Mastodon Valve Covers SBC"
https://allamericanmuscle.co.za/wp-content/uploads/2026/06/SI-AT75025.webp|https://allamericanmuscle.co.za/wp-content/uploads/2026/06/SI-AT75025.webp,mastodon-ls-valve-covers-finned-coil-mounts-satin-aluminium,MMR-75025,"Mastodon LS Valve Covers (Finned, Coil Mounts, Satin Aluminium)"
https://allamericanmuscle.co.za/wp-content/uploads/2026/06/910-48319.webp,mastodon-universal-u-bolts-1-1-16-cap,MMR-48319,"Mastodon Universal U bolts 1 1/16 Cap"
https://allamericanmuscle.co.za/wp-content/uploads/2026/06/PD-002-BLK-2.webp,mastodon-7-bracket-black,MMR-LY-BT-001B,"Mastodon 7 Bracket (Black)"
https://allamericanmuscle.co.za/wp-content/uploads/2026/06/90-Degree-brake.webp,mastodon-under-dash-90-degree-brake,MMR-UDB-090,"Mastodon Under-Dash 90-Degree Brake"
https://allamericanmuscle.co.za/wp-content/uploads/2026/06/G6507A.webp,aod-ford-selector-shaft-seal,MMR-6507,"AOD Ford Selector Shaft Seal"
https://allamericanmuscle.co.za/wp-content/uploads/2026/06/MMSI-AT58005-1.webp,mastodon-sbf-ford-windsor-cork-valve-cover-gaskets,MMR-58006-C,"Mastodon SBF Ford Windsor Cork Valve Cover Gaskets"
https://allamericanmuscle.co.za/wp-content/uploads/2026/04/6367__56911.webp,mastodon-ls-160-deg-thermostat,MMR-32024,"Mastodon LS 160 DEG Thermostat"
https://allamericanmuscle.co.za/wp-content/uploads/2026/06/MMSI-AT11105-1.webp,mastodon-throttle-kickdown-cable-bracket,MMR-11105,"Mastodon Throttle Kickdown Cable Bracket"
https://allamericanmuscle.co.za/wp-content/uploads/2026/06/MMSI-AT11105-2.webp,mastodon-pump-mounting-plate-with-gasket-chrome-c,MMR-11144,"Mastodon Pump Mounting Plate With Gasket, Chrome C"
https://allamericanmuscle.co.za/wp-content/uploads/2026/06/MMR8967BK-2.webp,mastodon-alternator-pulley-delco-single-groove-bla,MMR-8967-BK,"Mastodon Alternator Pulley Delco Single Groove Bla"
https://allamericanmuscle.co.za/wp-content/uploads/2026/06/9101751_L1600_0a7120e9-36ba-4cac-b89f-ea122c1b95ed.webp,mastodon-locking-trans-dipstick-4l80e-4l60e-700r4,MMR-39041,"Mastodon Locking Trans Dipstick 4L80E/4l60e/700R4"
https://allamericanmuscle.co.za/wp-content/uploads/2026/06/MMSI-AT25078-KIT1-1.webp,mastodon-universal-ls-engine-motor-mounts,MMR-25039,"Mastodon Universal LS Engine Motor Mounts"
https://allamericanmuscle.co.za/wp-content/uploads/2026/06/92610660_L_07f4b157-38a7-4d34-a11c-0b8b9a123c17.webp,mastodon-gm-control-arm-shim-kit,MMR-11185,"Mastodon GM Control Arm Shim Kit"
https://allamericanmuscle.co.za/wp-content/uploads/2026/06/RH-RON-204.webp,mastodon-rubber-shifter-boot-with-plate-chrome,MMR-204,"Mastodon Rubber Shifter Boot with Plate (Chrome)"
https://allamericanmuscle.co.za/wp-content/uploads/2026/06/AllAMericanMuscle_Mastodon-Engine-Oil-Tube-Dipstick-Black-SBF-260-351W_MMSI-AT39023.webp|https://allamericanmuscle.co.za/wp-content/uploads/2026/06/MMSI-AT39023.webp,mastodon-engine-oil-tube-dipstick-sbf-260-351w,MMR-39023-BL,"Mastodon Engine Oil Tube & Dipstick SBF 260-351W"
https://allamericanmuscle.co.za/wp-content/uploads/2026/06/51245B-3.webp,mastodon-ls-car-8mm-spark-plug-135-degree-plug-boots-red,MMR-51245-R,"Mastodon LS Car 8mm Spark Plug 135 Degree Plug Boots Red"
https://allamericanmuscle.co.za/wp-content/uploads/2026/06/SI-AT58042.webp,mastodon-ls-exhaust-manifold-gasket-kit-ls,MMR-58042,"Mastodon LS Exhaust Manifold Gasket Kit LS"
https://allamericanmuscle.co.za/wp-content/uploads/2026/06/MMR3099-1.jpg,mastodon-h-e-i-distributor-for-sb-bb-chevy,MMR-3099,"Mastodon H.E.I Distributor For SB/BB Chevy"
https://allamericanmuscle.co.za/wp-content/uploads/2026/06/SI-AT11369.webp,mastodon-pcv-valve-and-grommet-3-4-fits-1-25-id-polished,MMR-11369,"Mastodon PCV Valve and Grommet, 3/4″, Fits 1.25″ ID, Polished"
https://allamericanmuscle.co.za/wp-content/uploads/2026/06/RH-RON-055-2.webp,mastodon-universal-manual-master-cylinder-rod-kit,MMR-055,"Mastodon Universal Manual Master Cylinder Rod Kit"
https://allamericanmuscle.co.za/wp-content/uploads/2026/06/4917011_L1450_099be6d9-3229-4f51-a268-99080b17ada6.webp,mastodon-parking-brake-ass-floor-mount-11-inch-2,MMR-4917000-C,"Mastodon Parking Brake Ass, Floor Mount, 11 Inch,"
https://allamericanmuscle.co.za/wp-content/uploads/2026/06/KD4712-1.webp,mastodon-universal-16-inch-electric-slim-radiator-f,MMR-77001,"Mastodon Universal 16 inch Electric Slim Radiator F"
https://allamericanmuscle.co.za/wp-content/uploads/2026/06/sum-377806_xl.webp,mastodon-sbc-chrome-thermostat-housing,MMR-32017,"Mastodon Sbc Chrome Thermostat Housing"
https://allamericanmuscle.co.za/wp-content/uploads/2026/06/MMSI-AT11118.webp|https://allamericanmuscle.co.za/wp-content/uploads/2026/06/MMSI-AT11118-2.webp,mastodon-sbf-valve-cover-bolt-set-289-302-351w,MMR-11118,"Mastodon SBF Valve Cover Bolt Set 289/302/351W"
https://allamericanmuscle.co.za/wp-content/uploads/2026/06/51245B-4.webp,mastodon-ls-truck-8mm-10-l-135-degree-plug-boots-bk,MMR-51046-B,"Mastodon LS Truck 8mm 10″ L, 135 Degree Plug Boots BK"
https://allamericanmuscle.co.za/wp-content/uploads/2026/06/sum-889505r_xl.webp,mastodon-ls-truck-8mm135-degree-plug-boots-r,MMR-51046-R,"Mastodon LS Truck 8mm135 Degree Plug Boots R"
https://allamericanmuscle.co.za/wp-content/uploads/2026/06/1003301-1.webp,mastodon-horn-button-polished-9-hole,MMR-121804-B,"Mastodon Horn Button Polished 9 Hole"
https://allamericanmuscle.co.za/wp-content/uploads/2026/04/web2028629_1.webp,mastodon-ls-wire-set-135,MMR-38015,"Mastodon LS Wire Set 135"
https://allamericanmuscle.co.za/wp-content/uploads/2026/06/MMR3307-1.webp,mastodon-block-hugger-headers-chevy-ls1-lls6-t-ss,MMR-GW-007,"Mastodon Block Hugger Headers, Chevy LS1-LLS6 T SS"
https://allamericanmuscle.co.za/wp-content/uploads/2026/06/93001000_L1600_3c51221e-f06d-4efb-a10d-651e6232a87b.webp,mastodon-exhaust-header-s-s-short-chevy-ls,MMR-GW-030,"Mastodon Exhaust Header, S/S Short Chevy LS"
https://allamericanmuscle.co.za/wp-content/uploads/2026/06/1005-2.webp,mastodon-7dual-brake-boosterchrome,MMR-7000-C,"Mastodon 7″Dual Brake Booster,Chrome"
https://allamericanmuscle.co.za/wp-content/uploads/2026/06/MMSI-AT32023-1.webp,mastodon-thermostat-housing-water-neck,MMR-32016,"Mastodon Thermostat Housing Water Neck"
https://allamericanmuscle.co.za/wp-content/uploads/2026/06/MMSI-AT12033.webp,mastodon-24-inch-universal-braided-throttle-cable,MMR-12033,"Mastodon 24 Inch Universal Braided Throttle Cable"
https://allamericanmuscle.co.za/wp-content/uploads/2026/06/MMR235009.webp,mastodon-aluminium-rocker-arms-bbc-454-1-6,MMR-235009,"Mastodon Aluminium Rocker Arms BBC 454 1.6"
https://allamericanmuscle.co.za/wp-content/uploads/2026/06/MMR8853-1.webp,mastodon-sbc-double-groove-swp-pulley,MMR-25096,"Mastodon Sbc Double Groove Swp Pulley"
https://allamericanmuscle.co.za/wp-content/uploads/2026/06/MMR8850.webp|https://allamericanmuscle.co.za/wp-content/uploads/2026/06/MMR8850.webp,mastodon-sbc-short-water-pump-pulley-single-groove,MMR-8850,"Mastodon SBC Short Water Pump Pulley Single Groove"
https://allamericanmuscle.co.za/wp-content/uploads/2026/06/GW-EW004-63-2.webp,mastodon-exhaust-cut-out-stainless-steel-304-3-0,MMR-GW-76,"Mastodon Exhaust Cut-Out, Stainless Steel 304, 3.0"
https://allamericanmuscle.co.za/wp-content/uploads/2026/06/91602033_L1600_38ff472b-f4b2-404e-b7c0-460612abaa2f.webp,mastodon-red-male-dist-cap-rotor-sbc,MMR-09057,"Mastodon Red Male Dist Cap & Rotor SBC"
https://allamericanmuscle.co.za/wp-content/uploads/2026/06/91031447_L1600_cf4d474e-9419-42f7-9e4f-b6c88b5ac649.webp,mastodon-master-cylinder-chrome,MMR-FRS204-C,"Mastodon Master Cylinder Chrome"
https://allamericanmuscle.co.za/wp-content/uploads/2026/06/MMSI-AT58022-1-2.webp,mastodon-overhaul-gasket-full-set,MMR-58022,"Mastodon Overhaul Gasket FUll Set"
https://allamericanmuscle.co.za/wp-content/uploads/2026/06/MMR7483-1.webp,mastodon-valve-cover-sbc-cork,MMR-58046-C,"Mastodon Valve Cover SBC Cork"
https://allamericanmuscle.co.za/wp-content/uploads/2026/06/MMR7489-3.webp,mastodon-sbc-valve-cover-gasket-steel-core-rubber,MMR-58046-R,"Mastodon SBC Valve Cover Gasket, Steel Core, Rubber"
https://allamericanmuscle.co.za/wp-content/uploads/2026/06/MMSI-AT58022-1-3.webp,mastodon-sbc-intake-manifold-gasket-set,MMR-58063,"Mastodon SBC Intake Manifold Gasket Set"
https://allamericanmuscle.co.za/wp-content/uploads/2026/06/51245B-5.webp,mastodon-8mm-ls-8-ignition-wire-with-180-degree-plug-boot,MMR-51244-R,"Mastodon 8mm LS 8″ Ignition Wire with 180 Degree Plug Boot"
https://allamericanmuscle.co.za/wp-content/uploads/2026/06/SH-HQ08.avif,automatic-transmission-mount-hi-tech-shifter,MMR-Q08,"Automatic Transmission Mount Hi-Tech Shifter"
https://allamericanmuscle.co.za/wp-content/uploads/2026/06/bsp-blk90134_xl.webp,mastodon-water-neck-black-sbc-bbc-mopar,MMR-32008-BL,"Mastodon Water Neck, Black, SBC, BBC, Mopar"
https://allamericanmuscle.co.za/wp-content/uploads/2026/06/91032007_L1600_00d48678-563d-425d-907e-35a1030977ed.webp,mastodon-disc-brake-kit-with-e-brake-9-inch-bolt,MMR-31921,"Mastodon Disc Brake Kit With E-Brake, 9 Inch Bolt-"
https://allamericanmuscle.co.za/wp-content/uploads/2026/06/MMSI-AT39018-2.webp|https://allamericanmuscle.co.za/wp-content/uploads/2026/06/MMSI-AT39018.webp,mastodon-stainless-flexible-oil-dipstick-small-block,MMR-39018,"Mastodon Stainless Flexible Oil Dipstick Small Block"
https://allamericanmuscle.co.za/wp-content/uploads/2026/06/AllamericanMuscle_Mastodon-Universal-8mm-90-Degree-Spark-Plug-Wire-Set_MMSI-AT38022.webp,mastodon-universal-spark-plug-wire-set-8mm-90-degree,MMR-38022-BL,"Mastodon Universal Spark Plug Wire Set 8mm 90 Degree"
https://allamericanmuscle.co.za/wp-content/uploads/2026/06/CE-7007.webp,mastodon-spring-plates-3u-bolts-65-73-mustang,MMR-7007,"Mastodon Spring Plates 3U bolts, 65-73 Mustang"
https://allamericanmuscle.co.za/wp-content/uploads/2026/06/99005557_L1600_98b7cd16-63b6-4e76-b253-9ce017c56a02.webp,mastodon-ford-9-rear-end-housing-with-axes-57,MMR-9&#8243;-57&#8243;H,"Mastodon Ford 9′ Rear End Housing With Axes 57 “"
https://allamericanmuscle.co.za/wp-content/uploads/2026/06/91139608_L1600_10f8e889-7eed-4d65-9006-4ac96e82b8aa.webp,wheel-spinner-3-bar,MMR-13690,"Wheel Spinner 3 Bar"
https://allamericanmuscle.co.za/wp-content/uploads/2026/06/9106410_L1600_136234c7-9887-4910-98de-bbb51fdf6e6d.webp,mastodon-e-cooling-fan-thermostat-switch,MMR-21079,"Mastodon e Cooling Fan Thermostat Switch"
https://allamericanmuscle.co.za/wp-content/uploads/2026/06/MMSI-AT16032.avif,mastodon-universal-adjustable-column-shift-linkage,MMR-16032,"Mastodon Universal Adjustable Column Shift Linkage"
https://allamericanmuscle.co.za/wp-content/uploads/2026/04/47a82f28-c73b-43d6-b4d0-9db6ff85eec7.webp,mastodon-carburetor-studs-kit-5-16-x-2-1-2,MMR-11366,"Mastodon Carburetor Studs Kit 5/16″ X 2 1/2″"
https://allamericanmuscle.co.za/wp-content/uploads/2026/06/MMSI-AT25008.webp,mastodon-chrome-distributor-hold-down-clamps-kit-sbc-bbc,MMR-25008,"Mastodon Chrome Distributor Hold Down Clamps Kit SBC/BBC"
https://allamericanmuscle.co.za/wp-content/uploads/2026/06/91015822_L1600_5bee793a-a3d7-474a-b5b2-8ce440b5febe.webp,mastodon-chevy-ls-polished-alum-straight-up-water,MMR-32022,"Mastodon Chevy Ls Polished Alum Straight Up Water"
https://allamericanmuscle.co.za/wp-content/uploads/2026/06/MMR7489-4.webp,mastodon-sbc-valve-cover-gasket-centre-bolt,MMR-7489,"Mastodon SBC Valve Cover Gasket Centre Bolt"
https://allamericanmuscle.co.za/wp-content/uploads/2026/06/MMSI-AT34042.webp,mastodon-rubber-shifter-boot-round,MMR-34042,"Mastodon Rubber Shifter Boot Round"
https://allamericanmuscle.co.za/wp-content/uploads/2026/06/SI-AT13138-1.webp,mastodon-gm-chrome-door-window-crank-handle-pair-s,MMR-13137,"Mastodon GM Chrome Door Window Crank Handle Pair S"
https://allamericanmuscle.co.za/wp-content/uploads/2026/06/U10715806145.webp,mastodon-lower-swivel-column-mounts,MMR-128582,"Mastodon Lower Swivel Column Mounts"
https://allamericanmuscle.co.za/wp-content/uploads/2026/06/910-48314.webp,mastodon-universal-drive-shaft-u-bolts-1-1-8-inch,MMR-48314,"Mastodon Universal Drive Shaft U bolts 1-1/8 Inch"
https://allamericanmuscle.co.za/wp-content/uploads/2026/04/def7dc831a5a611c715aa7a8c66962aac0a36a258b43c4c617dff928e58b9e56.webp,mastodon-coyote-5-0l-exhaust-manifold-stainless-steel,MMR-FO-036,"Mastodon Coyote 5.0l Exhaust Manifold – Stainless Steel"
https://allamericanmuscle.co.za/wp-content/uploads/2026/06/brg-130964_xl.webp,mastodon-u-joint-3-4-smooth-x-3-4-smooth,MMR-UJ001,"Mastodon U-Joint, 3/4″ Smooth X 3/4″ Smooth"
https://allamericanmuscle.co.za/wp-content/uploads/2026/06/910105502_L700_af2d0a4f-1e28-4322-a7ea-49559f88e6d7.webp,mastodon-steering-wheel-adapter-6-holes-polished,MMR-6061-A,"Mastodon Steering Wheel Adapter 6 Holes Polished"
https://allamericanmuscle.co.za/wp-content/uploads/2026/06/MMSI-AT12006.webp,mastodon-braided-kickdown-cable-for-chrysler-727,MMR-12006,"Mastodon Braided Kickdown Cable for Chrysler 727"
https://allamericanmuscle.co.za/wp-content/uploads/2026/06/910105502_L700_af2d0a4f-1e28-4322-a7ea-49559f88e6d7-1.webp,mastodon-9-bolt-billet-polished-gm-hub-adapter,MMR-6002-A,"Mastodon 9 Bolt Billet Polished GM Hub Adapter"
https://allamericanmuscle.co.za/wp-content/uploads/2026/04/s-l1600.webp,mastodon-alternator-1-wire-140-amp-v-belt-chrome,MMR-100106,"Mastodon Alternator 1 Wire 140 Amp V-belt – Chrome"
https://allamericanmuscle.co.za/wp-content/uploads/2026/06/MMSI-AT39020-1.webp,mastodon-sbf-stainless-engine-oil-dipstick-bk,MMR-39018-BK,"Mastodon SBF Stainless Engine Oil Dipstick BK"
https://allamericanmuscle.co.za/wp-content/uploads/2026/06/CE-7000A.webp,mastodon-leaf-spring-pads-3-tube-x-21-4-wide,MMR-7000-A,"Mastodon Leaf Spring Pads 3 Tube x 21/4 Wide"
https://allamericanmuscle.co.za/wp-content/uploads/2026/06/MMSI-AT25007.webp,mastodon-steel-throttle-return-bracket-kit-holley,MMR-25007,"Mastodon Steel Throttle Return Bracket Kit Holley"
https://allamericanmuscle.co.za/wp-content/uploads/2026/06/edl-43667_xl-1.webp,mastodon-air-cleaner-filter-element-washable,MMR-20047-BK,"Mastodon Air Cleaner Filter Element, Washable"
https://allamericanmuscle.co.za/wp-content/uploads/2026/06/fel-1415_tb_xl-1.webp,mastodon-header-gasket-for-62-95-small-block-ford,MMR-3808,"Mastodon Header Gasket For 62-95 Small Block Ford"
https://allamericanmuscle.co.za/wp-content/uploads/2026/06/mil-45685-1.webp,mastodon-sbc-195-intake-valve-size-2-08-4-91-stem-8-0mm,MMR-SBC195IV,"Mastodon SBC 195 Intake Valve Size 2.08 4.91 Stem 8.0mm"
https://allamericanmuscle.co.za/wp-content/uploads/2026/06/MMSI-AT11131.webp,mastodon-sbc-bbc-chevy-oil-filter-adapter-spin-on,MMR-11131,"Mastodon SBC/BBC Chevy Oil Filter Adapter Spin-On"
https://allamericanmuscle.co.za/wp-content/uploads/2026/06/SI-AT13138.webp,mastodon-chrome-window-crank-handle-ford-truck,MMR-13138,"Mastodon Chrome Window Crank Handle (Ford Truck)"
https://allamericanmuscle.co.za/wp-content/uploads/2026/06/knn-62-1160_xl.webp,mastodon-round-breather-with-vent,MMR-11363,"Mastodon Round Breather with Vent"
https://allamericanmuscle.co.za/wp-content/uploads/2026/06/SI-AT25088.webp,mastodon-steering-column-drop-2-5-column,MMR-25088,"Mastodon Steering Column Drop 2.5″ Column"
https://allamericanmuscle.co.za/wp-content/uploads/2026/06/rfl-2006_mb_xl.webp,mastodon-header-gasket-for-55-91-small-block-chevy,MMR-3802,"Mastodon Header Gasket For 55-91 Small Block Chevy"
https://allamericanmuscle.co.za/wp-content/uploads/2026/06/MMSI-AT11145-2-1.webp,mastodon-sbc-fuel-pump-mounting-plate-gasket,MMR-11144-B,"Mastodon SBC Fuel Pump Mounting plate + Gasket"
https://allamericanmuscle.co.za/wp-content/uploads/2026/06/14-1-scaled-2.webp,mastodon-steering-wheel-adapter-9-holes-black,MMR-6104-B,"Mastodon Steering Wheel Adapter 9 Holes Black"
https://allamericanmuscle.co.za/wp-content/uploads/2026/06/MMSI-AT12035.webp,mastodon-36-inch-universal-throttle-cable-black-plastic,MMR-12035,"Mastodon 36 Inch Universal Throttle Cable Black Plastic"
https://allamericanmuscle.co.za/wp-content/uploads/2026/06/SI-AT38021-BK-1-4.webp,mastodon-spark-plug-wire-set-4,MMR-38026-R,"Mastodon Spark Plug Wire Set"
https://allamericanmuscle.co.za/wp-content/uploads/2026/06/MMR3002BK-1-1.webp,mastodon-spark-plug-wire-set-8-5mm-180-deg-blue,MMR-38021-BL,"Mastodon Spark Plug Wire Set 8.5mm 180 Deg, Blue"
https://allamericanmuscle.co.za/wp-content/uploads/2026/06/MMSI-AT38019.webp,mastodon-chevy-ls-spark-plug-wires,MMR-38019-R,"Mastodon Chevy LS spark plug wires"
https://allamericanmuscle.co.za/wp-content/uploads/2026/06/MMSI-AT33015-3.webp,mastodon-gm-ignition-module,MMR-33015,"Mastodon GM Ignition Module"
https://allamericanmuscle.co.za/wp-content/uploads/2026/06/vta-36033-mpa_pz.webp,mastodon-intake-manifold-heater-hose-1-2-inch-npt-f,MMR-11077,"Mastodon Intake Manifold Heater Hose 1/2 inch NPT F"
https://allamericanmuscle.co.za/wp-content/uploads/2026/06/KNDI-7702.webp,ready-to-run-distributor-ford-windsor-302,MMR-7702,"Ready to Run Distributor Ford Windsor 302"
https://allamericanmuscle.co.za/wp-content/uploads/2026/06/KNDI-8360.webp,mastodon-pro-billet-ready-to-run-distributor-internal-module-sbc-bbc,MMR-8360,"Mastodon Pro-Billet Ready To Run Distributor – Internal Module SBC/BBC"
https://allamericanmuscle.co.za/wp-content/uploads/2026/06/afr-7254-1_kg_xl.webp,sbc-195-exhaust-valve-size-1-6-l-4-97-stem-8-0mm,MMR-SBC195EV,"SBC 195 Exhaust Valve Size 1.6 L 4.97 Stem 8.0mm"
https://allamericanmuscle.co.za/wp-content/uploads/2026/06/RH-RON-208.webp,transmission-dipstick-flexible-ss-sbc-bbc-mastodon,MMR-208,"Transmission Dipstick Flexible SS SBC/BBC Mastodon"
https://allamericanmuscle.co.za/wp-content/uploads/2026/06/PD-002-BLK-3.webp,mastodon-5-7-bracket-black,MMR-LY-BT-5.75 B,"Mastodon 5.7 Bracket (Black)"
https://allamericanmuscle.co.za/wp-content/uploads/2026/06/MMSI-AT12007.webp,mastodon-braided-kickdown-cable-for-th700-r4,MMR-12007,"Mastodon Braided Kickdown Cable for TH700-R4"
https://allamericanmuscle.co.za/wp-content/uploads/2026/06/edl-43667_xl-2.webp,mastodon-air-cleaner-filter-element-washable-2,MMR-20047-R,"Mastodon Air Cleaner Filter Element, Washable"
https://allamericanmuscle.co.za/wp-content/uploads/2026/06/MMSI-AT11135-1.webp,mastodon-90-degree-water-pump-fitting-5-8-hose,MMR-11135,"Mastodon 90 Degree Water Pump Fitting 5/8 Hose"
https://allamericanmuscle.co.za/wp-content/uploads/2026/06/MMSI-AT02064-1.webp,mastodon-black-7mm-8mm-spark-plug-wire-separators,MMR-02065BK,"Mastodon Black 7mm/8mm Spark Plug Wire Separators"
https://allamericanmuscle.co.za/wp-content/uploads/2026/06/MMSI-AT58019.webp,mastodon-copper-header-exhaust-gaskets-sbc-pair,MMR-58019,"Mastodon Copper Header Exhaust Gaskets SBC (Pair)"
https://allamericanmuscle.co.za/wp-content/uploads/2026/06/9175028_L1600_e7750826-afe5-433e-81ec-0fac146d10f1-1.webp,mastodon-radiator-only-2,MMR-9153,"Mastodon Radiator Only"
https://allamericanmuscle.co.za/wp-content/uploads/2026/06/MMR3045BK.webp,mastodon-billet-distributor-cap-v8,MMR-3045BK,"Mastodon Billet Distributor Cap V8"
https://allamericanmuscle.co.za/wp-content/uploads/2026/06/MMSI-AT58011-1.webp,mastodon-sbc-bbc-3-inch-reusable-copper-header-exha,MMR-58012,"Mastodon SBC/BBC 3 inch Reusable Copper Header Exha"
https://allamericanmuscle.co.za/wp-content/uploads/2026/06/qft-49-3_w.webp,mastodon-throttle-return-spring-kit-chrome,MMR-105,"Mastodon Throttle Return Spring Kit, Chrome"
https://allamericanmuscle.co.za/wp-content/uploads/2026/06/Pontiac-HEI-Distributor-SBC-BBC-SA-1.webp,mastodon-hei-distributor-pontiac-326-455,MMR-85007,"Mastodon HEI Distributor Pontiac 326-455"
https://allamericanmuscle.co.za/wp-content/uploads/2026/06/105170072_L_703ecaff-64d6-49af-8f8c-95fc96e96a98.webp,mastodon-distributor-wire-harness-hei-connector,MMR-02127,"Mastodon Distributor Wire Harness, HEI, Connector"
https://allamericanmuscle.co.za/wp-content/uploads/2026/06/MMSI-AT12032.webp,mastodon-universal-braided-throttle-cable-24-inch-black,MMR-12032,"Mastodon Universal Braided Throttle Cable 24 Inch Black"
https://allamericanmuscle.co.za/wp-content/uploads/2026/06/RH-RON-076.webp,th350-stainless-steel-kick-down-cable,MMR-076,"TH350 Stainless Steel Kick Down Cable"
https://allamericanmuscle.co.za/wp-content/uploads/2026/06/gmk-4010-205-62p_xl.webp,mastodon-camaro-hood-bumper-stopper-pair,MMR-11076,"Mastodon Camaro Hood Bumper Stopper Pair"
https://allamericanmuscle.co.za/wp-content/uploads/2026/06/fel-ss72861_xl.webp,mastodon-sbc-viton-valve-stem-seal-16set,MMR-28130,"Mastodon SBC Viton Valve Stem Seal 16set"
https://allamericanmuscle.co.za/wp-content/uploads/2026/06/MMSI-AT12034.webp,mastodon-36-inch-universal-braided-throttle-cable,MMR-083,"Mastodon 36 Inch Universal Braided Throttle Cable"
https://allamericanmuscle.co.za/wp-content/uploads/2026/06/RH-RON-084.webp,mastodon-universal-throttle-cable-24-inch-s-s-br,MMR-081,"Mastodon Universal Throttle Cable, 24 Inch, S/S Br"
https://allamericanmuscle.co.za/wp-content/uploads/2026/06/AllAmericanMuscle_Sbc-Stainless-Flexible-Dipstick-Driver-Side_MMSI-AT39019.webp,stainless-steel-flexible-dipstick-driver-side-sbc,MMR-39019-SS,"stainless steel flexible dipstick – Driver Side SBC"
https://allamericanmuscle.co.za/wp-content/uploads/2026/06/MMSI-AT11370.avif,sbf-brass-freeze-plug-kit-260-302-mastodon,MMR-11370,"SBF Brass Freeze Plug Kit (260-302) Mastodon"
https://allamericanmuscle.co.za/wp-content/uploads/2026/06/MMSI-AT32006.webp,dual-electric-fan-control-harness-south-africa,MMR-32006,"Dual Electric Fan Control Harness South Africa"
https://allamericanmuscle.co.za/wp-content/uploads/2026/06/100.9544A-1.webp,mastodon-radiator-hose-kit-with-aluminum-caps-48,MMR-22023-C,"Mastodon Radiator Hose Kit with Aluminum Caps 48′"
https://allamericanmuscle.co.za/wp-content/uploads/2026/06/SI-AT38021-BK-1-5.webp,mastodon-spark-plug-wire-set-5,MMR-38020-BL,"Mastodon Spark Plug Wire Set"
https://allamericanmuscle.co.za/wp-content/uploads/2026/06/MMSI-AT11092.webp,mastodon-throttle-return-springs-bracket-kit,MMR-11092,"Mastodon Throttle Return Springs & Bracket Kit"
https://allamericanmuscle.co.za/wp-content/uploads/2026/06/MMSI-AT02064.webp,mastodon-chrome-7mm-8mm-spark-plug-wire-separators,MMR-02064-C,"Mastodon Chrome 7mm/8mm Spark Plug Wire Separators"
https://allamericanmuscle.co.za/wp-content/uploads/2026/06/MMSI-AT43011.webp,mastodon-ls-swap-mounts-sa-red-poly-engine,MMR-43011,"Mastodon LS Swap Mounts SA – Red Poly Engine"
https://allamericanmuscle.co.za/wp-content/uploads/2026/06/Plastic-Car-Cover-1.webp,mastodon-plastic-car-cover,MMR-COVER,"Mastodon Plastic Car Cover"
https://allamericanmuscle.co.za/wp-content/uploads/2026/06/91602033_L1600_38ff472b-f4b2-404e-b7c0-460612abaa2f-1.webp,mastodon-h-e-i-distributor-high-performance-ignite,MMR-065,"Mastodon H.E.I. Distributor High Performance Ignite"
https://allamericanmuscle.co.za/wp-content/uploads/2026/06/afr-7254-1_kg_xl-1.webp,mastodon-sbc-180-exhaust-valve-size-1-6-l-4-91-stem-11-32,MMR-SBC180EV,"Mastodon SBC 180 Exhaust Valve Size 1.6 L 4.91 Stem 11/32"
https://allamericanmuscle.co.za/wp-content/uploads/2026/06/V1650B-1.webp,mastodon-sbc-180-intake-valve-size-2-02-l-4-91-stem-11-32,MMR-SBC180IV,"Mastodon SBC 180 Intake Valve Size 2.02 L 4.91 Stem 11/32"
https://allamericanmuscle.co.za/wp-content/uploads/2026/06/MMSI-AT11137-1.webp,mastodon-valve-cover-spreader-bars,MMR-11137,"Mastodon Valve Cover Spreader Bars"
https://allamericanmuscle.co.za/wp-content/uploads/2026/06/MMSI-AT32009-2.webp,mastodon-90-degree-swivel-water-neck-polished-alum,MMR-32010-C,"Mastodon 90 Degree Swivel Water Neck Polished Alum"
https://allamericanmuscle.co.za/wp-content/uploads/2026/06/edl-8599_gt_xl.webp,mastodon-rocker-arm-studs-7-16,MMR-7/16,"Mastodon Rocker Arm Studs 7/16"
https://allamericanmuscle.co.za/wp-content/uploads/2026/06/9100409_L1300_192b62f7-b7ef-4b8b-8e34-7bcd27542c07.webp,mastodon-column-drop-3-12-4-dia-2-1-2-inch,MMR-128503-200,"Mastodon Column Drop 3-12/4 Dia 2-1/2 inch"
https://allamericanmuscle.co.za/wp-content/uploads/2026/06/tff-8488d_xl.webp,mastodon-power-steering-pulley-gm-aluminium-1-v,MMR-190,"Mastodon Power Steering Pulley, GM, Aluminium 1 V"
https://allamericanmuscle.co.za/wp-content/uploads/2026/04/noimage_1-2.webp,mastodon-universal-ignition-wire-set-8-5mm,MMR-38020-BK,"Mastodon Universal Ignition Wire Set 8.5mm"
https://allamericanmuscle.co.za/wp-content/uploads/2026/06/91032914_L_6e1d3ae0-cd36-47d5-98c5-47b55549d13c.webp,mastodon-power-steering-pump-pulley-gn-2-groove,MMR-191,"Mastodon Power Steering Pump Pulley, GN, 2 Groove"
https://allamericanmuscle.co.za/wp-content/uploads/2026/06/91015449_L1600_e4a33876-5fc8-4158-98e9-8103035bcb68.webp,mastodon-high-volume-fan-16,MMR-9512,"Mastodon High-Volume Fan 16″"
https://allamericanmuscle.co.za/wp-content/uploads/2026/06/MMR3813-2.webp,mastodon-rocker-arm-studs-3-8,MMR-3/8,"Mastodon Rocker Arm Studs 3/8"
https://allamericanmuscle.co.za/wp-content/uploads/2026/06/MMSI-AT28091.webp,mastodon-breather-grommets-rubber,MMR-28091,"Mastodon Breather Grommets Rubber"
https://allamericanmuscle.co.za/wp-content/uploads/2026/06/MMR3002BK-1-2.webp,mastodon-universal-ignition-wire-set-8-5mm-180-deg,MMR-38021-R,"Mastodon Universal Ignition Wire Set 8.5mm 180 Deg"
https://allamericanmuscle.co.za/wp-content/uploads/2026/06/MMSI-AT02065.webp,mastodon-assorted-vacuum-line-cap-kit,MMR-02069,"Mastodon Assorted Vacuum Line Cap Kit"
https://allamericanmuscle.co.za/wp-content/uploads/2026/06/Mastodon-Chevy-Flexible-Stainless-700R4-Trans-Dip.webp,700r4-transmission-dipstick-flexible-ss-chevy,MMR-39015,"700R4 Transmission Dipstick Flexible SS Chevy"
https://allamericanmuscle.co.za/wp-content/uploads/2026/06/MMSI-AT12005-1.webp,mastodon-transmission-kickdown-cable-ford-c6-and-c4,MMR-075,"Mastodon Transmission Kickdown Cable, Ford C6 And C4"
https://allamericanmuscle.co.za/wp-content/uploads/2026/06/MMRKNC-060.webp,mastodon-h-e-i-distributor-cap-8-cylinder,MMR-HEI-060,"Mastodon H.E.I. Distributor Cap 8 Cylinder"
https://allamericanmuscle.co.za/wp-content/uploads/2026/06/SUM-G1418.webp,mastodon-4-barrel-carburettor-gasket-each,MMR-58009,"Mastodon 4 Barrel Carburettor Gasket Each"
https://allamericanmuscle.co.za/wp-content/uploads/2026/06/MMRKNC-002.webp,mastodon-h-e-i-distributor-coil-cap,MMR-HEI-002,"Mastodon H.E.I. Distributor Coil Cap"
https://allamericanmuscle.co.za/wp-content/uploads/2026/06/1112BK-black-carb.webp,mastodon-600-cfm-vacuum-secondary-carb-sa,MMR-1112-BK,"Mastodon 600 CFM Vacuum Secondary Carb SA"
https://allamericanmuscle.co.za/wp-content/uploads/2026/06/2b0f6f76-d4b3-4ca4-9646-11e53d94997c-1.webp,moog-chassis-parts-348-moog-premium-universal-u,MOG-349,"Moog Chassis Parts 348 – Moog Premium Universal U-"
https://allamericanmuscle.co.za/wp-content/uploads/2026/06/2b0f6f76-d4b3-4ca4-9646-11e53d94997c.webp,moog-chassis-parts-369-moog-premium-universal-u,MOG-370,"Moog Chassis Parts 369 – Moog Premium Universal U-"
https://allamericanmuscle.co.za/wp-content/uploads/2026/06/723b141a-5081-43f4-8500-f3d95b0e94ac.webp,pioneer-flexplates,FRA-203,"Pioneer Flexplates"
https://allamericanmuscle.co.za/wp-content/uploads/2026/06/11773138-81d6-43bd-ba27-a9e8ef2a8d6e.webp,pro-comp-3-8-rocker-arm-studs-set,PC-0012,"Pro Comp 3/8 Rocker Arm Studs Set"
https://allamericanmuscle.co.za/wp-content/uploads/2026/06/0e2b6e74-b4c0-4020-94fd-08dc067f0b66.webp,speedmaster-sbf-windsor-aluminum-intake-manifold-polished,PCE147-1042,"Speedmaster SBF Windsor Aluminum Intake Manifold Polished"
https://allamericanmuscle.co.za/wp-content/uploads/2026/06/595a2c6f-770f-4031-876b-6940c0a381c1.webp,1967-1970-mustang-billet-black-hood-hinges,RB-52670-1022Bk,"1967-1970 Mustang Billet Black Hood Hinges"
https://allamericanmuscle.co.za/wp-content/uploads/2026/06/e39e6169-2c53-4805-b29e-45419c655358.webp,speedmaster-sbf-w-roller-rockers-arm-set-3-8-1-6-ratio,PCE261-1018,"Speedmaster SBF W Roller Rockers Arm Set 3/8 1.6 Ratio"
https://allamericanmuscle.co.za/wp-content/uploads/2026/06/9be6f8f6-8dbd-47d0-bbf2-3cec190c297a.webp,speedmaster-ford-351c-4-030-1-100-0-927-flat-top-hyper-pistons-coated,PCE305-1302,"Speedmaster Ford 351C-4.030″ 1.100″ 0.927″ Flat Top Hyper Pistons Coated"
https://allamericanmuscle.co.za/wp-content/uploads/2026/06/d351ea54-3b90-44d3-a773-d5992a5a7317.webp,summit-starter-bolt-shim-kit-sbc,SUM-66256,"Summit Starter Bolt & Shim Kit SBC"
https://allamericanmuscle.co.za/wp-content/uploads/2026/06/120-12069-BK.webp,wilwood-parking-brake-caliper-mc4-mechanical-1-8-2-inch,W-120-12069-BK,"Wilwood Parking Brake Caliper – MC4 Mechanical, 1/8-2 Inch"
https://allamericanmuscle.co.za/wp-content/uploads/2026/06/ADO-19418859.webp,ac-delco-chevrolet-starter-motor,AC-19418859,"AC Delco Chevrolet Starter Motor"
https://allamericanmuscle.co.za/wp-content/uploads/2026/06/cca1a66d-b26f-4039-91b0-0c5f4c070f4a.webp,sparco-tow-strap,KD-6011,"SPARCO Tow Strap"
https://allamericanmuscle.co.za/wp-content/uploads/2026/06/98093ef5-9d1d-4284-9cd1-308835113a33.webp,canton-racing-15-751-oil-pump-pickup-big-block-for,CR-15-751,"Canton Racing 15-751 Oil Pump Pickup Big Block For"
https://allamericanmuscle.co.za/wp-content/uploads/2026/06/4616e515-d701-4100-a5e2-26203fbd38bb.webp,speedmaster-sbf-intake-manifold-gasket,PK 49-1006,"Speedmaster SBF Intake Manifold Gasket"
https://allamericanmuscle.co.za/wp-content/uploads/2026/06/bb190681-e481-42e5-9934-4b80498c7bd5.webp,rear-view-mirror-parking-kit-4-3-tft-mirror,PS35MR04,"Rear View Mirror Parking Kit, 4.3″ TFT Mirror"
https://allamericanmuscle.co.za/wp-content/uploads/2026/06/386da7af-6396-464e-a202-3ac9ec76c0cc.webp,united-pacific-led-aux-light,37968,"United Pacific LED Aux Light"
https://allamericanmuscle.co.za/wp-content/uploads/2026/06/KD1610.webp,kyostar-radiator-cap-aluminum,KD-1610,"Kyostar Radiator Cap – Aluminum"
https://allamericanmuscle.co.za/wp-content/uploads/2026/06/3be62b9f-f740-4b77-b24b-9f5405240990.webp,gud-oil-filter-z156-for-opel-isuzu,Z-156,"GUD Oil filter Z156 For Opel & Isuzu"
https://allamericanmuscle.co.za/wp-content/uploads/2026/06/46c6b5e4-b538-4472-90a2-d1ba055b3299.webp,gud-oil-filter-z297,Z-297,"GUD Oil Filter Z297"
https://allamericanmuscle.co.za/wp-content/uploads/2026/06/20-854.webp,canton-racing-braided-engine-dipstick-ss,20-854,"Canton Racing Braided Engine Dipstick SS"
https://allamericanmuscle.co.za/wp-content/uploads/2026/06/89650cd8-2526-4a5a-b1db-bbcc66052385.webp,sce-gaskets-ls-exhaust-pro-copper-embossed-exhaust,SCE-4219,"SCE Gaskets LS Exhaust Pro Copper Embossed Exhaust"
https://allamericanmuscle.co.za/wp-content/uploads/2026/06/11170002_L1600_72fdb9a7-2206-49db-b103-56e4c2c7d50d.webp,mastodon-park-distance-kit-led-display,MMR-PS-315,"Mastodon Park Distance Kit, LED Display"
https://allamericanmuscle.co.za/wp-content/uploads/2026/06/2557294_L1600_c0363542-0a4c-483d-be7f-06a8098fb1a4.webp,12v-124a-sbc-alternator-late-model-4-pin,ALT-4456,"12v 124a SBC Alternator Late Model 4 Pin"
https://allamericanmuscle.co.za/wp-content/uploads/2026/06/63f77964-2be4-485e-b41b-a25f55f24045.webp,gud-oil-filter-z280,Z-280,"GUD Oil Filter Z280"
https://allamericanmuscle.co.za/wp-content/uploads/2026/06/3eaeb186-2c00-4f86-a9b9-35136a95dfbc.webp,12v-105a-chevy-lumina,ALT-211130W,"12V 105A Chevy Lumina"
https://allamericanmuscle.co.za/wp-content/uploads/2026/06/7da30703-9a15-4af3-8b3f-d077ad351ad5.webp,mastodon-chevrolet-performance-hydraulic-flat-tappet-lifters,MMR-12371044,"Mastodon Chevrolet Performance Hydraulic Flat Tappet Lifters"
https://allamericanmuscle.co.za/wp-content/uploads/2026/06/dfb9b745-c4c0-45bb-ab20-b06299ed7e4e.webp,depo-racing-speedometer-115mm-led-0-300-kmh,PK-NWA11587B,"Depo Racing Speedometer, 115mm, LED, 0-300 kmh"
https://allamericanmuscle.co.za/wp-content/uploads/2026/06/6c80ded5-fec1-48ea-a782-18e99d53b216.webp,depo-racing-tachometer-115mm-led-0-10-000-rpm,PK-NWA11593B,"Depo Racing Tachometer, 115mm, LED, 0-10 000 rpm"
https://allamericanmuscle.co.za/wp-content/uploads/2026/06/fc298f0e-7876-4fab-993e-935159070213.webp,motorcraft-autolite-spark-plugs,ASF-52,"Motorcraft Autolite Spark Plugs"
https://allamericanmuscle.co.za/wp-content/uploads/2026/06/0c942ea2-b97a-4b85-9e69-6b9175ddfebf.webp,12v-100a-sbc-alternator-late-model-4-pin-2,ALT-2654,"12v 100a SBC Alternator Late Model 4 Pin"
https://allamericanmuscle.co.za/wp-content/uploads/2026/06/1e2a8d4c-05e0-4207-a279-a93fad492d81.webp,akrapovic-exhaust-muffler-tip-carbon-fiber-round-end,KD-7115,"Akrapovic Exhaust Muffler Tip, Carbon Fiber, Round End"
https://allamericanmuscle.co.za/wp-content/uploads/2026/04/4e99cab2-d173-44d1-ba00-cf134230225d.webp,mastodon-tubular-control-arm-kit-gm-63-70-c10-gmc-truck,CA-6370,"Mastodon Tubular Control Arm Kit GM 63-70 C10 GMC Truck"
https://allamericanmuscle.co.za/wp-content/uploads/2026/04/4e99cab2-d173-44d1-ba00-cf134230225d.webp,mastodon-tubular-control-arm-kit-gm-73-87-c10-gmc-truck,CA-7387,"Mastodon Tubular Control Arm Kit GM 73-87 C10 GMC Truck"
https://allamericanmuscle.co.za/wp-content/uploads/2026/04/CA-5864.webp,mastodon-tubular-control-arm-kit-gm-58-64-full-size-cars,MMR-CA-5864,"Mastodon Tubular Control Arm Kit GM 58-64 Full Size Cars"
https://allamericanmuscle.co.za/wp-content/uploads/2026/04/CA-6872.webp,mastodon-tubular-control-arm-kit-gm-a-body-1968-72-chevelle-gto,CA-6872,"Mastodon Tubular Control Arm Kit GM A-Body 1968-72 Chevelle GTO"
https://allamericanmuscle.co.za/wp-content/uploads/2026/04/CA-6570-1.webp,mastodon-tubular-control-arm-kit-gm-65-70-full-size-cars,CA-6570,"Mastodon Tubular Control Arm Kit GM 65-70 Full Size Cars"
https://allamericanmuscle.co.za/wp-content/uploads/2026/04/CM-CT5559.webp,mastodon-chevy-truck-1955-59-mustang-2-conversion-crossmember,CM-CT5559,"Mastodon Chevy Truck 1955-59, Mustang 2 Conversion Crossmember"
https://allamericanmuscle.co.za/wp-content/uploads/2026/04/FLK-DW-0269.webp,mastodon-tubular-rear-suspension-kit-gm-a-body-68-72-chevelle-gto,FLK-AB6872,"Mastodon Tubular Rear Suspension Kit GM A-Body 68-72 Chevelle GTO"
https://allamericanmuscle.co.za/wp-content/uploads/2026/04/SP-20207.webp,mastodon-drop-spindles-2-5-gm-63-70-truck,SP-6370,"Mastodon Drop Spindles 2.5″ GM 63-70 Truck"
https://allamericanmuscle.co.za/wp-content/uploads/2026/04/SP-2006.webp,mastodon-drop-spindles-2-gm-64-72-chevelle-el-camino-le-mans-gto-67-69-camaro-firebird-68-74-nova-70-72-truck,SP-6472,"Mastodon Drop Spindles 2″ GM 64-72 Chevelle El Camino Le Mans GTO 67-69 Camaro Firebird 68-74 Nova 70-72 Truck"
https://allamericanmuscle.co.za/wp-content/uploads/2026/04/1596ff5f59b4ce2284f5167a5a7a0c6ac687a0aaf12b7b21365d6eec27575003.webp,mastodon-2-52mm-chrome-volt-water-oil-pressure-triple-3-gauge-set-gauges-kit,15-0401/SI-AT67003,"Mastodon 2″ 52mm Chrome Volt / Water / Oil Pressure Triple 3 Gauge Set Gauges Kit"
https://allamericanmuscle.co.za/wp-content/uploads/2026/04/3ed18c8480f4e24be00bf6e9cbc0a1c0454e757ad2e5034b5746f1f777d89eea.webp,shelby-cobra-2-piece-forged-wheel-18-x-100-offset-5-114-3-pcd,SC1810,"Shelby Cobra 2-Piece Forged Wheel 18 x 10,0 Offset 5/114.3 PCD"
https://allamericanmuscle.co.za/wp-content/uploads/2026/04/3ed18c8480f4e24be00bf6e9cbc0a1c0454e757ad2e5034b5746f1f777d89eea.webp,shelby-cobra-2-piece-forged-wheel-18-x-80-offset-5-114-3-pcd,SC1808,"Shelby Cobra 2-Piece Forged Wheel 18 x 8,0 Offset 5/114.3 PCD"
https://allamericanmuscle.co.za/wp-content/uploads/2026/04/783a8b2689478bd9c8857c4bad81cd19cbbfd67c7fc5edeae981c2770c750048.webp,mastodon-dbc-ls1-standalone-w-4l60e-evi-plug-wiring-harness,11-0108/SI-AT52008,"Mastodon DBC LS1 Standalone W/ 4L60E Evi Plug Wiring Harness"
https://allamericanmuscle.co.za/wp-content/uploads/2026/04/5fd8922b018e32e687c8649ac8b355535bdcb7a944605d3958441549bf1ef61d.webp,mastodon-universal-22-circuit-wiring-harness,WHK-2200,"Mastodon Universal 22 Circuit Wiring Harness"
https://allamericanmuscle.co.za/wp-content/uploads/2026/04/5e604ef4-ad84-4039-a023-0a238d6e4c91.webp,mastodon-chevy-ls-engine-serpentine-bracket-alternator-power-steering-pump,09-0606/SI-AT25054,"Mastodon Chevy LS Engine Serpentine Bracket Alternator & Power Steering Pump"
https://allamericanmuscle.co.za/wp-content/uploads/2026/06/lift1.webp|https://allamericanmuscle.co.za/wp-content/uploads/2026/06/lift2.webp|https://allamericanmuscle.co.za/wp-content/uploads/2026/06/lift3.webp|https://allamericanmuscle.co.za/wp-content/uploads/2026/06/lift4.webp,mastodon-fpp-2-four-post-parking-lift,MMR-MMFPP-2,"Mastodon Four Post Parking Lift"
https://allamericanmuscle.co.za/wp-content/uploads/2026/06/121807.webp,horn-button-6-bolt-plastic,121807,"Horn Button 6 Bolt Plastic"
https://allamericanmuscle.co.za/wp-content/uploads/2026/08/EDL-5767_.webp,edelbrock-sure-seat-valve-springs,EDL-5767,"Edelbrock Sure Seat Valve Springs"
https://allamericanmuscle.co.za/wp-content/uploads/2026/08/V1650B_.webp,enginetech-sbc-intake-valve-2-02,V1650B,"Enginetech SBC Intake Valve 2.02"
https://allamericanmuscle.co.za/wp-content/uploads/2026/08/BB608J20_.webp,enginetech-big-end-bearing-351-windsor-5,BB608J20,"Enginetech Big end Bearing 351 Windsor"
https://allamericanmuscle.co.za/wp-content/uploads/2026/04/mastodon2028429-1.webp,hood-hinges-55-56-chev,HING55-56,"Hood Hinges 55-56 Chev"
https://allamericanmuscle.co.za/wp-content/uploads/2026/06/100-3802S-Brake-Booster-8-inch-Ford-Mustang-1967-70-Single-Diap.webp,brake-booster-8-ford-mustang-1967-70-single-diap,100-3802S,"Brake Booster, 8″ Ford Mustang 1967-70 Single Diap"
https://allamericanmuscle.co.za/wp-content/uploads/2026/08/BB607J00_.webp,enginetech-ford-351-cleveland-rod-bearings,BB607J00,"Enginetech Ford 351 Cleveland Rod Bearings"
https://allamericanmuscle.co.za/wp-content/uploads/2026/04/product20285029.webp,7-inch-hi-low-beam-headlight-with-turn-signal,LY-7&#8243;-2G-005,"7 inch hi/low beam headlight with turn signal"
https://allamericanmuscle.co.za/wp-content/uploads/2026/04/71CUCb56B8L.webp,mastodon-stand-alone-wire-harness-ls1-97-06-t56-d,MMR-3009,"Mastodon Stand Alone Wire Harness, LS1 97-06 T56 D"
https://allamericanmuscle.co.za/wp-content/uploads/2026/04/mastodon2028729.webp,mastodon-hood-hinge-1967-1969-camaro-billet-alum,MMR-3904-SL,"Mastodon Hood Hinge, 1967-1969 Camaro, Billet Alum"
https://allamericanmuscle.co.za/wp-content/uploads/2026/06/MMR7090.webp,mastodon-12-inch-oval-paper-air-filter-element,MMR-7090,"Mastodon 12 inch Oval Paper Air Filter Element"
https://allamericanmuscle.co.za/wp-content/uploads/2026/06/MMR7101.webp,mastodon-12-inch-oval-reusable-air-filter-element,MMR-7101,"Mastodon 12 inch Oval Reusable Air Filter Element"
https://allamericanmuscle.co.za/wp-content/uploads/2026/06/TSC-7007C-1.webp,32-tilt-steering-column-manual-no-key-without-a,TSC-7007C-1,"32″ Tilt Steering Column, Manual, No Key Without A"
https://allamericanmuscle.co.za/wp-content/uploads/2026/08/BC307J30_.webp,enginetech-main-bearings-351-windsor-2,BC307J30,"Enginetech Main Bearings 351 Windsor"
https://allamericanmuscle.co.za/wp-content/uploads/2026/04/product20283629.webp,mastodon-chevy-sb350-400-dual-plane-intake-manifold,MMR-75028,"Mastodon Chevy SB350-400 Dual Plane Intake Manifold"
https://allamericanmuscle.co.za/wp-content/uploads/2026/06/TSC-7005C-1.webp,28-steering-column-manual-no-key-without-adap,TSC-7005C-1,"28″ Steering Column, Manual, No Key Without Adap"
https://allamericanmuscle.co.za/wp-content/uploads/2026/08/412SMTASWL270-PK_.webp,prosport-performance-tachometer-115mm,412SMTASWL270-PK,"Prosport Performance Tachometer, 115mm"
https://allamericanmuscle.co.za/wp-content/uploads/2026/04/product20284829.webp,6-gauge-set-classic-blue-dial-with-white-needle,MM6GSETESPBL-CG-GPS,"6 Gauge Set Classic, Blue Dial with White needle"
https://allamericanmuscle.co.za/wp-content/uploads/2026/08/216EVOFL-PK-R_.webp,depo-racing-fuel-gauge-60mm-led,216EVOFL-PK-R,"Depo Racing Fuel Gauge, 60mm, LED"
https://allamericanmuscle.co.za/wp-content/uploads/2026/08/238WRCVAPK-R_BAR__.webp,prosport-performance-vacuum-bar-gauge-60mm-led-3,238WRCVAPK-R(BAR),"Prosport Performance Vacuum Bar Gauge, 60mm, LED 3"
https://allamericanmuscle.co.za/wp-content/uploads/2026/06/GW-EW004-63.webp,exhaust-cut-out-63mm,GW-EW004-63,"Exhaust Cut Out 63mm"
https://allamericanmuscle.co.za/wp-content/uploads/2026/06/SI-AT8200168-74-3.webp,68-74-nova-tubular-control-front-arm-set-for-chevy,SI-AT82001,"68-74 Nova Tubular Control Front Arm Set For Chevy"
https://allamericanmuscle.co.za/wp-content/uploads/2026/08/98412_.webp,howards-cams-performance-street-strip-valve-spring,98412,"Howards Cams Performance Street/Strip Valve Spring"
https://allamericanmuscle.co.za/wp-content/uploads/2026/06/KD1150.webp,k24-adjustable-ep3-style-idler-pulley-belt-kit-f,KD1150,"K24 Adjustable EP3 Style Idler Pulley & Belt Kit f"
https://allamericanmuscle.co.za/wp-content/uploads/2026/06/KD2018.webp,kn-cone-filter-short-type,KD2018,"K&N Cone Filter Short Type"
https://allamericanmuscle.co.za/wp-content/uploads/2026/04/amm.webp,351-460-ford-hei-pe331,KNDI-505,"351/460 Ford HEI PE331"
https://allamericanmuscle.co.za/wp-content/uploads/2026/06/MJE013-C-2.webp,engine-camshaft-for-09-18-challenger-charger,MJE013-C,"Engine Camshaft for 09- 18 Challenger Charger"
https://allamericanmuscle.co.za/wp-content/uploads/2026/04/product20284729.webp,6-gauge-set-classic-white-with-orange-needle,MM6GSETESP-CG-GPS,"6 Gauge Set Classic White with orange needle"
https://allamericanmuscle.co.za/wp-content/uploads/2026/04/product20284629.webp,6-gauge-set-blue-and-red-lcd-display,MM6GSETEVOBR,"6 Gauge Set, Blue and Red LCD Display"
https://allamericanmuscle.co.za/wp-content/uploads/2026/04/product20287429.webp,chromoly-pushrods,SUM-1457800,"Chromoly Pushrods"
https://allamericanmuscle.co.za/wp-content/uploads/2026/08/TS358A_.webp,enginetech-ford-windsor-timing-set-for-1-piece-fue,TS358A,"Enginetech Ford Windsor Timing Set For 1 Piece Fue"
https://allamericanmuscle.co.za/wp-content/uploads/2026/06/TSC-7003C-1-1.webp,32-tilt-steering-column-automatic-no-key-withou,TSC-7003C-1,"32″ Tilt Steering Column, Automatic, No Key Withou"