workbook,sheet,row,part_number,description,image_file,matched_site_sku,match_tier
CRS 15.07.2026.xlsx,sheet1,2,100-3901-BK,1967-1969 Camaro Trunk Hinge - LH & RH Black,CRS_15.07.2026__100-3901-BK.png,,
CRS 15.07.2026.xlsx,sheet1,3,100-3904-BK,1967-1969 Camaro Hood Hinge - LH & RH Black,CRS_15.07.2026__100-3904-BK.png,,
CRS 15.07.2026.xlsx,sheet1,4,15420,1:1 PULLEY SET FOR LONG WATER PUMP,CRS_15.07.2026__15420.png,,
CRS 15.07.2026.xlsx,sheet1,5,17015,"4 BLADE STEEL FAN, 15""",CRS_15.07.2026__17015.png,,
CRS 15.07.2026.xlsx,sheet1,6,17016,"4 BLADE STEEL FAN, 16""",CRS_15.07.2026__17016.png,,
CRS 15.07.2026.xlsx,sheet1,7,17018,"4 BLADE STEEL FAN, 18""",CRS_15.07.2026__17018.png,,
CRS 15.07.2026.xlsx,sheet1,8,17019,"4 BLADE STEEL FAN, 19""",CRS_15.07.2026__17019.png,,
CRS 15.07.2026.xlsx,sheet1,9,3014,"Steel U-joint 3/4"" DD To 3/4"" DD",CRS_15.07.2026__3014.png,,
CRS 15.07.2026.xlsx,sheet1,10,62500-BLK,"CHEVY STEEL MOTOR MOUNT, BLACK",CRS_15.07.2026__62500-BLK.png,,
CRS 15.07.2026.xlsx,sheet1,11,62515,TALL STOCKS STYLE MOTOR MOUNTS ZINC,CRS_15.07.2026__62515.png,,
CRS 15.07.2026.xlsx,sheet1,12,62515,TALL STOCKS STYLE MOTOR MOUNTS ZINC,CRS_15.07.2026__62515-2.png,,
CRS 15.07.2026.xlsx,sheet1,13,62600,SOLID TRANS MOUNT,CRS_15.07.2026__62600.png,,
CRS 15.07.2026.xlsx,sheet1,14,62630,CHEVY STEEL FRAME MOUNT,CRS_15.07.2026__62630.png,,
CRS 15.07.2026.xlsx,sheet1,15,62630-BLK,CHEVY STEEL FRAME MOUNT，BLACK,CRS_15.07.2026__62630-BLK.png,,
CRS 15.07.2026.xlsx,sheet1,16,9101571-16,"Mechanical Cooling Fan, 6 Blades, 16""",CRS_15.07.2026__9101571-16.png,,
CRS 15.07.2026.xlsx,sheet1,17,9101571-16,"Mechanical Cooling Fan, 6 Blades, 16""",CRS_15.07.2026__9101571-16-2.png,,
CRS 15.07.2026.xlsx,sheet1,18,9101571-17,"Mechanical Cooling Fan, 6 Blades, 17""",CRS_15.07.2026__9101571-17.png,,
CRS 15.07.2026.xlsx,sheet1,19,91017190,SBC-FAB V/C W/BREATHR TUBES,CRS_15.07.2026__91017190.png,,
CRS 15.07.2026.xlsx,sheet1,20,91017190-BLK,"SBC-FAB V/C W/BREATHR TUBES, BLACK",CRS_15.07.2026__91017190-BLK.png,,
CRS 15.07.2026.xlsx,sheet1,21,91028146,12-volt  Brake Vacuum Pump Kit,CRS_15.07.2026__91028146.png,,
CRS 15.07.2026.xlsx,sheet1,22,91031134L,"GM METRIC UPPER A-ARM, LH, BOLT-IN BALL JOINT, 8""",CRS_15.07.2026__91031134L.png,,
CRS 15.07.2026.xlsx,sheet1,23,91031134R,"GM METRIC UPPER A-ARM, RH, BOLT-IN BALL JOINT, 8""",CRS_15.07.2026__91031134R.png,,
CRS 15.07.2026.xlsx,sheet1,24,91034397-8.5,"1970-81 Camaro Upper Racing Control A-Arm,8.5""",CRS_15.07.2026__91034397-8.5.png,,
CRS 15.07.2026.xlsx,sheet1,25,91034397-9.25,"1970-81 Camaro Upper Racing Control A-Arm,9.25""",CRS_15.07.2026__91034397-9.25.png,,
CRS 15.07.2026.xlsx,sheet1,26,91054715,MONTE SS STOCK CAR FRONT BUMPER KIT,CRS_15.07.2026__91054715.png,,
CRS 15.07.2026.xlsx,sheet1,27,91081009-BLK,"QUICK CHANGE GEAR PAN, BLACK",CRS_15.07.2026__91081009-BLK.png,,
CRS 15.07.2026.xlsx,sheet1,28,91081009-RAW,"QUICK CHANGE GEAR PAN, RAW",CRS_15.07.2026__91081009-RAW.png,,
CRS 15.07.2026.xlsx,sheet1,29,AS-FHSP,"Finned Hilborn Style Air Scoop, Single Carb Mounting Polished",CRS_15.07.2026__AS-FHSP.png,,
CRS 15.07.2026.xlsx,sheet1,30,AS-S05DB,Aluminum Smooth Hilborn Style Hood Scoop for Dual Quad Carbs Black,CRS_15.07.2026__AS-S05DB.png,,
CRS 15.07.2026.xlsx,sheet1,31,AS-S10TB-RED,"Aluminum Smooth Street Hood Scoop Single or Dual Quad Reversible Round Flaps,Black",CRS_15.07.2026__AS-S10TB-RED.png,,
CRS 15.07.2026.xlsx,sheet1,32,AXL-8295CDL-712.5,1982-1995 Cadillac Steel Alex  and Bolts ,CRS_15.07.2026__AXL-8295CDL-712.5.png,,
CRS 15.07.2026.xlsx,sheet1,33,BCK-015,"1967-1970 Ford Mustang Booster Conv. Kit, Auto, Disc /Drum",CRS_15.07.2026__BCK-015.png,,
CRS 15.07.2026.xlsx,sheet1,34,BCK-032,"55-57 Fullsize Chevy Brake Booster Conversion Kit, 1"" Bore,disc/drum ",CRS_15.07.2026__BCK-032.png,,
CRS 15.07.2026.xlsx,sheet1,35,BCK-048,70-78 Camaro 11 In Delco Power Brake Booster/Master Conversion Kit,CRS_15.07.2026__BCK-048.png,,
CRS 15.07.2026.xlsx,sheet1,36,BCK-056,"64-72 GM A, F, X Body Brake 9 In Booster Conversion Kit.64-72 Buick,",CRS_15.07.2026__BCK-056.png,,
CRS 15.07.2026.xlsx,sheet1,37,BCK-074,66-69 Mopar B Body 8 Inch Dual Bendix Brake Booster Kit,CRS_15.07.2026__BCK-074.png,,
CRS 15.07.2026.xlsx,sheet1,38,BCK-081,Universal GM Master Cylinder Kit Adjustable Valve,CRS_15.07.2026__BCK-081.png,,
CRS 15.07.2026.xlsx,sheet1,39,BCK-152-BK,Dual Diaphragm Booster 1973-93 GM Truck Combo,CRS_15.07.2026__BCK-152-BK.png,,
CRS 15.07.2026.xlsx,sheet1,40,BCK-203-Z,"1964 - 1972 GM A Body GMC Chevy 9"" Power Brake Booster Master Cylinder Kit",CRS_15.07.2026__BCK-203-Z.png,,
CRS 15.07.2026.xlsx,sheet1,41,BCK-204-Z,"A-Body 9"" Zinc Power Brake Booster Delco + Power Master Cylinder w/ Bleeders",CRS_15.07.2026__BCK-204-Z.png,,
CRS 15.07.2026.xlsx,sheet1,42,BH-3500,"STAMPED STEEL BRAKE HAT, 3""",CRS_15.07.2026__BH-3500.png,,
CRS 15.07.2026.xlsx,sheet1,44,BOK-PV2-BR,"PV2 Proportioning Valve,Bottom kit,with lines, disc/drum,Brass",CRS_15.07.2026__BOK-PV2-BR.png,,
CRS 15.07.2026.xlsx,sheet1,45,BOK-PV2-BR,"PV2 Proportioning Valve,Bottom kit,with lines, disc/drum,Brass",CRS_15.07.2026__BOK-PV2-BR-2.png,,
CRS 15.07.2026.xlsx,sheet1,46,BOK-PV2-CH,"PV2 Proportioning Valve,Bottom,with lines,disc/drum,Chrome",CRS_15.07.2026__BOK-PV2-CH.png,,
CRS 15.07.2026.xlsx,sheet1,49,BOK-PV4-BR,"PV4 Proportioning Valve,bottom kit,with lines,disc/disc,Brass",CRS_15.07.2026__BOK-PV4-BR.png,,
CRS 15.07.2026.xlsx,sheet1,50,BOK-PV4-CH,"PV4 Proportioning Valve,Bottom kit,with lines,disc/disc,Chrome",CRS_15.07.2026__BOK-PV4-CH.png,,
CRS 15.07.2026.xlsx,sheet1,51,BOK-PV4-CH,"PV4 Proportioning Valve,Bottom kit,with lines,disc/disc,Chrome",CRS_15.07.2026__BOK-PV4-CH-2.png,,
CRS 15.07.2026.xlsx,sheet1,52,BOS-7000C,"7"" Dual Diaphragm Power Brake Booster,Chrome",CRS_15.07.2026__BOS-7000C.png,,
CRS 15.07.2026.xlsx,sheet1,54,BOS-7911Z,"9"" Single  Booster, Bolt on, Zinc",CRS_15.07.2026__BOS-7911Z.png,,
CRS 15.07.2026.xlsx,sheet1,55,BOS-8000C,"8"" Dual  Booster, Chrome",CRS_15.07.2026__BOS-8000C.png,,
CRS 15.07.2026.xlsx,sheet1,56,BR-91031906,"Vented Brake Rotor, 11.75 x .81 Inch",CRS_15.07.2026__BR-91031906.png,,
CRS 15.07.2026.xlsx,sheet1,57,BRK-28134,"Steel Bracket,Silver Zinc",CRS_15.07.2026__BRK-28134.png,,
CRS 15.07.2026.xlsx,sheet1,58,BRK-6570-BLK,Black Bracket for 65-70 Mopar Booster Kit,CRS_15.07.2026__BRK-6570-BLK.png,,
CRS 15.07.2026.xlsx,sheet1,59,BRK-C6772-BLK,"1967-72 Chevy / GM Firewall Booster Bracket, Black",CRS_15.07.2026__BRK-C6772-BLK.png,,
CRS 15.07.2026.xlsx,sheet1,60,BRK-F6673-BLK,1967-1971 Ford Fairlane Torino Ranchero power brake booster mounting bracket,CRS_15.07.2026__BRK-F6673-BLK.png,,
CRS 15.07.2026.xlsx,sheet1,61,BRK-PSP-01B,Saginaw Pump Bracket for PSP-01B- Black,CRS_15.07.2026__BRK-PSP-01B.png,,
CRS 15.07.2026.xlsx,sheet1,62,BRK-PSP-01C,Saginaw Pump Bracket for PSP-01C- Chrome,CRS_15.07.2026__BRK-PSP-01C.png,,
CRS 15.07.2026.xlsx,sheet1,63,BRS-75001,GRAND NATIONAL BEARING SPACER,CRS_15.07.2026__BRS-75001.png,,
CRS 15.07.2026.xlsx,sheet1,64,BRS-95001,PINTO BEARING SPACER,CRS_15.07.2026__BRS-95001.png,,
CRS 15.07.2026.xlsx,sheet1,65,CAP-975,Dust Cap,CRS_15.07.2026__CAP-975.png,,
CRS 15.07.2026.xlsx,sheet1,67,CB-1750-RT,"RT GM 7.5"" REAR CALIPER MOUNT",CRS_15.07.2026__CB-1750-RT.png,,
CRS 15.07.2026.xlsx,sheet1,68,CFL6,"3/8-24, Left Hand, Female, Carbon STEEL, Silver Zinc Plated, 2 Piece Rod End",CRS_15.07.2026__CFL6.png,,
CRS 15.07.2026.xlsx,sheet1,69,CI5564ROD,"Universal GM Master Cylinder Pushrod Kit, includes Clevis/Pedal rod extension/manual push rod/union. All 3/8”-24 thread.",CRS_15.07.2026__CI5564ROD.png,,
CRS 15.07.2026.xlsx,sheet1,70,CI5564ROD,"Universal GM Master Cylinder Pushrod Kit, includes Clevis/Pedal rod extension/manual push rod/union. All 3/8”-24 thread.",CRS_15.07.2026__CI5564ROD-2.png,,
CRS 15.07.2026.xlsx,sheet1,71,CLP-42083,"Caliper, GM Metric RH 78-87",CRS_15.07.2026__CLP-42083.png,,
CRS 15.07.2026.xlsx,sheet1,72,CLP-CB-EC100,Universal Adjustable Emergency E-Brake Cable Kit,CRS_15.07.2026__CLP-CB-EC100.png,,
CRS 15.07.2026.xlsx,sheet1,73,CLP-CB-EC100,Universal Adjustable Emergency E-Brake Cable Kit,CRS_15.07.2026__CLP-CB-EC100-2.png,,
CRS 15.07.2026.xlsx,sheet1,75,CM-D11193,1949-1954 Chevy Mustang II Bolt On Front End Crossmember,CRS_15.07.2026__CM-D11193.png,MMR-CM-D11193,numeric-core
CRS 15.07.2026.xlsx,sheet1,76,CM-F3334,"1933-34 Ford IFS Crossmember, Mustang II Front Suspension",CRS_15.07.2026__CM-F3334.png,,
CRS 15.07.2026.xlsx,sheet1,77,CR-009-BLK,"Black Urethane Transmission Mount, for CHEVY / GM TH350 TH400 700R4",CRS_15.07.2026__CR-009-BLK.png,,
CRS 15.07.2026.xlsx,sheet1,78,CR-010-BLK-S,Single LS1 LS2 Engine Swap Black Polyurethane 3 Bolt Engine Mounts LSX LQ9 SBC BBC,CRS_15.07.2026__CR-010-BLK-S.png,,
CRS 15.07.2026.xlsx,sheet1,79,DBK-A6472R-11D-GRY,"Rear Disc Brake Standard Kit, 64-72 GM A-Body, Drilled Rotors, Caliper Finish Gray",CRS_15.07.2026__DBK-A6472R-11D-GRY.png,,
CRS 15.07.2026.xlsx,sheet1,80,DBK-C5557F-105D+Spindle,1955-57 Chevy Bel Air 2 Inch Dropped Spindle/Disc Brake Conversion Kit(No Master and Proportioning Valve),CRS_15.07.2026__DBK-C5557F-105D+Spindle.png,,
CRS 15.07.2026.xlsx,sheet1,81,DBK-C5558F-11D-BLK,"11 in. Disc Brake Conv. Kit for Full-size Chevy Cars 1955-58,Black",CRS_15.07.2026__DBK-C5558F-11D-BLK.png,,
CRS 15.07.2026.xlsx,sheet1,82,DBK-C5564R-11S,1955-64 Full-Size Chevy Rear Disc Brake Conversion Kit,CRS_15.07.2026__DBK-C5564R-11S.png,,
CRS 15.07.2026.xlsx,sheet1,83,DBK-C5568R-11D-BLK,"Rear Drill/Slotted Disc Brake Kit, 55-68 Impala, Black",CRS_15.07.2026__DBK-C5568R-11D-BLK.png,,
CRS 15.07.2026.xlsx,sheet1,84,DBK-C5864F-11S,"Front 1958-64 Chevy Impala Disc Brake  Kit,11 inch Vented,Solid ",CRS_15.07.2026__DBK-C5864F-11S.png,,
CRS 15.07.2026.xlsx,sheet1,85,DBK-C5864F-11S,"Front 1958-64 Chevy Impala Disc Brake  Kit,11 inch Vented,Solid ",CRS_15.07.2026__DBK-C5864F-11S-2.png,,
CRS 15.07.2026.xlsx,sheet1,87,DBK-C6370F-1175D-6L-BLK,"1963-1970 Chevy 1/2 Ton Pickup Drop Spindle Disc Brake Kit with a kit in 6 stud, drilled slotted black calipers",CRS_15.07.2026__DBK-C6370F-1175D-6L-BLK.png,,
CRS 15.07.2026.xlsx,sheet1,88,DBK-C6370R-12S,"1963-1970 Chevy C10 Truck Rear 6 Lug Disc Brake Kit, 12"" Solid Rotor",CRS_15.07.2026__DBK-C6370R-12S.png,,
CRS 15.07.2026.xlsx,sheet1,89,DBK-F3748F-1175D,"Complete Disc Brake Kit 1937-48 Ford, 5 on 5-1/2 BC",CRS_15.07.2026__DBK-F3748F-1175D.png,,
CRS 15.07.2026.xlsx,sheet1,90,DBK-F5768F-11D,1957-1968 Full-Size Ford Front Disc Brake Kit,CRS_15.07.2026__DBK-F5768F-11D.png,,
CRS 15.07.2026.xlsx,sheet1,91,DBK-F5768F-11D-RED,"1957-1968 Full-Size Ford Front Disc Brake Kit,Red",CRS_15.07.2026__DBK-F5768F-11D-RED.png,,
CRS 15.07.2026.xlsx,sheet1,92,DBK-F6469F-11D,1964.5-69 Ford Disc Brake Conversion Wheel Kit,CRS_15.07.2026__DBK-F6469F-11D.png,,
CRS 15.07.2026.xlsx,sheet1,93,DBK-F6473F-11D,"1964-73 Ford Mustang Front  Disc Brake Conversion Kit, Drum to Disc 11""Drilled Rotors",CRS_15.07.2026__DBK-F6473F-11D.png,,
CRS 15.07.2026.xlsx,sheet1,94,DIS-8360,"Ready-to-Run Billet Distributors,Magnetic Pickup, Adjustable Collar, Vacuum/Mechanical Advance, Chevrolet V8, Each",CRS_15.07.2026__DIS-8360.png,,
CRS 15.07.2026.xlsx,sheet1,95,DS-IMPALA-5964,1959-1964 IMPALA/ BEL air 2 piece T-400 Drive Shaft,CRS_15.07.2026__DS-IMPALA-5964.png,,
CRS 15.07.2026.xlsx,sheet1,96,DW-0370,Rear Coil Over Bracket on CO-GB7888-F500B-R230B Kit,CRS_15.07.2026__DW-0370.png,,
CRS 15.07.2026.xlsx,sheet1,97,DW-0373,Bracket to work with FLK-C6772-2,CRS_15.07.2026__DW-0373.png,,
CRS 15.07.2026.xlsx,sheet1,98,E41001-BLK,"Tall Alum Finned Valve Cover 1958-86 SBC w/ Hole,black,6181BK",CRS_15.07.2026__E41001-BLK.png,,
CRS 15.07.2026.xlsx,sheet1,99,E41001-POL,"Tall Alum Finned Valve Cover 1958-86 SBC w/ Hole,Polished,6181-POL",CRS_15.07.2026__E41001-POL.png,,
CRS 15.07.2026.xlsx,sheet1,100,E41021P-BLK,"Tall Alum Finned Valve Cover 1987 up SBC 305-350 Center Bolt w/ Hole,Black,6191-BLK",CRS_15.07.2026__E41021P-BLK.png,MMR-41021,numeric-core
CRS 15.07.2026.xlsx,sheet1,103,E41027-POL,"Tall Alum Ball Milled Valve Cover 1987-97 SBC 305-350 Center Bolt w/ Hole,Polished",CRS_15.07.2026__E41027-POL.png,,
CRS 15.07.2026.xlsx,sheet1,104,E41105-POL,"Tall Alum Smooth Valve Cover 1965-95 BBC 396-502 w/ Hole,  6330-2 Polished",CRS_15.07.2026__E41105-POL.png,,
CRS 15.07.2026.xlsx,sheet1,105,E41107-POL,"Tall Alum Ball Milled Valve Cover 1965-95 BBC 454 w/ Hole, 6330 Chrome",CRS_15.07.2026__E41107-POL.png,,
CRS 15.07.2026.xlsx,sheet1,106,E41113,Tall Alum Ribbed Valve Cover 1965-95 BBC 396-502,CRS_15.07.2026__E41113.png,,
CRS 15.07.2026.xlsx,sheet1,107,E41203-POL,"Short Nostalgic Alum Finned Valve Cover 1964-73 SBF 260-351W w/ Hole,Polished  6291-POL",CRS_15.07.2026__E41203-POL.png,,
CRS 15.07.2026.xlsx,sheet1,108,E41233-CRM,"Cast Aluminum Big Block Ford 429-460 Framed Valve Cover,Chrome",CRS_15.07.2026__E41233-CRM.png,,
CRS 15.07.2026.xlsx,sheet1,109,E41309-POL,"1958-87 SBC Fabricated Tall Alum Finned Valve Cover w/ Holes,Polished",CRS_15.07.2026__E41309-POL.png,,
CRS 15.07.2026.xlsx,sheet1,110,E41311-POL,E41311-POL,CRS_15.07.2026__E41311-POL.png,,
CRS 15.07.2026.xlsx,sheet1,111,E41312-POL,"87-Up SBC Fabricated Tall Alum Center Bolt Finned Valve Cover w/ Holes,Polished",CRS_15.07.2026__E41312-POL.png,,
CRS 15.07.2026.xlsx,sheet1,112,E41433-POL,"Ford FE 352-428 Fabricated Alum Valve Cover w/ Hole,with 3/4''length long  bolt ,Polished",CRS_15.07.2026__E41433-POL.png,,
CRS 15.07.2026.xlsx,sheet1,115,ES2032S,TIE ROD SLEEVE GM METRIC 78-88,CRS_15.07.2026__ES2032S.png,,
CRS 15.07.2026.xlsx,sheet1,116,ES2034L,"INNER TIE ROD END, GM METRIC",CRS_15.07.2026__ES2034L.png,,
CRS 15.07.2026.xlsx,sheet1,117,ES29LR,1947-59 Chevy/GMC Truck Tie Rod Ends,CRS_15.07.2026__ES29LR.png,,
CRS 15.07.2026.xlsx,sheet1,118,FLK-001,"Triangular Rear 4 Link Kit,for 1932 Ford",CRS_15.07.2026__FLK-001.png,,
CRS 15.07.2026.xlsx,sheet1,119,FLK-002,"Triangular Rear 4 Link Kit in S.S.,for 1932 Ford",CRS_15.07.2026__FLK-002.png,,
CRS 15.07.2026.xlsx,sheet1,120,FLK-C6772-2,"180-230lb Coil Over Kit for Rear Adjustable Conversion Kit, GM 1967-72 A Body, with Wrenches",CRS_15.07.2026__FLK-C6772-2.png,,
CRS 15.07.2026.xlsx,sheet1,121,FLK-DW-0268,64-66 CHEVELLE ADJUSTABLE 4 BAR KIT WITH HARDWARE,CRS_15.07.2026__FLK-DW-0268.png,,
CRS 15.07.2026.xlsx,sheet1,123,FLK-DW-0415WCO,1967-1969 Chevy Camaro SS Z28 Specific Adjustable Rear 4-Link Kit with Coilovers,CRS_15.07.2026__FLK-DW-0415WCO.png,,
CRS 15.07.2026.xlsx,sheet1,124,FP-1003,"Chevy SB 262-400 Mechanical Fuel Pump,V8 Engine, 6 PSI 1/4” NPT Inlet/Outlet",CRS_15.07.2026__FP-1003.png,,
CRS 15.07.2026.xlsx,sheet1,125,FRK-4026,1957-62 CHEVY CLUTCH FORK,CRS_15.07.2026__FRK-4026.png,,
CRS 15.07.2026.xlsx,sheet1,126,GSK-7484,"SBC rubber with steel valve covers gaskets 265-400 1955-93(3/16"")",CRS_15.07.2026__GSK-7484.png,,
CRS 15.07.2026.xlsx,sheet1,127,HB-001C,Aluminum Chrome Steering Wheel Center Horn Button Fits 9 Bolt Steering wheel,CRS_15.07.2026__HB-001C.png,,
CRS 15.07.2026.xlsx,sheet1,128,HGH-6769-FM-BK,"1967-1969 Ford Mustang Hood Hinge - LH & RH,Black",CRS_15.07.2026__HGH-6769-FM-BK.png,,
CRS 15.07.2026.xlsx,sheet1,129,K727,"BALL JOINT, LOWER SCREW-IN",CRS_15.07.2026__K727.png,,
CRS 15.07.2026.xlsx,sheet1,130,LCA-2001L,"70-96 GM FULL SIZE LOWER CONTROL ARM, LEFT SIDE",CRS_15.07.2026__LCA-2001L.png,,
CRS 15.07.2026.xlsx,sheet1,131,LCA-2001R,"70-96 GM FULL SIZE LOWER CONTROL ARM, RIGHT SIDE",CRS_15.07.2026__LCA-2001R.png,,
CRS 15.07.2026.xlsx,sheet1,132,LPU-RED,"UNIVERSAL ENGINE LIFT PLATE, RED",CRS_15.07.2026__LPU-RED.png,,
CRS 15.07.2026.xlsx,sheet1,133,LPU-RED,"UNIVERSAL ENGINE LIFT PLATE, RED",CRS_15.07.2026__LPU-RED-2.png,,
CRS 15.07.2026.xlsx,sheet1,134,LS-2831,LEAF SPRING BRACKET-UNIVERSAL,CRS_15.07.2026__LS-2831.png,,
CRS 15.07.2026.xlsx,sheet1,137,MC-3511-RAW,"GM/Corvette Universal Cast Iron Master Cylinder, 1"" bore  9/16""-18 and 1/2""-20,4 holes",CRS_15.07.2026__MC-3511-RAW.png,,
CRS 15.07.2026.xlsx,sheet1,138,ODS-5106,Chevy GM Flexible Stainless 700R4 Transmission Dipstick 700 R4 Tranny SBC BBC,CRS_15.07.2026__ODS-5106.png,,
CRS 15.07.2026.xlsx,sheet1,139,OP5579D-BK,"Small block Chevy 4 quart oil pan, driver side dipstick location, Fits 1955-79 SB Chevy 283-350 V8，Black  (R9005)",CRS_15.07.2026__OP5579D-BK.png,,
CRS 15.07.2026.xlsx,sheet1,141,OP6476FP-BK,Alum Finned Passenger car front sump Oil Pan 1964-76 SBF Ford 260-289-302 Black(8446-BLK),CRS_15.07.2026__OP6476FP-BK.png,,
CRS 15.07.2026.xlsx,sheet1,140,OP5579FD-BK,"1955-79 SBC Chevy 283-327-350 Oil Pan,Finned Alum. w/ Driver Side Dipstic,Black, 8442-BLK",CRS_15.07.2026__OP5579FD-BK.png,,
CRS 15.07.2026.xlsx,sheet1,142,OP6587FSC,"Steel Stock Oil Pan 1965-87 Ford 260-289-302 V8 Front Sump Oil Pan,Chrome",CRS_15.07.2026__OP6587FSC.png,,
CRS 15.07.2026.xlsx,sheet1,143,PA-107-164,PITMAN ARM FOR  68~72 PS-605 Box,CRS_15.07.2026__PA-107-164.png,,
CRS 15.07.2026.xlsx,sheet1,144,PA-36750-1,"PITMAN ARM, FOR 78~88 PS-800 BOX, Racing Version",CRS_15.07.2026__PA-36750-1.png,,
CRS 15.07.2026.xlsx,sheet1,145,PA-94037020.1,PITMAN ARM  ANGLED,CRS_15.07.2026__PA-94037020.1.png,,
CRS 15.07.2026.xlsx,sheet1,146,PRE104,"1 1/2"" long Pedal Rod Extension, 3/8"" Diameter Hole",CRS_15.07.2026__PRE104.png,,
CRS 15.07.2026.xlsx,sheet1,147,PRE111,universal manual or power master cylinder push rod clevis rod with Ford end,CRS_15.07.2026__PRE111.png,,
CRS 15.07.2026.xlsx,sheet1,148,PRE112,"Ford Universal adjustable Manual Master Cylinder Push Rod Kit, Ford",CRS_15.07.2026__PRE112.png,,
CRS 15.07.2026.xlsx,sheet1,149,PRE5564,Universal pedal rod extension. 4 3/4” long rod. Male & female 3/8” x 24”,CRS_15.07.2026__PRE5564.png,,
CRS 15.07.2026.xlsx,sheet1,151,PSP-01B,GM Saginaw Power Steering Pump with Reservoir Black,CRS_15.07.2026__PSP-01B.png,,
CRS 15.07.2026.xlsx,sheet1,152,PSP-01C,3913C GM Saginaw Power Steering Pump with Reservoir Chrome,CRS_15.07.2026__PSP-01C.png,,
CRS 15.07.2026.xlsx,sheet1,153,PV-Tail,Wire Connector Pig Tail For Proportioning Valve,CRS_15.07.2026__PV-Tail.png,,
CRS 15.07.2026.xlsx,sheet1,154,PV2-BR,"PV2 Proportioning Valve,BR",CRS_15.07.2026__PV2-BR.png,,
CRS 15.07.2026.xlsx,sheet1,155,PV2-CH,"PV2 Proportioning Valve,Chrome",CRS_15.07.2026__PV2-CH.png,,
CRS 15.07.2026.xlsx,sheet1,156,PV2-F-BR,Brass Disc Drum Proportioning Valve Disc Drum Early Ford,CRS_15.07.2026__PV2-F-BR.png,,
CRS 15.07.2026.xlsx,sheet1,157,PV4-BR,"PV4 Proportioning Valve,BR",CRS_15.07.2026__PV4-BR.png,,
CRS 15.07.2026.xlsx,sheet1,158,PVC-BLK,Adjustable Brake  Proportioning Valve with  Distribution Block with fittings,CRS_15.07.2026__PVC-BLK.png,,
CRS 15.07.2026.xlsx,sheet1,159,PVC-SWH,switch used on the Distribution Block,CRS_15.07.2026__PVC-SWH.png,,
CRS 15.07.2026.xlsx,sheet1,160,PVC-Tail,Pig Tail For Adjustable Proportioning Valve,CRS_15.07.2026__PVC-Tail.png,,
CRS 15.07.2026.xlsx,sheet1,162,SGBK-C5864,"1958-64 Chevy Car Power Steering Conversion Kit, 14:1 Ratio",CRS_15.07.2026__SGBK-C5864.png,,
CRS 15.07.2026.xlsx,sheet1,163,SGBK-Chevy500,1955-57 Chevy Bel Air 500 Series Power Steering Upgrade Kit,CRS_15.07.2026__SGBK-Chevy500.png,,
CRS 15.07.2026.xlsx,sheet1,164,SLK-C5864,"1958-64 Chevrolet Impala Steering Linkage Kits,Black",CRS_15.07.2026__SLK-C5864.png,,
CRS 15.07.2026.xlsx,sheet1,165,SP-C5557-2D,"1955-57 Chevrolet Bel Air 2"" Drop Spindle",CRS_15.07.2026__SP-C5557-2D.png,,
CRS 15.07.2026.xlsx,sheet1,166,SP-C6472-2D,"1964-72 Chevelle  GM A/F/X Body 2"" Drop Spindles",CRS_15.07.2026__SP-C6472-2D.png,,
CRS 15.07.2026.xlsx,sheet1,168,SP-F2848-PLN,1928-48 Ford Forged Spindles w/ King Pin Kit  Plain,CRS_15.07.2026__SP-F2848-PLN.png,,
CRS 15.07.2026.xlsx,sheet1,169,SRJ-004,"Steering Rag Joint  3/4""-30 x 3/4"" DD",CRS_15.07.2026__SRJ-004.png,,
CRS 15.07.2026.xlsx,sheet1,170,SRK-5862,1958-1962 Chevrolet Full Size Bel Air Impala Front Suspension Rebuild kit,CRS_15.07.2026__SRK-5862.png,,
CRS 15.07.2026.xlsx,sheet1,171,STR-17747,"STARTER For LEXUS GS300 L6 1998-05, IS300 2001-05, 1.4KW",CRS_15.07.2026__STR-17747.png,,
CRS 15.07.2026.xlsx,sheet1,172,STR-19176,"STATER For TOYOTA 4RUNNER V6 2010-23, 1.4KW",CRS_15.07.2026__STR-19176.png,,
CRS 15.07.2026.xlsx,sheet1,173,STRP-315,"STRP-315, 3""x15' 30,000# STRAP",CRS_15.07.2026__STRP-315.png,,
CRS 15.07.2026.xlsx,sheet1,174,STW-82004,"14"" Polished Black Half Wrapped Billet Steering Wheel,9 Hole,82004",CRS_15.07.2026__STW-82004.png,,
CRS 15.07.2026.xlsx,sheet1,175,STW-82019,"14"" Polished Black Half Wrapped Billet Steering Wheel,9 Hole, 82019",CRS_15.07.2026__STW-82019.png,,
CRS 15.07.2026.xlsx,sheet1,176,SW-804-RED,12-24 V  200A Battery Isolator Switch Red,CRS_15.07.2026__SW-804-RED.png,,
CRS 15.07.2026.xlsx,sheet1,177,TA-7888-MONTE,1978-1988 Chevy Monte Carlo Upper & Lower Rear Trailing Arm Set,CRS_15.07.2026__TA-7888-MONTE.png,,
CRS 15.07.2026.xlsx,sheet1,178,TA-7888-T-MONTE,"1978-1988 Chevy Monte Carlo Upper & Lower Rear Trailing Arm Set, Tubular",CRS_15.07.2026__TA-7888-T-MONTE.png,,
CRS 15.07.2026.xlsx,sheet1,180,TA-91634059,"LOWER METRIC GM TRAILING ARM BARCKET, FOR 78-88 G BODY",CRS_15.07.2026__TA-91634059.png,,
CRS 15.07.2026.xlsx,sheet1,181,TSC-7011B-1-L,"32""Tilt Steering Column,Automatic,With key Without Adapter Black(Long Shaft)",CRS_15.07.2026__TSC-7011B-1-L.png,,
CRS 15.07.2026.xlsx,sheet1,182,TSC-7015B-1,"32""Tilt Steering Column,Manual,With key Without Adapter Black",CRS_15.07.2026__TSC-7015B-1.png,,
CRS 15.07.2026.xlsx,sheet1,183,WHK-2100,"21 Circuit Wiring harness Kit with 20"" headlight plug",CRS_15.07.2026__WHK-2100.png,WHK-2100,exact
CRS 15.07.2026.xlsx,sheet1,185,WP-91015580,SBC SHORT ALUMINUM WATER PUMP 5/8“ SHAFT,CRS_15.07.2026__WP-91015580.png,,
CRS 15.07.2026.xlsx,sheet1,186,WP-BBC-LA,"WATER PUMP, BBC, LONG,  RAW",CRS_15.07.2026__WP-BBC-LA.png,,
CRS 15.07.2026.xlsx,sheet1,187,WP-BBC-SC,"WATER PUMP, BBC, SHORT, CHROME",CRS_15.07.2026__WP-BBC-SC.png,,
CRS 15.07.2026.xlsx,sheet1,188,WP-BBC-SP,"WATER PUMP, BBC, SHORT,  POLISHED",CRS_15.07.2026__WP-BBC-SP.png,,
CRS 15.07.2026.xlsx,sheet1,189,WP-SBC-LP,"WATER PUMP, SBC, LONG, POLISHED",CRS_15.07.2026__WP-SBC-LP.png,,
CRS 15.07.2026.xlsx,sheet1,190,WPP-8941-C,"GM Power Steering Single Groove 3/4"" Shaft Pulley, Chrome Finished",CRS_15.07.2026__WPP-8941-C.png,,
CRS 15.07.2026.xlsx,sheet1,192,CI5564ROD,GM Universal Manual Master Cylinder Rod Kit Chevrolet Buick Olds,CRS_15.07.2026__CI5564ROD-3.png,,
CRS 15.07.2026.xlsx,sheet1,193,KDC-2002,Ford C6 Stainless Braided Kick Down Cable Transmission Detent Tranny Trans C-6,CRS_15.07.2026__KDC-2002.png,,
CRS 15.07.2026.xlsx,sheet1,194,KDC-2003,TH350 Stainless Braided Transmission Kick Down Cable Detent SBC BBC Trans,CRS_15.07.2026__KDC-2003.png,,
CRS 15.07.2026.xlsx,sheet1,195,KDC-2001,Ford C4 Stainless Braided Kick Down Cable Transmission Kickdown Trans C-4 Detent,CRS_15.07.2026__KDC-2001.png,,
CRS 15.07.2026.xlsx,sheet1,196,KDC-2005,Chrysler 727 Stainless Braided Kickdown Cable Detent Mopar Transmission Trans,CRS_15.07.2026__KDC-2005.png,,
CRS 15.07.2026.xlsx,sheet1,197,KDC-2007,700-R4 STAINLESS BRAIDED KICKDOWN CABLE SBC BBC TRANSMISSION,CRS_15.07.2026__KDC-2007.png,,
CRS 15.07.2026.xlsx,sheet1,198,THC-8254,"24"" Universal Throttle Cable Braided Stainless Steel Street Rod",CRS_15.07.2026__THC-8254.png,,
CRS 15.07.2026.xlsx,sheet1,199,THC-2334,"Stainless Steel Braided 24"" Throttle Cable Universal - Black",CRS_15.07.2026__THC-2334.png,,
CRS 15.07.2026.xlsx,sheet1,200,THC-8255,"36"" THROTTLE CABLE BRAIDED STAINLESS STEEL UNIVERSAL ACCELERATOR FORD,CHEV,HOT",CRS_15.07.2026__THC-8255.png,,
CRS 15.07.2026.xlsx,sheet1,201,THC-2335,"36"" STAINLESS STEEL THROTTLE CABLE BLACK 24"" HOUSING HOT ROD STREET ROD",CRS_15.07.2026__THC-2335.png,,
CRS 15.07.2026.xlsx,sheet1,202,PSP-8848-POL,"Power Steering Pump Pulley, fits 1967-84 GM Power Steering Pump, with 5/8"" Shaft and Key Way,5-3/4"" Diameter,Single Groove, Polished",CRS_15.07.2026__PSP-8848-POL.png,,
CRS 15.07.2026.xlsx,sheet1,203,PSP-8848-1-POL,"Power Steering Pump Pulley, fits 1967-84 GM Power Steering Pump With 5/8"" Shaft and Key Way, 5-3/4"" Diameter, Double Groove, Polished",CRS_15.07.2026__PSP-8848-1-POL.png,,
CRS 15.07.2026.xlsx,sheet1,204,ODS-5106,Chevy GM Flexible Stainless 700R4 Transmission Dipstick 700 R4 Tranny SBC BBC,CRS_15.07.2026__ODS-5106-2.png,,
CRS 15.07.2026.xlsx,sheet1,205,ODS-3004,Flexible Stainless Transmission Dipstick Fits GM Chevy TH-400 Turbo SBC BBC,CRS_15.07.2026__ODS-3004.png,,
CRS 15.07.2026.xlsx,sheet1,206,ODS-3005,CHEVY GM LS1 LS SWAP 4L60E FLEXIBLE TRANSMISSION DIPSTICK - FIREWALL MOUNT,CRS_15.07.2026__ODS-3005.png,,
CRS 15.07.2026.xlsx,sheet1,207,ODS-5114,Chevy LS Stainless Flexible Engine Oil Dipstick Braided Fits 1997-Up Cars,CRS_15.07.2026__ODS-5114.png,,
CRS 15.07.2026.xlsx,sheet1,208,CR-010-RED,LS1 LS2 Engine Swap Red Polyurethane 3 Bolt Engine Mounts LSX LQ9 SBC BBC,CRS_15.07.2026__CR-010-RED.png,,
CRS 15.07.2026.xlsx,sheet1,209,CR-010-BLK,SBC BBC Black Polyurethane Engine Motor Mounts Small Block Chevy 350 454,CRS_15.07.2026__CR-010-BLK.png,,
CRS 15.07.2026.xlsx,sheet1,210,RH-RON-237,GM TH350 Polyurethane Transmission Mount Chevy Turbo 350 400 700R4 Rear Mount,CRS_15.07.2026__RH-RON-237.png,,
CRS 15.07.2026.xlsx,sheet1,211,MNF-3252701-RAW,"Intake Manifold for 1955-86 262-400 Small-Block Chevrolet V8, Accepts a 4150-Style Square-Bore Carburetor. Non-EGR.RAW",CRS_15.07.2026__MNF-3252701-RAW.png,,
CRS 15.07.2026.xlsx,sheet1,212,MNF-3252701-BLK,"Intake Manifold for 1955-86 262-400 Small-Block Chevrolet V8, Accepts a 4150-Style Square-Bore Carburetor. Non-EGR.Black",CRS_15.07.2026__MNF-3252701-BLK.png,,
CRS 15.07.2026.xlsx,sheet1,214,MNF-91611285-BLK,"Dual Plane,Air Gap Aluminum Intake Manifold for 1957-1995 Chevy SB, V8,  ,Black",CRS_15.07.2026__MNF-91611285-BLK.png,,
CRS 15.07.2026.xlsx,sheet1,215,MNF-2561147046-RAW,"Dual Plane Aluminum Intake Manifold for Ford SB 351 Windsor, V8,  RAW",CRS_15.07.2026__MNF-2561147046-RAW.png,,
CRS 15.07.2026.xlsx,sheet1,216,MNF-6010-2001-RAW,"Dual Plane Aluminum Intake Manifold for Ford SB, V8,  RAW",CRS_15.07.2026__MNF-6010-2001-RAW.png,,
CRS 15.07.2026.xlsx,sheet1,218,MNF-Weiand 8124-RAW,Weiand 8124 STREET WARRIORINTAKE MANIFOLD -FORDSMALL BLOCK V8Intake Manifold 289-302 FordSmall Block,CRS_15.07.2026__MNF-Weiand_8124-RAW.png,,
CRS 15.07.2026.xlsx,sheet1,219,PSPK-A101C,"SBC Saginaw Power Steering Pump Kit,  Single Steel Pulley & Alum Braket",CRS_15.07.2026__PSPK-A101C.png,,
CRS 15.07.2026.xlsx,sheet1,220,3014,"Steel U-joint 3/4"" DD To 3/4"" DD",CRS_15.07.2026__3014-2.png,,
CRS 15.07.2026.xlsx,sheet1,221,3016,"Steel U-joint 3/4"" Round To 3/4"" DD",CRS_15.07.2026__3016.png,,
CRS 15.07.2026.xlsx,sheet1,222,3019,"U joints, 3/4"" -36 Spline To 3/4"" DD,Steel,black",CRS_15.07.2026__3019.png,,
CRS 15.07.2026.xlsx,sheet1,223,3023,"Steel U-joint 3/4"" -30 Splined To 1"" DD",CRS_15.07.2026__3023.png,,
CRS 15.07.2026.xlsx,sheet1,224,MC-019-CRM,"Chrome Flat Mill Top Master Cylinder, 1"" bore 9/16"" & 1/2""",CRS_15.07.2026__MC-019-CRM.png,,
CRS 15.07.2026.xlsx,sheet1,225,CA-6872T,"1968-72 Chevelle Monte  Carlo GTO Heavy Duty  Tubular Upper & Lower Control Arms A Body""",CRS_15.07.2026__CA-6872T.png,,
CRS 15.07.2026.xlsx,sheet1,226,CA-6769T,"67- 69 Camaro, 68-74 Nova,Tubular Control Arms, Upper & Lower Set",CRS_15.07.2026__CA-6769T.png,,
CRS 15.07.2026.xlsx,sheet1,227,CA-5864T,1958-64 Chevrolet Full Size Tubular Upper and Lower Control Arms,CRS_15.07.2026__CA-5864T.png,,
CRS 15.07.2026.xlsx,sheet1,229,SP-6370,"1963-70 Chevy, GMC C10 Truck2.5"" Drop Spindles,Raw",CRS_15.07.2026__SP-6370.png,,
CRS 15.07.2026.xlsx,sheet1,230,BOS-7000C,"7"" Dual Diaphragm Power Brake Booster,Chrome",CRS_15.07.2026__BOS-7000C-2.png,,
CRS 15.07.2026.xlsx,sheet1,231,SP-C6472,1964-72 Chevy Pontiac GM A - F - X Body Disc Brake Stock Spindles,CRS_15.07.2026__SP-C6472.png,,
CRS 15.07.2026.xlsx,sheet1,232,CA-6370T,1963-1970 C10 CHEVROLET GMC TUBULAR CONTROL ARMS SET OF 4 UPPER AND LOWER,CRS_15.07.2026__CA-6370T.png,,
CRS 15.07.2026.xlsx,sheet1,233,CA-7387T,1973 to 1987 C10 Chevy GMC Tubular Control AArms Set of 4 Upper Lower Chevrolet,CRS_15.07.2026__CA-7387T.png,,
CRS 15.07.2026.xlsx,sheet1,234,MC-025-BLK,"Custom BLACK Tandem Oval Street Hot Rod Master Cylinder w/ 1-1/8"" Bore 9/16"" & 1/2""",CRS_15.07.2026__MC-025-BLK.png,,
CRS 15.07.2026.xlsx,sheet1,235,MC-026-CRM,"Custom chrome Tandem Oval Street Hot Rod Master Cylinder w/ 1-1/8"" Bore 9/16"" & 1/2""",CRS_15.07.2026__MC-026-CRM.png,,
CRS 15.07.2026.xlsx,sheet1,236,BR-5560-10LX-Z,"Brake Rotor, GM Rear Rotor / Front Mustang II Rear, 11"" Drilled,Silver Left",CRS_15.07.2026__BR-5560-10LX-Z.png,,
CRS 15.07.2026.xlsx,sheet1,237,BR-5560-10RX-Z,"Brake Rotor, GM Rear Rotor / Front Mustang II Rear, 11"" Drilled, Silver Right",CRS_15.07.2026__BR-5560-10RX-Z.png,,
CRS 15.07.2026.xlsx,sheet1,238,BOS-8001BK," Dual 8 Inch  Booster,BLACK",CRS_15.07.2026__BOS-8001BK.png,,
CRS 15.07.2026.xlsx,sheet1,239,BOS-1005C,"bolt on  GM 11"" Chrome Power Brake Booster",CRS_15.07.2026__BOS-1005C.png,,
CRS 15.07.2026.xlsx,sheet1,240,FP-1003,"Chevy SB 262-400 Mechanical Fuel Pump,V8 Engine, 6 PSI 1/4” NPT Inlet/Outlet",CRS_15.07.2026__FP-1003-2.png,,
CRS 15.07.2026.xlsx,sheet1,241,FP-1007,"Ford SB 221-351 Windsor Mechanical Fuel Pump, V8 Engine, 6 PSI 1/4” NPT Inlet/Outlet",CRS_15.07.2026__FP-1007.png,,
CRS 15.07.2026.xlsx,sheet1,242,PSP-01C,3913C GM Saginaw Power Steering Pump with Reservoir Chrome,CRS_15.07.2026__PSP-01C-2.png,,
CRS 15.07.2026.xlsx,sheet1,243,PD-2831M-B,"Universal Frame Mount Manual Brake Pedal, For 28-31 Ford Model A, Black",CRS_15.07.2026__PD-2831M-B.png,,
CRS 15.07.2026.xlsx,sheet1,43,BK-PV2,"2lb Residual Valves, Blue",CRS_15.07.2026__BK-PV2.png,,
CRS 15.07.2026.xlsx,sheet1,47,BOK-PV4-BK,"PV4 Proportioning Valve,Bottom kit,with lines,disc/disc,Black",CRS_15.07.2026__BOK-PV4-BK.png,,
CRS 15.07.2026.xlsx,sheet1,48,BOK-PV4-BR,"PV4 Proportioning Valve,bottom kit,with lines,disc/disc,Brass",CRS_15.07.2026__BOK-PV4-BR-2.png,,
CRS 15.07.2026.xlsx,sheet1,74,CM-D11193,1949-1954 Chevy Mustang II Bolt On Front End Crossmember,CRS_15.07.2026__CM-D11193-2.png,MMR-CM-D11193,numeric-core
CRS 15.07.2026.xlsx,sheet1,86,DBK-C5964F-11D-BLK,11 in. Disc Brake Conv. Kit for Fullsize Chevy Cars 1959-64，Black,CRS_15.07.2026__DBK-C5964F-11D-BLK.png,,
CRS 15.07.2026.xlsx,sheet1,101,E41021P-POL,"Tall Alum Finned Valve Cover 1987 up SBC 305-350 Center Bolt w/ Hole,Polished,6191-POL",CRS_15.07.2026__E41021P-POL.png,MMR-41021,numeric-core
CRS 15.07.2026.xlsx,sheet1,102,E41021P-POL,"Tall Alum Finned Valve Cover 1987 up SBC 305-350 Center Bolt w/ Hole,Polished,6191-POL",CRS_15.07.2026__E41021P-POL-2.png,MMR-41021,numeric-core
CRS 15.07.2026.xlsx,sheet1,113,E6154-BLK,"SBC Ball Milled Aluminum Recessed Valve Covers-Baffled,Black",CRS_15.07.2026__E6154-BLK.png,,
CRS 15.07.2026.xlsx,sheet1,114,E6154-POL,"SBC Ball Milled Aluminum Recessed Valve Covers-Baffled,Polished",CRS_15.07.2026__E6154-POL.png,,
CRS 15.07.2026.xlsx,sheet1,122,FLK-DW-0269,67-72 CHEVELLE ADJUSTABLE 4 BAR KIT WITH HARDWARE,CRS_15.07.2026__FLK-DW-0269.png,,
CRS 15.07.2026.xlsx,sheet1,135,MC-019-CRM,"Chrome Flat Mill Top Master Cylinder, 1"" bore 9/16"" & 1/2""",CRS_15.07.2026__MC-019-CRM-2.png,,
CRS 15.07.2026.xlsx,sheet1,136,MC-020-CRM,"Chrome Flat Mill Top Master Cylinder, 1-1/8"" bore 9/16"" & 1/2""",CRS_15.07.2026__MC-020-CRM.png,,
CRS 15.07.2026.xlsx,sheet1,150,PRE7486,"Ford Style 3/8” x 24” thread 5/8” Eyelet, Pistol Rod",CRS_15.07.2026__PRE7486.png,,
CRS 15.07.2026.xlsx,sheet1,161,RTA-6387-R,"1963- 1987 Chevy C10 Truck Rear Trailing Arms Pair, Round Tube",CRS_15.07.2026__RTA-6387-R.png,,
CRS 15.07.2026.xlsx,sheet1,167,SP-CT6062-2.5D,"60-62 Chevy GMC TRUCK DISC BRAKE 2.5"" DROP SPINDLE, PAIR",CRS_15.07.2026__SP-CT6062-2.5D.png,,
CRS 15.07.2026.xlsx,sheet1,179,TA-91634058-WB,"UPPER METRIC GM TRAILING ARM BARCKET, FOR 78-88 G BODY, WITH BUSHING",CRS_15.07.2026__TA-91634058-WB.png,,
CRS 15.07.2026.xlsx,sheet1,184,WHK-2100-1,21 Circuit Wiring Harness Kit Accesorries,CRS_15.07.2026__WHK-2100-1.png,,
CRS 15.07.2026.xlsx,sheet1,213,MNF-91611285-RAW,"Dual Plane,Air Gap Aluminum Intake Manifold for1957-1995 Chevy SB, V8,,RAW",CRS_15.07.2026__MNF-91611285-RAW.png,,
CRS 15.07.2026.xlsx,sheet1,217,MNF-3257564-RAW,"Edelbrock 7564 RPM Air Gap Intake Manifold for Ford 351C,RAW",CRS_15.07.2026__MNF-3257564-RAW.png,,
CRS 15.07.2026.xlsx,sheet1,228,CA-6570T,1965-70 Chevrolet Full Size Tubular Upper and Lower Control Arms,CRS_15.07.2026__CA-6570T.png,,
CRS-Street Rod Parts 13.05.2026.xlsx,MASTER CYLINDER ,2,MC-019-CRM,"Chrome Flat Mill Top Master Cylinder, 1"" bore 9/16"" & 1/2""",CRS-Street_Rod_Parts_13.05.2026__MC-019-CRM.png,,
CRS-Street Rod Parts 13.05.2026.xlsx,MASTER CYLINDER ,3,MC-020-CRM,"Chrome Flat Mill Top Master Cylinder, 1-1/8"" bore 9/16"" & 1/2""",CRS-Street_Rod_Parts_13.05.2026__MC-020-CRM.png,,
CRS-Street Rod Parts 13.05.2026.xlsx,MASTER CYLINDER ,4,MC-024-CRM,"Custom chrome Tandem Oval Street Hot Rod Master Cylinder w/ 1"" Bore 9/16"" & 1/2""",CRS-Street_Rod_Parts_13.05.2026__MC-024-CRM.png,,
CRS-Street Rod Parts 13.05.2026.xlsx,MASTER CYLINDER ,5,MC-025-BLK,"Custom BLACK Tandem Oval Street Hot Rod Master Cylinder w/ 1-1/8"" Bore 9/16"" & 1/2""",CRS-Street_Rod_Parts_13.05.2026__MC-025-BLK.png,,
CRS-Street Rod Parts 13.05.2026.xlsx,MASTER CYLINDER ,6,MC-026-CRM,"Custom chrome Tandem Oval Street Hot Rod Master Cylinder w/ 1-1/8"" Bore 9/16"" & 1/2""",CRS-Street_Rod_Parts_13.05.2026__MC-026-CRM.png,,
CRS-Street Rod Parts 13.05.2026.xlsx,MASTER CYLINDER ,7,MC-11525-RAW,"Ford Master Cylinder, Right Side Ports 9/16"" & 1/2"", 1"" Bore",CRS-Street_Rod_Parts_13.05.2026__MC-11525-RAW.png,,
CRS-Street Rod Parts 13.05.2026.xlsx,MASTER CYLINDER ,8,MC-1322-RAW,"GM Universal Cast Iron Master Cylinder 3/8” ports, Raw",CRS-Street_Rod_Parts_13.05.2026__MC-1322-RAW.png,,
CRS-Street Rod Parts 13.05.2026.xlsx,MASTER CYLINDER ,9,MC-1322A-CRM,"GM Universal Cast Aluminum Master Cylinder 3/8” ports, Chrome",CRS-Street_Rod_Parts_13.05.2026__MC-1322A-CRM.png,,
CRS-Street Rod Parts 13.05.2026.xlsx,MASTER CYLINDER ,11,MC-1323-RAW,"1960-1970 1"" Bore Mopar Master Cylinder",CRS-Street_Rod_Parts_13.05.2026__MC-1323-RAW.png,,
CRS-Street Rod Parts 13.05.2026.xlsx,MASTER CYLINDER ,12,MC-3500-CRM,"GM Universal Cast Alum 1"" Bore; 9/16"" & 1/2"" Ports on Left Side Chrome Smooth Top",CRS-Street_Rod_Parts_13.05.2026__MC-3500-CRM.png,,
CRS-Street Rod Parts 13.05.2026.xlsx,MASTER CYLINDER ,13,MC-3510-2-CRM,"GM Universal Cast Alum 1-1/8"" Bore; 9/16"" & 1/2"" Ports on Left Side Chrome Smooth Top",CRS-Street_Rod_Parts_13.05.2026__MC-3510-2-CRM.png,,
CRS-Street Rod Parts 13.05.2026.xlsx,MASTER CYLINDER ,14,MC-3510-4-BLK,"GM Universal Aluminum Ball Milled Master Cylinder w/ 1"" Bore, 4 Ports",CRS-Street_Rod_Parts_13.05.2026__MC-3510-4-BLK.png,,
CRS-Street Rod Parts 13.05.2026.xlsx,MASTER CYLINDER ,15,MC-3510-4-CRM,"GM Universal Aluminum Ball Milled Master Cylinder w/ 1"" Bore Chrome, 4 Ports",CRS-Street_Rod_Parts_13.05.2026__MC-3510-4-CRM.png,,
CRS-Street Rod Parts 13.05.2026.xlsx,MASTER CYLINDER ,16,MC-3511-CRM,"GM Universal Power/Manual Master Cylinder, 1"" bore 9/16""-18 and 1/2""-20, Aluminum Chrome",CRS-Street_Rod_Parts_13.05.2026__MC-3511-CRM.png,,
CRS-Street Rod Parts 13.05.2026.xlsx,MASTER CYLINDER ,17,MC-3511-RAW,"GM/Corvette Universal Cast Iron Master Cylinder, 1"" bore  9/16""-18 and 1/2""-20,4 holes",CRS-Street_Rod_Parts_13.05.2026__MC-3511-RAW.png,,
CRS-Street Rod Parts 13.05.2026.xlsx,MASTER CYLINDER ,18,MC-3511A-RAW,"GM Universal Aluminum 1"" Bore Master Cylinder 9/16""-18 and 1/2""-20",CRS-Street_Rod_Parts_13.05.2026__MC-3511A-RAW.png,,
CRS-Street Rod Parts 13.05.2026.xlsx,MASTER CYLINDER ,19,MC-3512-CRM,"Aluminum 1-1/8"" Bore Master Cylinder 9/16""-18 and 1/2""-20, Chrome",CRS-Street_Rod_Parts_13.05.2026__MC-3512-CRM.png,,
CRS-Street Rod Parts 13.05.2026.xlsx,MASTER CYLINDER ,20,MC-3512-RAW,"GM/Corvette Cast Iron Master Cylinder, 1-1/8"" bore  9/16""-18 and 1/2""-20,4 holes",CRS-Street_Rod_Parts_13.05.2026__MC-3512-RAW.png,,
CRS-Street Rod Parts 13.05.2026.xlsx,MASTER CYLINDER ,21,MC-3512A-RAW,"Aluminum 1-1/8"" Bore Master Cylinder 9/16""-18 and 1/2""-20, Raw",CRS-Street_Rod_Parts_13.05.2026__MC-3512A-RAW.png,,
CRS-Street Rod Parts 13.05.2026.xlsx,MASTER CYLINDER ,22,MC-5621-BLK,"1960-1970 Mopar Master Cylinder,1.125"" Bore 9/16""-20 INV & 1/2""-20 INV Ports,Cast Iron,Black",CRS-Street_Rod_Parts_13.05.2026__MC-5621-BLK.png,,
CRS-Street Rod Parts 13.05.2026.xlsx,MASTER CYLINDER ,23,MC-855-BLK,"Custom BLACK Tandem Oval Street Hot Rod Master Cylinder w/ 1"" Bore 9/16"" & 1/2""",CRS-Street_Rod_Parts_13.05.2026__MC-855-BLK.png,,
CRS-Street Rod Parts 13.05.2026.xlsx,MASTER CYLINDER ,24,MC-CM7078-RAW,"70-78 Camaro master cylinder  1-1/8"" bore",CRS-Street_Rod_Parts_13.05.2026__MC-CM7078-RAW.png,,
CRS-Street Rod Parts 13.05.2026.xlsx,MASTER CYLINDER ,25,MC-F3948-RAW,"1-1/16""  Bore 1939-48 Ford Single Master Cylinder",CRS-Street_Rod_Parts_13.05.2026__MC-F3948-RAW.png,,
CRS-Street Rod Parts 13.05.2026.xlsx,MASTER CYLINDER ,26,MC-F6466-BLK,"Brake Master Cylinder For 1964-1966 Ford Mustang 1965 Raybestos,Black",CRS-Street_Rod_Parts_13.05.2026__MC-F6466-BLK.png,,
CRS-Street Rod Parts 13.05.2026.xlsx,MASTER CYLINDER ,27,MC-F6673-BLK,"1966-73 Ford Mustang Single Bail Master Cylinder 1"" Bore 1/2-20"" & 3/8-24"",Black Cap",CRS-Street_Rod_Parts_13.05.2026__MC-F6673-BLK.png,,
CRS-Street Rod Parts 13.05.2026.xlsx,MASTER CYLINDER ,28,MC-F6673-CRM,"1966-73 Ford Mustang Single Bail Master Cyinder 1"" Bore 1/2-20""& 318-24"",Chrome",CRS-Street_Rod_Parts_13.05.2026__MC-F6673-CRM.png,,
CRS-Street Rod Parts 13.05.2026.xlsx,MASTER CYLINDER ,29,MC-F6673-RAW,"1966-73 Ford Mustang Single Bail Master Cylinder 1"" Bore 1/2-20"" & 3/8-24""",CRS-Street_Rod_Parts_13.05.2026__MC-F6673-RAW.png,,
CRS-Street Rod Parts 13.05.2026.xlsx,MASTER CYLINDER ,30,MC-GM5564-BLK,"1955-64 GM Master Cylinder for Dmum Brakes,deep with bullet, MC86,Black",CRS-Street_Rod_Parts_13.05.2026__MC-GM5564-BLK.png,,
CRS-Street Rod Parts 13.05.2026.xlsx,MASTER CYLINDER ,31,MC-GM5564-RAW,1955-64 GM Master Cylinder for Drum Brakes,CRS-Street_Rod_Parts_13.05.2026__MC-GM5564-RAW.png,,
CRS-Street Rod Parts 13.05.2026.xlsx,MASTER CYLINDER ,32,MC-GM6769-RAW,"Disc Brake Master Cylinder, 1967-69 GM",CRS-Street_Rod_Parts_13.05.2026__MC-GM6769-RAW.png,,
CRS-Street Rod Parts 13.05.2026.xlsx,MASTER CYLINDER ,33,MC-MP5621-RAW,"Mopar 1973-78 Cast Iron 1 1/8"" Bore, 9/16 & 1/2 Ports on Left Side Raw",CRS-Street_Rod_Parts_13.05.2026__MC-MP5621-RAW.png,,
CRS-Street Rod Parts 13.05.2026.xlsx,MASTER CYLINDER ,34,MC-MT6466-RAW,1964-1966 Mustang master cylinder,CRS-Street_Rod_Parts_13.05.2026__MC-MT6466-RAW.png,,
CRS-Street Rod Parts 13.05.2026.xlsx,BRAKE BOOSTER,2,BOS-1005C,"bolt on  GM 11"" Chrome Power Brake Booster",CRS-Street_Rod_Parts_13.05.2026__BOS-1005C.png,,
CRS-Street Rod Parts 13.05.2026.xlsx,BRAKE BOOSTER,3,BOS-1005Z,"bolt on  GM 11"" Zinc Power Brake Booster",CRS-Street_Rod_Parts_13.05.2026__BOS-1005Z.png,,
CRS-Street Rod Parts 13.05.2026.xlsx,BRAKE BOOSTER,4,BOS-1005Z-1,11 Inch Universal Power Brake Booster without bracket,CRS-Street_Rod_Parts_13.05.2026__BOS-1005Z-1.png,,
CRS-Street Rod Parts 13.05.2026.xlsx,BRAKE BOOSTER,5,BOS-1501Z-1,"11"" Dual Universal Power Booster Zinc,No Bracket",CRS-Street_Rod_Parts_13.05.2026__BOS-1501Z-1.png,,
CRS-Street Rod Parts 13.05.2026.xlsx,BRAKE BOOSTER,6,BOS-7000C,"7"" Dual Diaphragm Power Brake Booster,Chrome",CRS-Street_Rod_Parts_13.05.2026__BOS-7000C.png,,
CRS-Street Rod Parts 13.05.2026.xlsx,BRAKE BOOSTER,8,BOS-7001BK,"7"" Dual Diaphragm Power Brake Booster, Black",CRS-Street_Rod_Parts_13.05.2026__BOS-7001BK.png,,
CRS-Street Rod Parts 13.05.2026.xlsx,BRAKE BOOSTER,9,BOS-7011BK," 7"" Single Diaphragm power brake booster- Black",CRS-Street_Rod_Parts_13.05.2026__BOS-7011BK.png,,
CRS-Street Rod Parts 13.05.2026.xlsx,BRAKE BOOSTER,10,BOS-7011C,"7"" Single  Booster Chrome",CRS-Street_Rod_Parts_13.05.2026__BOS-7011C.png,,
CRS-Street Rod Parts 13.05.2026.xlsx,BRAKE BOOSTER,11,BOS-7011Z,"7"" Single  Booster Zinc",CRS-Street_Rod_Parts_13.05.2026__BOS-7011Z.png,,
CRS-Street Rod Parts 13.05.2026.xlsx,BRAKE BOOSTER,12,BOS-7910C,"GM 1964-66 9"" Style Single Diaphragm Brake Booster Chrome",CRS-Street_Rod_Parts_13.05.2026__BOS-7910C.png,,
CRS-Street Rod Parts 13.05.2026.xlsx,BRAKE BOOSTER,14,BOS-7911Z,"9"" Single  Booster, Bolt on, Zinc",CRS-Street_Rod_Parts_13.05.2026__BOS-7911Z.png,,
CRS-Street Rod Parts 13.05.2026.xlsx,BRAKE BOOSTER,15,BOS-8000C,"8"" Dual  Booster, Chrome",CRS-Street_Rod_Parts_13.05.2026__BOS-8000C.png,,
CRS-Street Rod Parts 13.05.2026.xlsx,BRAKE BOOSTER,16,BOS-8001BK," Dual 8 Inch  Booster,BLACK",CRS-Street_Rod_Parts_13.05.2026__BOS-8001BK.png,,
CRS-Street Rod Parts 13.05.2026.xlsx,BRAKE BOOSTER,18,BOS-8001Z,"8"" Dual  Booster, Zinc",CRS-Street_Rod_Parts_13.05.2026__BOS-8001Z.png,,
CRS-Street Rod Parts 13.05.2026.xlsx,BRAKE BOOSTER,19,BOS-8002BK,"Vacuum Diaphragm SINGLE Brake Booster Type, SINGLE 8 Inch,Black",CRS-Street_Rod_Parts_13.05.2026__BOS-8002BK.png,,
CRS-Street Rod Parts 13.05.2026.xlsx,BRAKE BOOSTER,20,BOS-8002C,"Vacuum Diaphragm SINGLE Brake Booster Type, SINGLE 8 Inch CHROME",CRS-Street_Rod_Parts_13.05.2026__BOS-8002C.png,,
CRS-Street Rod Parts 13.05.2026.xlsx,BRAKE BOOSTER,21,BOS-8002Z,"Vacuum Diaphragm SINGLE Brake Booster Type, SINGLE 8 Inch,zinc",CRS-Street_Rod_Parts_13.05.2026__BOS-8002Z.png,,
CRS-Street Rod Parts 13.05.2026.xlsx,BRAKE BOOSTER,22,BOS-8536BK,"70-74 challenger booster,Black",CRS-Street_Rod_Parts_13.05.2026__BOS-8536BK.png,,
CRS-Street Rod Parts 13.05.2026.xlsx,BRAKE BOOSTER,23,BOS-8536C,"70-74 challenger booster,chrome",CRS-Street_Rod_Parts_13.05.2026__BOS-8536C.png,,
CRS-Street Rod Parts 13.05.2026.xlsx,BRAKE BOOSTER,24,BOS-9002BK," Universal 9"" Single Diaphragm Booster, Black",CRS-Street_Rod_Parts_13.05.2026__BOS-9002BK.png,,
CRS-Street Rod Parts 13.05.2026.xlsx,BRAKE BOOSTER,25,BOS-9002C," Universal 9"" Single Diaphragm Booster, Chrome",CRS-Street_Rod_Parts_13.05.2026__BOS-9002C.png,,
CRS-Street Rod Parts 13.05.2026.xlsx,BRAKE BOOSTER,26,BOS-9007BK,1967-1970 Ford Mustang 9'' Single Diaphragm Brake Booster Black,CRS-Street_Rod_Parts_13.05.2026__BOS-9007BK.png,,
CRS-Street Rod Parts 13.05.2026.xlsx,BRAKE BOOSTER,27,BOS-9007C,1967-1970 Ford Mustang 9'' Single Diaphragm Brake Booster Chrome,CRS-Street_Rod_Parts_13.05.2026__BOS-9007C.png,,
CRS-Street Rod Parts 13.05.2026.xlsx,BRAKE BOOSTER,28,BOS-9007Z,1967-1970 Ford Mustang 9'' Single Diaphragm Brake Booster Zinc,CRS-Street_Rod_Parts_13.05.2026__BOS-9007Z.png,,
CRS-Street Rod Parts 13.05.2026.xlsx,BRAKE BOOSTER,29,BOS-9537B,1967-1972 Chevy Truck 9'' Double Diaphragm Booster Black,CRS-Street_Rod_Parts_13.05.2026__BOS-9537B.png,,
CRS-Street Rod Parts 13.05.2026.xlsx,BRAKE BOOSTER,30,BOS-PB1970MB,"1967-1970 Ford Mustang 9'' Dual Diaphragm Brake Booster,Black",CRS-Street_Rod_Parts_13.05.2026__BOS-PB1970MB.png,,
CRS-Street Rod Parts 13.05.2026.xlsx,BRAKE BOOSTER,31,BOS-PB1970MC,"1967-1970 Ford Mustang 9'' Dual Diaphragm Brake Booster,Chrome",CRS-Street_Rod_Parts_13.05.2026__BOS-PB1970MC.png,,
CRS-Street Rod Parts 13.05.2026.xlsx,BRAKE BOOSTER,32,BOS-PB7393BK,Dual Diaphragm Booster 1973-93 GM Truck booster  only(booster from BCK-152),CRS-Street_Rod_Parts_13.05.2026__BOS-PB7393BK.png,,
CRS-Street Rod Parts 13.05.2026.xlsx,BRAKE BOOSTER,33,BOS-PB8537B,"Universal 8"" Dual Diaphragm Ford Bronco Bendix Brake Booster, 4 mount bolt, Black",CRS-Street_Rod_Parts_13.05.2026__BOS-PB8537B.png,,
CRS-Street Rod Parts 13.05.2026.xlsx,BRAKE BOOSTER,35,BOS-PB9018Z,"1963-67 Corvette Power Brake Booster  9"",Zinc",CRS-Street_Rod_Parts_13.05.2026__BOS-PB9018Z.png,,
CRS-Street Rod Parts 13.05.2026.xlsx,BRACKET,3,6570-BLK,"1965-74 A, B & E Body Firewall Booster Bracket",CRS-Street_Rod_Parts_13.05.2026__6570-BLK.png,,
CRS-Street Rod Parts 13.05.2026.xlsx,BRACKET,2,6772-BLK,1967-72 Chevy / GM Firewall Booster Bracket/bracket for BCK-063,CRS-Street_Rod_Parts_13.05.2026__6772-BLK.png,,
CRS-Street Rod Parts 13.05.2026.xlsx,BRACKET,9,Q07024,1967-1969 Automatic Ford Mustang Brake Pedal,CRS-Street_Rod_Parts_13.05.2026__Q07024.png,,
CRS-Street Rod Parts 13.05.2026.xlsx,BRACKET,4,6673FLTR,1966-1971 Fairlane Ranchero Torino Booster Bracket for BCK-023,CRS-Street_Rod_Parts_13.05.2026__6673FLTR.jpeg,,
CRS-Street Rod Parts 13.05.2026.xlsx,BRACKET,5,7486-BLK,bracket for BCK-067,CRS-Street_Rod_Parts_13.05.2026__7486-BLK.jpeg,,
CRS-Street Rod Parts 13.05.2026.xlsx,BRACKET,15,4954-BK,"Frame Pedal,work with BCK-025/026,Black",CRS-Street_Rod_Parts_13.05.2026__4954-BK.jpeg,,
CRS-Street Rod Parts 13.05.2026.xlsx,BRACKET,16,4954-Z,"Frame Pedal,work with BCK-025/026,ZINC",CRS-Street_Rod_Parts_13.05.2026__4954-Z.jpeg,,
CRS-Street Rod Parts 13.05.2026.xlsx,BRACKET,7,PD-002,  Univeral brake booster bracket,CRS-Street_Rod_Parts_13.05.2026__PD-002.jpeg,,
CRS-Street Rod Parts 13.05.2026.xlsx,BRACKET,10,PB-2831B,1928-1931 Ford Universal Frame Mount Pedal,CRS-Street_Rod_Parts_13.05.2026__PB-2831B.png,,
CRS-Street Rod Parts 13.05.2026.xlsx,BRACKET,6,PRAUM ,manual brakes pedal,CRS-Street_Rod_Parts_13.05.2026__PRAUM.jpeg,,
CRS-Street Rod Parts 13.05.2026.xlsx,BRACKET,8,PD-4148,"941-48 brake pedal assembly,gold zinc",CRS-Street_Rod_Parts_13.05.2026__PD-4148.jpeg,,
CRS-Street Rod Parts 13.05.2026.xlsx,BRACKET,12,47-54 Blk,1947- 1954 Chevy / GMC Pickup Truck Brake Pedal bracket,CRS-Street_Rod_Parts_13.05.2026__47-54_Blk.png,,
CRS-Street Rod Parts 13.05.2026.xlsx,BRACKET,13,55-59 Blk,1955-1959 Chevrolet Truck Frame Mount Brake Pedal,CRS-Street_Rod_Parts_13.05.2026__55-59_Blk.png,,
CRS-Street Rod Parts 13.05.2026.xlsx,BRACKET,14,49-54 Blk,49-54 Chevy Car Power Brake Bracket Pedal Arm Frame Mount,CRS-Street_Rod_Parts_13.05.2026__49-54_Blk.png,,
CRS-Street Rod Parts 13.05.2026.xlsx,BRACKET,23,650 Zinc Kit,"GM A, F, X Body 1964-1980 Brake Booster Booster Bracket",CRS-Street_Rod_Parts_13.05.2026__650_Zinc_Kit.jpeg,,
CRS-Street Rod Parts 13.05.2026.xlsx,BRACKET,24,650 Blk Kit,"GM A, F, X Body 1964-1980 Brake Booster Booster Bracket",CRS-Street_Rod_Parts_13.05.2026__650_Blk_Kit.jpeg,,
CRS-Street Rod Parts 13.05.2026.xlsx,BRACKET,25,650C Kit,"GM A, F, X Body 1964-1980 Brake Booster Booster Bracket",CRS-Street_Rod_Parts_13.05.2026__650C_Kit.jpeg,,
CRS-Street Rod Parts 13.05.2026.xlsx,BRACKET,20,651 Zinc Kit,  GM 1958-1964 Booster Bracket,CRS-Street_Rod_Parts_13.05.2026__651_Zinc_Kit.jpeg,,
CRS-Street Rod Parts 13.05.2026.xlsx,BRACKET,21,651 Blk Kit,  GM 1958-1964 Booster Bracket,CRS-Street_Rod_Parts_13.05.2026__651_Blk_Kit.jpeg,,
CRS-Street Rod Parts 13.05.2026.xlsx,BRACKET,22,651C Kit,  GM 1958-1964 Booster Bracket,CRS-Street_Rod_Parts_13.05.2026__651C_Kit.jpeg,,
CRS-Street Rod Parts 13.05.2026.xlsx,BRACKET,18,7004 Blk Kit,Chevy 55-57 Zinc Power Brake Booster Bracket,CRS-Street_Rod_Parts_13.05.2026__7004_Blk_Kit.jpeg,,
CRS-Street Rod Parts 13.05.2026.xlsx,BRACKET,19,7004C Kit,Chevy 55-57 Zinc Power Brake Booster Bracket,CRS-Street_Rod_Parts_13.05.2026__7004C_Kit.jpeg,,
CRS-Street Rod Parts 13.05.2026.xlsx,BRACKET,17,7004 Zinc Kit,Chevy 55-57 Zinc Power Brake Booster Bracket,CRS-Street_Rod_Parts_13.05.2026__7004_Zinc_Kit.jpeg,,
CRS-Street Rod Parts 13.05.2026.xlsx,BRACKET,27,55-70 Blk,square kit,CRS-Street_Rod_Parts_13.05.2026__55-70_Blk.jpeg,,
CRS-Street Rod Parts 13.05.2026.xlsx,BRACKET,28,55-70 Silver Kit,square kit,CRS-Street_Rod_Parts_13.05.2026__55-70_Silver_Kit.jpeg,,
CRS-Street Rod Parts 13.05.2026.xlsx,BRACKET,26,55-70 Zinc,square kit,CRS-Street_Rod_Parts_13.05.2026__55-70_Zinc.jpeg,,
CRS-Street Rod Parts 13.05.2026.xlsx,BRACKET,11,PB-12504B,1966-1977 Ford Bronco Firewall Mount Booster Bracket Black,CRS-Street_Rod_Parts_13.05.2026__PB-12504B.jpeg,,
CRS-Street Rod Parts 13.05.2026.xlsx,BRACKET,29,PB-002,pedal bracket,CRS-Street_Rod_Parts_13.05.2026__PB-002.png,,
CRS-Street Rod Parts 13.05.2026.xlsx,VALVE,2,BOK-PV4-BR,PV4 Bottom Kit BRASS,CRS-Street_Rod_Parts_13.05.2026__BOK-PV4-BR.jpeg,,
CRS-Street Rod Parts 13.05.2026.xlsx,VALVE,3,BOK-PV2-BR,PV2 Bottom Kit BRASS,CRS-Street_Rod_Parts_13.05.2026__BOK-PV2-BR.jpeg,,
CRS-Street Rod Parts 13.05.2026.xlsx,VALVE,4,BOK-PV4-BK,PV4 Bottom Kit BLACK,CRS-Street_Rod_Parts_13.05.2026__BOK-PV4-BK.jpeg,,
CRS-Street Rod Parts 13.05.2026.xlsx,VALVE,5,BOK-PV2-BK,PV2 Bottom Kit BLACK,CRS-Street_Rod_Parts_13.05.2026__BOK-PV2-BK.jpeg,,
CRS-Street Rod Parts 13.05.2026.xlsx,VALVE,7,BOK-PV2-CH,PV2  Bottom Kit  CHROME,CRS-Street_Rod_Parts_13.05.2026__BOK-PV2-CH.jpeg,,
CRS-Street Rod Parts 13.05.2026.xlsx,VALVE,6,BOK-PV4-CH,PV4 Bottom Kit CHROME,CRS-Street_Rod_Parts_13.05.2026__BOK-PV4-CH.jpeg,,
CRS-Street Rod Parts 13.05.2026.xlsx,VALVE,8,SDK-PV4-BR,PV4 Side Kit BRASS,CRS-Street_Rod_Parts_13.05.2026__SDK-PV4-BR.jpeg,,
CRS-Street Rod Parts 13.05.2026.xlsx,VALVE,9,SDK-PV2-BR,PV2 Side Kit BRASS,CRS-Street_Rod_Parts_13.05.2026__SDK-PV2-BR.jpeg,,
CRS-Street Rod Parts 13.05.2026.xlsx,VALVE,10,SDK-PV4-BK,PV4 Side Kit BLACK,CRS-Street_Rod_Parts_13.05.2026__SDK-PV4-BK.jpeg,,
CRS-Street Rod Parts 13.05.2026.xlsx,VALVE,11,SDK-PV2-BK,PV2 Side Kit  BLACK,CRS-Street_Rod_Parts_13.05.2026__SDK-PV2-BK.jpeg,,
CRS-Street Rod Parts 13.05.2026.xlsx,VALVE,12,SDK-PV4-CH,PV4 Side Kit CHROME,CRS-Street_Rod_Parts_13.05.2026__SDK-PV4-CH.jpeg,,
CRS-Street Rod Parts 13.05.2026.xlsx,VALVE,13,SDK-PV2-CH,PV2 Side Kit CHROME,CRS-Street_Rod_Parts_13.05.2026__SDK-PV2-CH.jpeg,,
CRS-Street Rod Parts 13.05.2026.xlsx,VALVE,14,RHBL-001,"9/16"" & 1/2"" Ports Left Side Mount Steel Lines",CRS-Street_Rod_Parts_13.05.2026__RHBL-001.png,,
CRS-Street Rod Parts 13.05.2026.xlsx,VALVE,15,RHBL-004,"3/8"" Ports Bottom Mount Steel Lines",CRS-Street_Rod_Parts_13.05.2026__RHBL-004.png,,
CRS-Street Rod Parts 13.05.2026.xlsx,VALVE,16,BK-PV2,"Residual Check Valve, 2 lbs",CRS-Street_Rod_Parts_13.05.2026__BK-PV2.png,,
CRS-Street Rod Parts 13.05.2026.xlsx,VALVE,17,BK-PV10,"Residual Check Valve, 10 lbs",CRS-Street_Rod_Parts_13.05.2026__BK-PV10.png,,
CRS-Street Rod Parts 13.05.2026.xlsx,ACCESSORIES,2,PRE104,"1 1/2"" long Pedal Rod Extension, 3/8"" Diameter Hole",CRS-Street_Rod_Parts_13.05.2026__PRE104.jpeg,,
CRS-Street Rod Parts 13.05.2026.xlsx,ACCESSORIES,11,PRE110,Universal clevis with 3/8-24 threads & 3/8 roll pin for adapting to brake pedal,CRS-Street_Rod_Parts_13.05.2026__PRE110.png,,
CRS-Street Rod Parts 13.05.2026.xlsx,ACCESSORIES,12,PRE111,universal manual or power master cylinder push rod clevis rod with Ford end,CRS-Street_Rod_Parts_13.05.2026__PRE111.png,,
CRS-Street Rod Parts 13.05.2026.xlsx,ACCESSORIES,13,PRE112,"Ford Universal adjustable Manual Master Cylinder Push Rod Kit, Ford",CRS-Street_Rod_Parts_13.05.2026__PRE112.png,,
CRS-Street Rod Parts 13.05.2026.xlsx,ACCESSORIES,5,PRE101,"Universal pedal rod extension.
2 1/2” long, 3/8” eyelet. 3/8” x 24",CRS-Street_Rod_Parts_13.05.2026__PRE101.jpeg,,
CRS-Street Rod Parts 13.05.2026.xlsx,ACCESSORIES,6,PRE106,"1-1/8” long coupler.
Both ends female 3/8” x 24",CRS-Street_Rod_Parts_13.05.2026__PRE106.jpeg,,
CRS-Street Rod Parts 13.05.2026.xlsx,ACCESSORIES,7,PRE107,"Universal pedal rod extension. 4 1/8”
length. 3/8” x 24 rod. Eyelet ID 5/8”",CRS-Street_Rod_Parts_13.05.2026__PRE107.png,,
CRS-Street Rod Parts 13.05.2026.xlsx,ACCESSORIES,8,PRE5564,"Universal pedal rod extension. 4 3/4”
long rod. Male & female 3/8” x 24”",CRS-Street_Rod_Parts_13.05.2026__PRE5564.png,,
CRS-Street Rod Parts 13.05.2026.xlsx,ACCESSORIES,9,PRE7486,"Ford Style 3/8” x 24” thread
5/8” Eyelet",CRS-Street_Rod_Parts_13.05.2026__PRE7486.png,,
CRS-Street Rod Parts 13.05.2026.xlsx,ACCESSORIES,10,CI5564ROD,"Clevis, pedal rod
extension, manual push rod, &
union. All 3/8”-24 thread.",CRS-Street_Rod_Parts_13.05.2026__CI5564ROD.png,,
CRS-Street Rod Parts 13.05.2026.xlsx,ACCESSORIES,4,6772-18,Universal clevis. Fork style. 3/8” x 24,CRS-Street_Rod_Parts_13.05.2026__6772-18.png,,
CRS-Street Rod Parts 13.05.2026.xlsx,ACCESSORIES,3,TRKPRE,"Universal truck pedal rod extension.
3/8” x 24”
6772-18 Universal ",CRS-Street_Rod_Parts_13.05.2026__TRKPRE.jpeg,,
CRS-Street Rod Parts 13.05.2026.xlsx,CROSSMEMBER,2,CM-34443,"1935-40 Ford Car & Truck Crossmember, Weld On",CRS-Street_Rod_Parts_13.05.2026__CM-34443.png,,
CRS-Street Rod Parts 13.05.2026.xlsx,CROSSMEMBER,3,CM-34443-Hat,1935-40 Ford Car & Truck Crossmember Hat Only,CRS-Street_Rod_Parts_13.05.2026__CM-34443-Hat.png,,
CRS-Street Rod Parts 13.05.2026.xlsx,CROSSMEMBER,4,CM-34446,1937-48 Chevy Car IFS Crossmember,CRS-Street_Rod_Parts_13.05.2026__CM-34446.png,,
CRS-Street Rod Parts 13.05.2026.xlsx,CROSSMEMBER,5,CM-34446-Hat,1937-48 Chevy Car IFS Crossmember Hat Only,CRS-Street_Rod_Parts_13.05.2026__CM-34446-Hat.png,,
CRS-Street Rod Parts 13.05.2026.xlsx,CROSSMEMBER,6,CM-34446-Plate,1937-48 Chevy Car IFS Crossmember Plate Only,CRS-Street_Rod_Parts_13.05.2026__CM-34446-Plate.png,,
CRS-Street Rod Parts 13.05.2026.xlsx,CROSSMEMBER,7,CM-34448,"1947-54 Chevy Truck IFS Crossmember, Weld On",CRS-Street_Rod_Parts_13.05.2026__CM-34448.png,MMR-CM-34448,numeric-core
CRS-Street Rod Parts 13.05.2026.xlsx,CROSSMEMBER,8,CM-34448-Hat,1947-54 Chevy Truck IFS Crossmember Hat Only,CRS-Street_Rod_Parts_13.05.2026__CM-34448-Hat.png,MMR-CM-34448,numeric-core
CRS-Street Rod Parts 13.05.2026.xlsx,CROSSMEMBER,9,CM-34448-Plate,1947-54 Chevy Truck IFS Crossmember Plate Only,CRS-Street_Rod_Parts_13.05.2026__CM-34448-Plate.png,MMR-CM-34448,numeric-core
CRS-Street Rod Parts 13.05.2026.xlsx,CROSSMEMBER,10,CM-34457,1964-70 Mustang Crossmember,CRS-Street_Rod_Parts_13.05.2026__CM-34457.png,MMR-CM-34457,numeric-core
CRS-Street Rod Parts 13.05.2026.xlsx,CROSSMEMBER,11,CM-34457-Hat,1964-70 Mustang Crossmember Hat Only,CRS-Street_Rod_Parts_13.05.2026__CM-34457-Hat.png,MMR-CM-34457,numeric-core
CRS-Street Rod Parts 13.05.2026.xlsx,CROSSMEMBER,12,CM-34457-Plate,1964-70 Mustang Crossmember Plate Only,CRS-Street_Rod_Parts_13.05.2026__CM-34457-Plate.png,MMR-CM-34457,numeric-core
CRS-Street Rod Parts 13.05.2026.xlsx,CROSSMEMBER,13,CM-C4954IFS,"1949-54 Chevy Car IFS Crossmember, Mustang II Front Suspension",CRS-Street_Rod_Parts_13.05.2026__CM-C4954IFS.png,,
CRS-Street Rod Parts 13.05.2026.xlsx,CROSSMEMBER,14,CM-C4954IFS-T,"1949-54 Chevy Car IFS Crossmember, Mustang II Front Suspension, With A Arm Tubes",CRS-Street_Rod_Parts_13.05.2026__CM-C4954IFS-T.png,,
CRS-Street Rod Parts 13.05.2026.xlsx,CROSSMEMBER,15,CM-C5964,Crossmember Conversion For 1959-1964 62 63 Chevy Impala 700R4 4L60 4L60E,CRS-Street_Rod_Parts_13.05.2026__CM-C5964.png,,
CRS-Street Rod Parts 13.05.2026.xlsx,CROSSMEMBER,16,CM-CT3739,"1937-39 Chevy Truck IFS Crossmember, with A Arm Tubes",CRS-Street_Rod_Parts_13.05.2026__CM-CT3739.png,,
CRS-Street Rod Parts 13.05.2026.xlsx,CROSSMEMBER,17,CM-CT4046,"1940-46 Chevy Truck IFS Crossmember, with A Arm Tubes",CRS-Street_Rod_Parts_13.05.2026__CM-CT4046.png,,
CRS-Street Rod Parts 13.05.2026.xlsx,CROSSMEMBER,18,CM-CT4754IFS,"1947-54 Chevy Pickup Bolt-In IFS Front Crossmember Kit, Mustang 2",CRS-Street_Rod_Parts_13.05.2026__CM-CT4754IFS.png,,
CRS-Street Rod Parts 13.05.2026.xlsx,CROSSMEMBER,19,CM-CT5559,1955-59 CHEVY TRUCK CROSSMEMBER,CRS-Street_Rod_Parts_13.05.2026__CM-CT5559.png,,
CRS-Street Rod Parts 13.05.2026.xlsx,CROSSMEMBER,20,CM-D11193,1949-1954 Chevy Mustang II Bolt On Front End Crossmember,CRS-Street_Rod_Parts_13.05.2026__CM-D11193.png,MMR-CM-D11193,numeric-core
CRS-Street Rod Parts 13.05.2026.xlsx,CROSSMEMBER,21,CM-F3334,"1933-34 Ford IFS Crossmember, Mustang II Front Suspension",CRS-Street_Rod_Parts_13.05.2026__CM-F3334.png,,
CRS-Street Rod Parts 13.05.2026.xlsx,CROSSMEMBER,22,CM-F3540IFS,"1935-40 Ford Car & Truck Crossmember, Bolt In",CRS-Street_Rod_Parts_13.05.2026__CM-F3540IFS.png,,
CRS-Street Rod Parts 13.05.2026.xlsx,CROSSMEMBER,23,CM-F4148,"1941-48 Ford Car IFS Crossmember, with A Arm Tubes",CRS-Street_Rod_Parts_13.05.2026__CM-F4148.png,,
CRS-Street Rod Parts 13.05.2026.xlsx,CROSSMEMBER,24,CM-F6065,1960-65 Ford Falcon Mustang II Weld-On Crossmember,CRS-Street_Rod_Parts_13.05.2026__CM-F6065.png,,
CRS-Street Rod Parts 13.05.2026.xlsx,CROSSMEMBER,25,CM-FT4852,"1948-52 Ford Pick UP Truck Crossmember, 26""~27"" inside, work as Universal",CRS-Street_Rod_Parts_13.05.2026__CM-FT4852.png,,
CRS-Street Rod Parts 13.05.2026.xlsx,CROSSMEMBER,26,CM-FT5356IFS,"1953-56 Ford F-100 IFS Crossmember, Mustang II Front Suspension",CRS-Street_Rod_Parts_13.05.2026__CM-FT5356IFS.png,,
CRS-Street Rod Parts 13.05.2026.xlsx,CROSSMEMBER,27,CM-FT5356IFS-HAT,"Hat for 1953-56 Ford F-100 IFS Crossmember, Mustang II Front Suspension",CRS-Street_Rod_Parts_13.05.2026__CM-FT5356IFS-HAT.png,,
CRS-Street Rod Parts 13.05.2026.xlsx,CROSSMEMBER,28,CM-FT5760IFS,CPP 1957-1960 Ford F100 Truck Pick Up Mustang 2 II IFS Crossmember,CRS-Street_Rod_Parts_13.05.2026__CM-FT5760IFS.png,,
CRS-Street Rod Parts 13.05.2026.xlsx,Four Link Kit,9,DW-0373,Bracket to work with FLK-C6772-2,CRS-Street_Rod_Parts_13.05.2026__DW-0373.png,,
CRS-Street Rod Parts 13.05.2026.xlsx,Four Link Kit,2,FLK-001,"Triangular Rear 4 Link Kit,for 1932 Ford",CRS-Street_Rod_Parts_13.05.2026__FLK-001.png,,
CRS-Street Rod Parts 13.05.2026.xlsx,Four Link Kit,3,FLK-002,"Triangular Rear 4 Link Kit in S.S.,for 1932 Ford",CRS-Street_Rod_Parts_13.05.2026__FLK-002.png,,
CRS-Street Rod Parts 13.05.2026.xlsx,Four Link Kit,4,FLK-010,1955-59 Chevy GMC Truck Triangular Rear Four Bar Four Link Kit,CRS-Street_Rod_Parts_13.05.2026__FLK-010.png,,
CRS-Street Rod Parts 13.05.2026.xlsx,Four Link Kit,5,FLK-011,1948-1956 Ford Pickup Truck Parallel 4 Link Four Bar Kit,CRS-Street_Rod_Parts_13.05.2026__FLK-011.png,,
CRS-Street Rod Parts 13.05.2026.xlsx,Four Link Kit,6,FLK-014,1928-1931 Ford Model A Triangular Rear Four Bar Four Link Kit,CRS-Street_Rod_Parts_13.05.2026__FLK-014.png,,
CRS-Street Rod Parts 13.05.2026.xlsx,Four Link Kit,7,FLK-C6772,"180-230lb Rear Adjustable 4 Bar & Coilover Conversion Kit Fits GM 1967-72 A Body, with wrenches",CRS-Street_Rod_Parts_13.05.2026__FLK-C6772.jpeg,,
CRS-Street Rod Parts 13.05.2026.xlsx,Four Link Kit,8,FLK-C6772-2,"180-230lb Coil Over Kit for Rear Adjustable Conversion Kit, GM 1967-72 A Body, with Wrenches",CRS-Street_Rod_Parts_13.05.2026__FLK-C6772-2.png,,
CRS-Street Rod Parts 13.05.2026.xlsx,Four Link Kit,10,FLK-CT5559,Steel Parallel 4-Link Bar Rear Suspension Kit for Chevy Pickup Truck 55-59 LH+RH,CRS-Street_Rod_Parts_13.05.2026__FLK-CT5559.png,,
CRS-Street Rod Parts 13.05.2026.xlsx,Four Link Kit,11,FLK-DW-0268,64-66 CHEVELLE ADJUSTABLE 4 BAR KIT WITH HARDWARE,CRS-Street_Rod_Parts_13.05.2026__FLK-DW-0268.jpeg,,
CRS-Street Rod Parts 13.05.2026.xlsx,Four Link Kit,12,FLK-DW-0269,67-72 CHEVELLE ADJUSTABLE 4 BAR KIT WITH HARDWARE,CRS-Street_Rod_Parts_13.05.2026__FLK-DW-0269.jpeg,,
CRS-Street Rod Parts 13.05.2026.xlsx,Four Link Kit,13,FLK-DW-0275,"4-link kit, for 1955-1957 Chevrolet Tri-Five",CRS-Street_Rod_Parts_13.05.2026__FLK-DW-0275.jpeg,,
CRS-Street Rod Parts 13.05.2026.xlsx,Four Link Kit,14,FLK-DW-0351,"4-link kit, for 1962-1967 Nova",CRS-Street_Rod_Parts_13.05.2026__FLK-DW-0351.jpeg,,
CRS-Street Rod Parts 13.05.2026.xlsx,Four Link Kit,15,FLK-DW-0351-HWK,Fasteners for DW-0351,CRS-Street_Rod_Parts_13.05.2026__FLK-DW-0351-HWK.jpeg,,
CRS-Street Rod Parts 13.05.2026.xlsx,Four Link Kit,16,FLK-DW-0377,"4 Link Kit, for 1948-1952 F150 Truck",CRS-Street_Rod_Parts_13.05.2026__FLK-DW-0377.jpeg,,
CRS-Street Rod Parts 13.05.2026.xlsx,Four Link Kit,17,FLK-DW-0415,1967-1969 Chevy Camaro SS Z28 Specific Adjustable Rear 4-Link Kit without Coilovers,CRS-Street_Rod_Parts_13.05.2026__FLK-DW-0415.png,,
CRS-Street Rod Parts 13.05.2026.xlsx,Four Link Kit,18,"FLK-RAM-3""","2014-2020 Ram 2500 3500 4WD + Shock Relocation Brackets 3""Front Steel Leveling Kit(8KG)",CRS-Street_Rod_Parts_13.05.2026__FLK-RAM-3.png,,
CRS-Street Rod Parts 13.05.2026.xlsx,CONTROL ARM & TRAIL ARM,2,Part #,Description,CRS-Street_Rod_Parts_13.05.2026__Part.png,,
CRS-Street Rod Parts 13.05.2026.xlsx,CONTROL ARM & TRAIL ARM,3,,,CRS-Street_Rod_Parts_13.05.2026__CONTROL_ARM_TRAIL_ARM-row3.png,,
CRS-Street Rod Parts 13.05.2026.xlsx,CONTROL ARM & TRAIL ARM,5,,,CRS-Street_Rod_Parts_13.05.2026__CONTROL_ARM_TRAIL_ARM-row5.png,,
CRS-Street Rod Parts 13.05.2026.xlsx,CONTROL ARM & TRAIL ARM,4,,,CRS-Street_Rod_Parts_13.05.2026__CONTROL_ARM_TRAIL_ARM-row4.png,,
CRS-Street Rod Parts 13.05.2026.xlsx,CONTROL ARM & TRAIL ARM,6,,,CRS-Street_Rod_Parts_13.05.2026__CONTROL_ARM_TRAIL_ARM-row6.png,,
CRS-Street Rod Parts 13.05.2026.xlsx,CONTROL ARM & TRAIL ARM,7,,,CRS-Street_Rod_Parts_13.05.2026__CONTROL_ARM_TRAIL_ARM-row7.png,,
CRS-Street Rod Parts 13.05.2026.xlsx,CONTROL ARM & TRAIL ARM,8,,,CRS-Street_Rod_Parts_13.05.2026__CONTROL_ARM_TRAIL_ARM-row8.png,,
CRS-Street Rod Parts 13.05.2026.xlsx,CONTROL ARM & TRAIL ARM,9,,,CRS-Street_Rod_Parts_13.05.2026__CONTROL_ARM_TRAIL_ARM-row9.png,,
CRS-Street Rod Parts 13.05.2026.xlsx,CONTROL ARM & TRAIL ARM,10,,,CRS-Street_Rod_Parts_13.05.2026__CONTROL_ARM_TRAIL_ARM-row10.png,,
CRS-Street Rod Parts 13.05.2026.xlsx,CONTROL ARM & TRAIL ARM,11,,,CRS-Street_Rod_Parts_13.05.2026__CONTROL_ARM_TRAIL_ARM-row11.png,,
CRS-Street Rod Parts 13.05.2026.xlsx,CONTROL ARM & TRAIL ARM,13,,,CRS-Street_Rod_Parts_13.05.2026__CONTROL_ARM_TRAIL_ARM-row13.png,,
CRS-Street Rod Parts 13.05.2026.xlsx,CONTROL ARM & TRAIL ARM,14,,,CRS-Street_Rod_Parts_13.05.2026__CONTROL_ARM_TRAIL_ARM-row14.png,,
CRS-Street Rod Parts 13.05.2026.xlsx,CONTROL ARM & TRAIL ARM,15,,,CRS-Street_Rod_Parts_13.05.2026__CONTROL_ARM_TRAIL_ARM-row15.png,,
CRS-Street Rod Parts 13.05.2026.xlsx,CONTROL ARM & TRAIL ARM,16,,,CRS-Street_Rod_Parts_13.05.2026__CONTROL_ARM_TRAIL_ARM-row16.png,,
CRS-Street Rod Parts 13.05.2026.xlsx,CONTROL ARM & TRAIL ARM,17,,,CRS-Street_Rod_Parts_13.05.2026__CONTROL_ARM_TRAIL_ARM-row17.png,,
CRS-Street Rod Parts 13.05.2026.xlsx,CONTROL ARM & TRAIL ARM,18,,,CRS-Street_Rod_Parts_13.05.2026__CONTROL_ARM_TRAIL_ARM-row18.png,,
CRS-Street Rod Parts 13.05.2026.xlsx,CONTROL ARM & TRAIL ARM,19,,,CRS-Street_Rod_Parts_13.05.2026__CONTROL_ARM_TRAIL_ARM-row19.png,,
CRS-Street Rod Parts 13.05.2026.xlsx,CONTROL ARM & TRAIL ARM,20,,,CRS-Street_Rod_Parts_13.05.2026__CONTROL_ARM_TRAIL_ARM-row20.png,,
CRS-Street Rod Parts 13.05.2026.xlsx,CONTROL ARM & TRAIL ARM,21,,,CRS-Street_Rod_Parts_13.05.2026__CONTROL_ARM_TRAIL_ARM-row21.png,,
CRS-Street Rod Parts 13.05.2026.xlsx,CONTROL ARM & TRAIL ARM,22,,,CRS-Street_Rod_Parts_13.05.2026__CONTROL_ARM_TRAIL_ARM-row22.png,,
CRS-Street Rod Parts 13.05.2026.xlsx,CONTROL ARM & TRAIL ARM,23,,,CRS-Street_Rod_Parts_13.05.2026__CONTROL_ARM_TRAIL_ARM-row23.png,,
CRS-Street Rod Parts 13.05.2026.xlsx,CONTROL ARM & TRAIL ARM,24,,,CRS-Street_Rod_Parts_13.05.2026__CONTROL_ARM_TRAIL_ARM-row24.png,,
CRS-Street Rod Parts 13.05.2026.xlsx,CONTROL ARM & TRAIL ARM,25,,,CRS-Street_Rod_Parts_13.05.2026__CONTROL_ARM_TRAIL_ARM-row25.png,,
CRS-Street Rod Parts 13.05.2026.xlsx,CONTROL ARM & TRAIL ARM,26,,,CRS-Street_Rod_Parts_13.05.2026__CONTROL_ARM_TRAIL_ARM-row26.png,,
CRS-Street Rod Parts 13.05.2026.xlsx,CONTROL ARM & TRAIL ARM,27,,,CRS-Street_Rod_Parts_13.05.2026__CONTROL_ARM_TRAIL_ARM-row27.png,,
CRS-Street Rod Parts 13.05.2026.xlsx,CONTROL ARM & TRAIL ARM,28,,,CRS-Street_Rod_Parts_13.05.2026__CONTROL_ARM_TRAIL_ARM-row28.png,,
CRS-Street Rod Parts 13.05.2026.xlsx,CONTROL ARM & TRAIL ARM,29,,,CRS-Street_Rod_Parts_13.05.2026__CONTROL_ARM_TRAIL_ARM-row29.png,,
CRS-Street Rod Parts 13.05.2026.xlsx,CONTROL ARM & TRAIL ARM,30,,,CRS-Street_Rod_Parts_13.05.2026__CONTROL_ARM_TRAIL_ARM-row30.png,,
CRS-Street Rod Parts 13.05.2026.xlsx,CONTROL ARM & TRAIL ARM,31,,,CRS-Street_Rod_Parts_13.05.2026__CONTROL_ARM_TRAIL_ARM-row31.png,,
CRS-Street Rod Parts 13.05.2026.xlsx,CONTROL ARM & TRAIL ARM,32,,,CRS-Street_Rod_Parts_13.05.2026__CONTROL_ARM_TRAIL_ARM-row32.png,,
CRS-Street Rod Parts 13.05.2026.xlsx,CONTROL ARM & TRAIL ARM,34,,,CRS-Street_Rod_Parts_13.05.2026__CONTROL_ARM_TRAIL_ARM-row34.png,,
CRS-Street Rod Parts 13.05.2026.xlsx,CONTROL ARM & TRAIL ARM,35,,,CRS-Street_Rod_Parts_13.05.2026__CONTROL_ARM_TRAIL_ARM-row35.png,,
CRS-Street Rod Parts 13.05.2026.xlsx,CONTROL ARM & TRAIL ARM,36,,,CRS-Street_Rod_Parts_13.05.2026__CONTROL_ARM_TRAIL_ARM-row36.png,,
CRS-Street Rod Parts 13.05.2026.xlsx,CONTROL ARM & TRAIL ARM,37,,,CRS-Street_Rod_Parts_13.05.2026__CONTROL_ARM_TRAIL_ARM-row37.png,,
CRS-Street Rod Parts 13.05.2026.xlsx,CONTROL ARM & TRAIL ARM,38,,,CRS-Street_Rod_Parts_13.05.2026__CONTROL_ARM_TRAIL_ARM-row38.png,,
CRS-Street Rod Parts 13.05.2026.xlsx,CONTROL ARM & TRAIL ARM,39,,,CRS-Street_Rod_Parts_13.05.2026__CONTROL_ARM_TRAIL_ARM-row39.png,,
CRS-Street Rod Parts 13.05.2026.xlsx,CONTROL ARM & TRAIL ARM,40,,,CRS-Street_Rod_Parts_13.05.2026__CONTROL_ARM_TRAIL_ARM-row40.png,,
CRS-Street Rod Parts 13.05.2026.xlsx,CONTROL ARM & TRAIL ARM,41,,,CRS-Street_Rod_Parts_13.05.2026__CONTROL_ARM_TRAIL_ARM-row41.png,,
CRS-Street Rod Parts 13.05.2026.xlsx,CONTROL ARM & TRAIL ARM,42,,,CRS-Street_Rod_Parts_13.05.2026__CONTROL_ARM_TRAIL_ARM-row42.png,,
CRS-Street Rod Parts 13.05.2026.xlsx,CONTROL ARM & TRAIL ARM,44,,,CRS-Street_Rod_Parts_13.05.2026__CONTROL_ARM_TRAIL_ARM-row44.png,,
CRS-Street Rod Parts 13.05.2026.xlsx,CONTROL ARM & TRAIL ARM,45,,,CRS-Street_Rod_Parts_13.05.2026__CONTROL_ARM_TRAIL_ARM-row45.png,,
CRS-Street Rod Parts 13.05.2026.xlsx,CONTROL ARM & TRAIL ARM,46,,,CRS-Street_Rod_Parts_13.05.2026__CONTROL_ARM_TRAIL_ARM-row46.png,,
CRS-Street Rod Parts 13.05.2026.xlsx,CONTROL ARM & TRAIL ARM,47,,,CRS-Street_Rod_Parts_13.05.2026__CONTROL_ARM_TRAIL_ARM-row47.png,,
CRS-Street Rod Parts 13.05.2026.xlsx,CONTROL ARM & TRAIL ARM,48,,,CRS-Street_Rod_Parts_13.05.2026__CONTROL_ARM_TRAIL_ARM-row48.png,,
CRS-Street Rod Parts 13.05.2026.xlsx,WIRING HARNESS,2,WHK-0800,8 circuit wiring harness,CRS-Street_Rod_Parts_13.05.2026__WHK-0800.jpeg,,
CRS-Street Rod Parts 13.05.2026.xlsx,WIRING HARNESS,3,WHK-1000,10 Circuit Basic Wire Harness Rat Rod Street Rod,CRS-Street_Rod_Parts_13.05.2026__WHK-1000.jpeg,,
CRS-Street Rod Parts 13.05.2026.xlsx,WIRING HARNESS,4,WHK-1200,12 circuit wiring harness,CRS-Street_Rod_Parts_13.05.2026__WHK-1200.jpeg,,
CRS-Street Rod Parts 13.05.2026.xlsx,WIRING HARNESS,5,WHK-1200-1,12 circuit wiring harness,CRS-Street_Rod_Parts_13.05.2026__WHK-1200-1.jpeg,,
CRS-Street Rod Parts 13.05.2026.xlsx,WIRING HARNESS,6,WHK-1400,14 circuit wiring harness,CRS-Street_Rod_Parts_13.05.2026__WHK-1400.jpeg,,
CRS-Street Rod Parts 13.05.2026.xlsx,WIRING HARNESS,7,WHK-2000,20 circuit wiring harness,CRS-Street_Rod_Parts_13.05.2026__WHK-2000.jpeg,,
CRS-Street Rod Parts 13.05.2026.xlsx,WIRING HARNESS,8,WHK-2100,21 circuit wiring harness,CRS-Street_Rod_Parts_13.05.2026__WHK-2100.jpeg,WHK-2100,exact
CRS-Street Rod Parts 13.05.2026.xlsx,WIRING HARNESS,9,WHK-2200,22 circuit wiring harness,CRS-Street_Rod_Parts_13.05.2026__WHK-2200.jpeg,,
CRS-Street Rod Parts 13.05.2026.xlsx,WIRING HARNESS,10,WHK-1500,15 circuit wiring harness,CRS-Street_Rod_Parts_13.05.2026__WHK-1500.png,,
CRS-Street Rod Parts 13.05.2026.xlsx,WIRING HARNESS,11,WHK-3001,03-07 LS3 Vortec Standalone Wire Harness Drive By Wire W4L60E 4.8 5.3 6.0,CRS-Street_Rod_Parts_13.05.2026__WHK-3001.png,MMR-3001BL,numeric-core
CRS-Street Rod Parts 13.05.2026.xlsx,WIRING HARNESS,12,WHK-3002,For 2003-2004 Ford Super Duty F250 F350 F450 F550 6.0L 3C3Z12B637BA,CRS-Street_Rod_Parts_13.05.2026__WHK-3002.png,,
CRS-Street Rod Parts 13.05.2026.xlsx,WIRING HARNESS,13,WHK-3003,Engines Wiring Harness Replacement for Ford Excursion F250 F350 F450 F550 Super Duty 2004 9-23-03&After 6.0L V8 Replaces 4C3Z12B637AA,CRS-Street_Rod_Parts_13.05.2026__WHK-3003.png,,
CRS-Street Rod Parts 13.05.2026.xlsx,WIRING HARNESS,14,WHK-3004,2006-2015 LS3 LS2 stand alone harness,CRS-Street_Rod_Parts_13.05.2026__WHK-3004.png,,
CRS-Street Rod Parts 13.05.2026.xlsx,WIRING HARNESS,15,WHK-3005,For 03-07 LS Vortec Stand alone Wire Harness Drive,CRS-Street_Rod_Parts_13.05.2026__WHK-3005.png,,
CRS-Street Rod Parts 13.05.2026.xlsx,WIRING HARNESS,16,WHK-3006,97-04 LS1 Drive-By-Wire DBW,CRS-Street_Rod_Parts_13.05.2026__WHK-3006.png,,
CRS-Street Rod Parts 13.05.2026.xlsx,WIRING HARNESS,17,WHK-3007,LS1 4L80E DBC Wire Harness,CRS-Street_Rod_Parts_13.05.2026__WHK-3007.png,,
CRS-Street Rod Parts 13.05.2026.xlsx,WIRING HARNESS,18,WHK-3008,LS1 97-06 4L60E DBC Wire Harness,CRS-Street_Rod_Parts_13.05.2026__WHK-3008.png,,
CRS-Street Rod Parts 13.05.2026.xlsx,WIRING HARNESS,19,WHK-3009,LS1 97-06 T56 DBC Wire Harness,CRS-Street_Rod_Parts_13.05.2026__WHK-3009.png,,
CRS-Street Rod Parts 13.05.2026.xlsx,WATER PUMP,2,WP-SBC-LA,Alum Small Block Chevy Long Water Pump Satin,CRS-Street_Rod_Parts_13.05.2026__WP-SBC-LA.jpeg,,
CRS-Street Rod Parts 13.05.2026.xlsx,WATER PUMP,5,WP-SBC-SA,Alum SBC 1955-68 Short Water Pump  Satin,CRS-Street_Rod_Parts_13.05.2026__WP-SBC-SA.jpeg,,
CRS-Street Rod Parts 13.05.2026.xlsx,WATER PUMP,8,WP-BBC-SA,Alum Big Block Chevy Short Water Pump Satin,CRS-Street_Rod_Parts_13.05.2026__WP-BBC-SA.jpeg,,
CRS-Street Rod Parts 13.05.2026.xlsx,WATER PUMP,11,WP-BBC-LA,Alum Chevrolet Big Block Long Water Pump Satin,CRS-Street_Rod_Parts_13.05.2026__WP-BBC-LA.jpeg,,
CRS-Street Rod Parts 13.05.2026.xlsx,WATER PUMP,14,91015580,SBC SHORT ALUMINUM WATER PUMP,CRS-Street_Rod_Parts_13.05.2026__91015580.png,,
CRS-Street Rod Parts 13.05.2026.xlsx,WATER PUMP,15,91015582,ALUM CHEVY WATER PUMP ADJUSTABLE 3/4 SHAFT EDGE MILLED,CRS-Street_Rod_Parts_13.05.2026__91015582.png,,
CRS-Street Rod Parts 13.05.2026.xlsx,WATER PUMP,16,91015582-1,ALUM CHEVY WATER PUMP ADJTABLE 3/4 SHAFT EDGE NOT MILLED,CRS-Street_Rod_Parts_13.05.2026__91015582-1.png,,
CRS-Street Rod Parts 13.05.2026.xlsx,AIR CLEANER,2,AC-12FFP-BLK,"12"" Oval Full Finned Air Cleaner W/ Element                               polish",CRS-Street_Rod_Parts_13.05.2026__AC-12FFP-BLK.jpeg,,
CRS-Street Rod Parts 13.05.2026.xlsx,AIR CLEANER,3,AC-15FFP-BLK,"15"" Oval Full Finned Air Cleaner W/ Element polish",CRS-Street_Rod_Parts_13.05.2026__AC-15FFP-BLK.jpeg,,
CRS-Street Rod Parts 13.05.2026.xlsx,AIR CLEANER,4,AC-14HFRP-BLK,"14"" x 3"" Aluminum Half Finned Top Air Cleaner Set, w/ Flat Style Base polish/black",CRS-Street_Rod_Parts_13.05.2026__AC-14HFRP-BLK.jpeg,,
CRS-Street Rod Parts 13.05.2026.xlsx,VLAVE COVER,29,E41383-CLR,Pontiac Fabricated Alum Finned Vlave Cover w/ Hole,CRS-Street_Rod_Parts_13.05.2026__E41383-CLR.png,,
CRS-Street Rod Parts 13.05.2026.xlsx,VLAVE COVER,35,E41405-BLK,Jeep Fabricate Finned V8 304-401 Aluminum Valve Cover w/ Hole,CRS-Street_Rod_Parts_13.05.2026__E41405-BLK.jpeg,,
CRS-Street Rod Parts 13.05.2026.xlsx,VLAVE COVER,39,E41411-POL,Oldsmobile Fabricated Alum Valve Cover w/ Hole,CRS-Street_Rod_Parts_13.05.2026__E41411-POL.jpeg,,
CRS-Street Rod Parts 13.05.2026.xlsx,VLAVE COVER,41,E41520-CRM,"1952-62 Chevy 235 Straight 6 Cylinder Valve Cover w/ Side Plate, Chrome",CRS-Street_Rod_Parts_13.05.2026__E41520-CRM.jpeg,,
CRS-Street Rod Parts 13.05.2026.xlsx,VLAVE COVER,2,E41001-BLK,Tall Alum Finned Valve Cover 1958-86 SBC w/ Hole,CRS-Street_Rod_Parts_13.05.2026__E41001-BLK.png,,
CRS-Street Rod Parts 13.05.2026.xlsx,VLAVE COVER,4,E41002-BLK,Short Alum Finned Valve Cover 1958-86 SBC w/ Hole,CRS-Street_Rod_Parts_13.05.2026__E41002-BLK.png,,
CRS-Street Rod Parts 13.05.2026.xlsx,VLAVE COVER,5,E41018,Tall Alum Ribbed Valve Cover 1958-86 SBC 283-350,CRS-Street_Rod_Parts_13.05.2026__E41018.png,,
CRS-Street Rod Parts 13.05.2026.xlsx,VLAVE COVER,6,E41023-BLK,Tall Alum Finned Valve Cover 1987 up SBC 305-350 Center Bolt w/ Hole,CRS-Street_Rod_Parts_13.05.2026__E41023-BLK.png,,
CRS-Street Rod Parts 13.05.2026.xlsx,VLAVE COVER,8,E41022-BLK,Short Alum Finned Valve Cover 1987 up SBC 305-350 Center Bolt w/ Hole,CRS-Street_Rod_Parts_13.05.2026__E41022-BLK.png,,
CRS-Street Rod Parts 13.05.2026.xlsx,VLAVE COVER,9,E41027-POL,Tall Alum Ball Milled Valve Cover 1987-97 SBC 305-350 Center Bolt w/ Hole,CRS-Street_Rod_Parts_13.05.2026__E41027-POL.png,,
CRS-Street Rod Parts 13.05.2026.xlsx,VLAVE COVER,10,E41028-POL,Short Alum Ball Milled Valve Cover 1987-97 SBC 305-350 Center Bolt w/ Hole,CRS-Street_Rod_Parts_13.05.2026__E41028-POL.png,,
CRS-Street Rod Parts 13.05.2026.xlsx,VLAVE COVER,11,E41041-BLK,LS Cast Aluminum Tall Vintage Series Finned Valve Cover,CRS-Street_Rod_Parts_13.05.2026__E41041-BLK.png,,
CRS-Street Rod Parts 13.05.2026.xlsx,VLAVE COVER,12,E41113,Tall Alum Ribbed Valve Cover 1965-95 BBC 396-502,CRS-Street_Rod_Parts_13.05.2026__E41113.png,,
CRS-Street Rod Parts 13.05.2026.xlsx,VLAVE COVER,13,E41203-BLK,Short Nostalgic Alum Finned Valve Cover 1964-73 SBF 260-351W w/ Hole,CRS-Street_Rod_Parts_13.05.2026__E41203-BLK.png,,
CRS-Street Rod Parts 13.05.2026.xlsx,VLAVE COVER,15,E41211,"Tall Alum Ribbed Valve Cover 1971-1982 Ford 351C, 351/400M",CRS-Street_Rod_Parts_13.05.2026__E41211.png,,
CRS-Street Rod Parts 13.05.2026.xlsx,VLAVE COVER,16,E41231-POL,Cast Aluminum Big Block Ford 429-460 Smooth Valve Cover,CRS-Street_Rod_Parts_13.05.2026__E41231-POL.png,,
CRS-Street Rod Parts 13.05.2026.xlsx,VLAVE COVER,17,E41232-POL,Cast Aluminum Big Block Ford 429-460 Ball-Milled Valve Cover,CRS-Street_Rod_Parts_13.05.2026__E41232-POL.png,,
CRS-Street Rod Parts 13.05.2026.xlsx,VLAVE COVER,18,E41271-BLK,Tall Alum Finned Valve Covers for Pontiac w/ Hole ,CRS-Street_Rod_Parts_13.05.2026__E41271-BLK.png,,
CRS-Street Rod Parts 13.05.2026.xlsx,VLAVE COVER,20,E41311-BLK,87-Up SBC Fabricated Tall Alum Valve Cover Vaulted Center Bolts,CRS-Street_Rod_Parts_13.05.2026__E41311-BLK.png,,
CRS-Street Rod Parts 13.05.2026.xlsx,VLAVE COVER,22,E41341-BLK,SBF Fabricated Tall Alum Valve Cover Short Bolts w/ Holes,CRS-Street_Rod_Parts_13.05.2026__E41341-BLK.png,,
CRS-Street Rod Parts 13.05.2026.xlsx,VLAVE COVER,24,E41343-BLK,SBF Fabricated Tall Alum Valve Cover Long Bolts w/ Holes,CRS-Street_Rod_Parts_13.05.2026__E41343-BLK.png,,
CRS-Street Rod Parts 13.05.2026.xlsx,VLAVE COVER,26,E41345-BLK,SBF Fabricated Tall Alum Finned Valve Cover w/ Holes,CRS-Street_Rod_Parts_13.05.2026__E41345-BLK.png,,
CRS-Street Rod Parts 13.05.2026.xlsx,VLAVE COVER,31,E41401-BLK,Big Block Chrysler Fabricated Alum Valve Cover w/ Hole,CRS-Street_Rod_Parts_13.05.2026__E41401-BLK.png,,
CRS-Street Rod Parts 13.05.2026.xlsx,VLAVE COVER,34,E41403-POL,Big Block Chrysler Fabricated Alum  Finned Valve Cover w/ Hole,CRS-Street_Rod_Parts_13.05.2026__E41403-POL.png,,
CRS-Street Rod Parts 13.05.2026.xlsx,VLAVE COVER,40,E41433-POL,Ford FE 352-428 Fabricated Alum Valve Cover w/ Hole,CRS-Street_Rod_Parts_13.05.2026__E41433-POL.png,,
CRS-Street Rod Parts 13.05.2026.xlsx,VLAVE COVER,28,E005-POL,Ford 351C Fabricated Alum Vaulted Valve Cover Short Bolts w/ Hole,CRS-Street_Rod_Parts_13.05.2026__E005-POL.png,,
CRS-Street Rod Parts 13.05.2026.xlsx,VLAVE COVER,37,E41406-BLK,Jeep Fabricate Finned V8 304-401 Aluminum Valve Cover w/o Hole,CRS-Street_Rod_Parts_13.05.2026__E41406-BLK.jpeg,,
CRS-Street Rod Parts 13.05.2026.xlsx,VLAVE COVER,30,E41393-POL,Small Block Chrysler Fabricated Alum Finned Valve Cover w/ Hole,CRS-Street_Rod_Parts_13.05.2026__E41393-POL.png,,
CRS-Street Rod Parts 13.05.2026.xlsx,OIL PAN,2,OP5579FD-BK,Cast Aluminum Stock Finned Oil Pan 1955-1979 SBC Chevrolet 283-400 Dipstick on Driver Side,CRS-Street_Rod_Parts_13.05.2026__OP5579FD-BK.png,,
CRS-Street Rod Parts 13.05.2026.xlsx,OIL PAN,4,OP8085FP-BK,Cast Aluminum Finned Oil Pan 1980-1985 SBC 283-400 Dipstick on Passenger Side,CRS-Street_Rod_Parts_13.05.2026__OP8085FP-BK.png,,
CRS-Street Rod Parts 13.05.2026.xlsx,OIL PAN,6,OP86UPP-BK,Cast Aluminum Finned Oil Pan 86 up SBC Cherolet 283-400 Dipstick on Passenger Side,CRS-Street_Rod_Parts_13.05.2026__OP86UPP-BK.png,,
CRS-Street Rod Parts 13.05.2026.xlsx,OIL PAN,10,OP6476FP-BK,Cast Aluminum Stock Finned Oil Pan 1964-1976 SBF 260-302,CRS-Street_Rod_Parts_13.05.2026__OP6476FP-BK.png,,
CRS-Street Rod Parts 13.05.2026.xlsx,OIL PAN,15,OP6577FB-BK,Steel 1965-77 SBF Mustang 260-302w Fox Body Oil Pan,CRS-Street_Rod_Parts_13.05.2026__OP6577FB-BK.png,,
CRS-Street Rod Parts 13.05.2026.xlsx,OIL PAN,17,E44021-HWK,"SBC Oil Pan Harware Kits, Hex Head Bolts 1/4""-20 x 1/2"" (14 Pcs) & 5/16""-18 x 3/4"" (4 Pcs)",CRS-Street_Rod_Parts_13.05.2026__E44021-HWK.png,,
CRS-Street Rod Parts 13.05.2026.xlsx,OIL PAN,18,E44041-HWK,"BBC Oil Pan Harware Kits, Hex Head Bolts 5/16""-18 x 1/2"" (24 Pcs) & 1/4""-20 x 1/2"" (4 Pcs)",CRS-Street_Rod_Parts_13.05.2026__E44041-HWK.png,,
CRS-Street Rod Parts 13.05.2026.xlsx,OIL PAN,19,E44101-HWK,"SBF 302-351W Oill Pan Hardware Kits, Hex Head Bolts 1/4""-20 X 3/4"" (18 Pcs) & 5/16""-18 X 3/4"" (6 Pcs)",CRS-Street_Rod_Parts_13.05.2026__E44101-HWK.png,,
CRS-Street Rod Parts 13.05.2026.xlsx,OIL PAN,20,E44131-HWK,"  Ford 390 & Chrysler V8 Oill Pan Hardware Kits, Hex Head Bolts 5/16""-18 X 3/4"" (20 Pcs)",CRS-Street_Rod_Parts_13.05.2026__E44131-HWK.png,,
CRS-Street Rod Parts 13.05.2026.xlsx,OIL PAN,21,E44021-HWK-SS,"SBC Oil Pan Harware Kits, Socket Head Bolts 1/4""-20 x 1/2"" (14 Pcs) & 5/16""-18 x 3/4"" (4 Pcs)",CRS-Street_Rod_Parts_13.05.2026__E44021-HWK-SS.png,,
CRS-Street Rod Parts 13.05.2026.xlsx,OIL PAN,9,OP6590FPP,,CRS-Street_Rod_Parts_13.05.2026__OP6590FPP.png,,
CRS-Street Rod Parts 13.05.2026.xlsx,OIL PAN,13,OP86UPPC,Steel Stock Oil Pan 1986-Up SB Chevy 283-350 Oil Pan - Passenger Side Dipstick,CRS-Street_Rod_Parts_13.05.2026__OP86UPPC.jpeg,,
CRS-Street Rod Parts 13.05.2026.xlsx,OIL PAN,14,OP6587FSC,Steel Stock Oil Pan 1965-87 Ford 260-289-302 V8 Front Sump Oil Pan,CRS-Street_Rod_Parts_13.05.2026__OP6587FSC.png,,
CRS-Street Rod Parts 13.05.2026.xlsx,OIL PAN,8,OP6590FP-BK,Cast Aluminum Finned Oil Pan 1965-90 BBC 396-502,CRS-Street_Rod_Parts_13.05.2026__OP6590FP-BK.png,,
CRS-Street Rod Parts 13.05.2026.xlsx,OIL PAN,12,OP5579DC,Steel Stock Oil Pan 1955-79 SB Chevy 283-350 V8 Oil Pan - Driver Side Dipstick,CRS-Street_Rod_Parts_13.05.2026__OP5579DC.jpeg,,
CRS-Street Rod Parts 13.05.2026.xlsx,STEERING COLUMN,2,SC-7005C-1,"28"" Steering Column, Manual,No key Without Adapter Chrome",CRS-Street_Rod_Parts_13.05.2026__SC-7005C-1.jpeg,,
CRS-Street Rod Parts 13.05.2026.xlsx,STEERING COLUMN,3,SC-7006C-1,"30"" Tilt Steering Column,Manual,No key Without Adapter Chrome",CRS-Street_Rod_Parts_13.05.2026__SC-7006C-1.jpeg,,
CRS-Street Rod Parts 13.05.2026.xlsx,STEERING COLUMN,4,SC-7007C-1,"32"" Tilt Steering Column,Manual,No key Without Adapter Chrome",CRS-Street_Rod_Parts_13.05.2026__SC-7007C-1.jpeg,TSC-7007B-1,numeric-core
CRS-Street Rod Parts 13.05.2026.xlsx,STEERING COLUMN,6,SC-7003C-1,"32"" Tilt Steering Column,Automatic,No key Without Adapter Chrome",CRS-Street_Rod_Parts_13.05.2026__SC-7003C-1.jpeg,,
CRS-Street Rod Parts 13.05.2026.xlsx,STEERING COLUMN,5,SC-7002C-1,"30"" Steering Column, Automatic,No key Without Adapter Chrome",CRS-Street_Rod_Parts_13.05.2026__SC-7002C-1.jpeg,,
CRS-Street Rod Parts 13.05.2026.xlsx,Disc Brake Kit,2,DBK-A6472F-11D-GRY,"Front Disc Brake Standard Kit, 64-72 GM A-Body, Drilled Rotors, Caliper Finish Gray",CRS-Street_Rod_Parts_13.05.2026__DBK-A6472F-11D-GRY.png,,
CRS-Street Rod Parts 13.05.2026.xlsx,Disc Brake Kit,3,DBK-A6472F-11D-RED,"Front Disc Brake Standard Kit, 64-72 GM A-Body, with Red Caliper",CRS-Street_Rod_Parts_13.05.2026__DBK-A6472F-11D-RED.png,,
CRS-Street Rod Parts 13.05.2026.xlsx,Disc Brake Kit,4,DBK-A6472R-11D-GRY,"Rear Disc Brake Standard Kit, 64-72 GM A-Body, Drilled Rotors, Caliper Finish Gray",CRS-Street_Rod_Parts_13.05.2026__DBK-A6472R-11D-GRY.png,,
CRS-Street Rod Parts 13.05.2026.xlsx,Disc Brake Kit,5,DBK-A6472R-11D-RED,"Rear Disc Brake Standard Kit, 64-72 GM A-Body, Drilled Rotors, Caliper Finish RED",CRS-Street_Rod_Parts_13.05.2026__DBK-A6472R-11D-RED.png,,
CRS-Street Rod Parts 13.05.2026.xlsx,Disc Brake Kit,6,DBK-A6472R-11S,"Rear Disc Brake Standard Kit, 64-72 GM A-Body",CRS-Street_Rod_Parts_13.05.2026__DBK-A6472R-11S.png,,
CRS-Street Rod Parts 13.05.2026.xlsx,Disc Brake Kit,7,DBK-A6472R-11S-GRY,"Rear Disc Brake Standard Kit, 64-72 GM A-Body, Solid Rotors, Caliper Finish Gray (Caliper mounting bracket is in the opposite direction)",CRS-Street_Rod_Parts_13.05.2026__DBK-A6472R-11S-GRY.png,,
CRS-Street Rod Parts 13.05.2026.xlsx,Disc Brake Kit,8,DBK-A6474F-11D-BLK,"64-74 GM A/F/X Body 11 In Disc Brake Kit, Drill/Slot Rtr, Black Caliper",CRS-Street_Rod_Parts_13.05.2026__DBK-A6474F-11D-BLK.png,,
CRS-Street Rod Parts 13.05.2026.xlsx,Disc Brake Kit,10,DBK-A6474F-11D-RED,"64-74 GM A/F/X Body 11 In Disc Brake Kit, Drill/Slot Rtr, Red Caliper",CRS-Street_Rod_Parts_13.05.2026__DBK-A6474F-11D-RED.png,,
CRS-Street Rod Parts 13.05.2026.xlsx,Disc Brake Kit,11,DBK-A6474F-11S,1964-74 GM A/F/X-Body 11 In. Front Disc Brake Kit,CRS-Street_Rod_Parts_13.05.2026__DBK-A6474F-11S.png,,
CRS-Street Rod Parts 13.05.2026.xlsx,Disc Brake Kit,12,DBK-C1958R-11D,"1958 Full Size Chevy Car Deluxe Disc Brake Kit, Drilled Rotor",CRS-Street_Rod_Parts_13.05.2026__DBK-C1958R-11D.png,,
CRS-Street Rod Parts 13.05.2026.xlsx,Disc Brake Kit,13,DBK-C4759F-11D,"Deluxe Disc Brake Kit 47-59 Chevy Half-Ton Truck, Drilled/Slotted",CRS-Street_Rod_Parts_13.05.2026__DBK-C4759F-11D.png,,
CRS-Street Rod Parts 13.05.2026.xlsx,Disc Brake Kit,14,DBK-C4759F-11S,"Deluxe Disc Brake Kit 47-59 Chevy Half-Ton Truck, Solid Rotor",CRS-Street_Rod_Parts_13.05.2026__DBK-C4759F-11S.png,,
CRS-Street Rod Parts 13.05.2026.xlsx,Disc Brake Kit,15,DBK-C4954F-11D-475,"GM Mid-size to 1949-54 Chevy Spindle, Deluxe Kit Drilled/Slotted",CRS-Street_Rod_Parts_13.05.2026__DBK-C4954F-11D-475.png,,
CRS-Street Rod Parts 13.05.2026.xlsx,Disc Brake Kit,16,DBK-C4954F-11D-475-212,1949-54 Chevy Car/53-62 Corvette Front Disc Brake Conversion Kit,CRS-Street_Rod_Parts_13.05.2026__DBK-C4954F-11D-475-212.png,,
CRS-Street Rod Parts 13.05.2026.xlsx,Disc Brake Kit,17,DBK-C4954F-11D-475-21316,"Front Disc Brake Kit, GM Mid-size to 1949-54 Chevy Spindle, 5 on 4-3/4",CRS-Street_Rod_Parts_13.05.2026__DBK-C4954F-11D-475-21316.png,,
CRS-Street Rod Parts 13.05.2026.xlsx,Disc Brake Kit,19,DBK-C5557F-105D+Spindle,1955-57 Chevy Bel Air 2 Inch Dropped Spindle/Disc Brake Conversion Kit(No Master and Proportioning Valve),CRS-Street_Rod_Parts_13.05.2026__DBK-C5557F-105D+Spindle.png,,
CRS-Street Rod Parts 13.05.2026.xlsx,Disc Brake Kit,20,DBK-C5557F-105S,1955-57 Chevy Bel Air 2 Inch Dropped Spindle/Disc Brake Conversion Kit( No spindles and master cylinder),CRS-Street_Rod_Parts_13.05.2026__DBK-C5557F-105S.png,,
CRS-Street Rod Parts 13.05.2026.xlsx,Disc Brake Kit,21,DBK-C5557F-11D,"1955-57 Chevy Bel Air  Front Disc Brake Kit, Drilled/Slotted Rotor",CRS-Street_Rod_Parts_13.05.2026__DBK-C5557F-11D.png,,
CRS-Street Rod Parts 13.05.2026.xlsx,Disc Brake Kit,22,DBK-C5557F-11S,"1955-57 Chevy Bel Air Front Disc Brake Kit, Solid Rotor",CRS-Street_Rod_Parts_13.05.2026__DBK-C5557F-11S.png,,
CRS-Street Rod Parts 13.05.2026.xlsx,Disc Brake Kit,24,DBK-C5558F-11D-BLK,"11 in. Disc Brake Conv. Kit for Full-size Chevy Cars 1955-58,Black",CRS-Street_Rod_Parts_13.05.2026__DBK-C5558F-11D-BLK.png,,
CRS-Street Rod Parts 13.05.2026.xlsx,Disc Brake Kit,26,DBK-C5564F-11S,"Deluxe Disc Brake Kit, 1955-1964 Chevy Full-size Car, Stock Spindle, 11"" Solid Rotor",CRS-Street_Rod_Parts_13.05.2026__DBK-C5564F-11S.png,,
CRS-Street Rod Parts 13.05.2026.xlsx,Disc Brake Kit,28,DBK-C5564R-11S,1955-64 Full-Size Chevy Rear Disc Brake Conversion Kit,CRS-Street_Rod_Parts_13.05.2026__DBK-C5564R-11S.png,,
CRS-Street Rod Parts 13.05.2026.xlsx,Disc Brake Kit,29,DBK-C5568R-11D-BLK,"Rear Drill/Slotted Disc Brake Kit, 55-68 Impala, Black",CRS-Street_Rod_Parts_13.05.2026__DBK-C5568R-11D-BLK.png,,
CRS-Street Rod Parts 13.05.2026.xlsx,Disc Brake Kit,32,DBK-C5864F-11S,"Front 1958-64 Chevy Impala Disc Brake  Kit,11 inch Vented,Solid ",CRS-Street_Rod_Parts_13.05.2026__DBK-C5864F-11S.png,,
CRS-Street Rod Parts 13.05.2026.xlsx,Disc Brake Kit,33,DBK-C5964F-11D,11 in. Disc Brake Conv. Kit for Fullsize Chevy Cars 1959-64,CRS-Street_Rod_Parts_13.05.2026__DBK-C5964F-11D.png,,
CRS-Street Rod Parts 13.05.2026.xlsx,Disc Brake Kit,34,DBK-C5964F-11D-BLK,11 in. Disc Brake Conv. Kit for Fullsize Chevy Cars 1959-64，Black,CRS-Street_Rod_Parts_13.05.2026__DBK-C5964F-11D-BLK.png,,
CRS-Street Rod Parts 13.05.2026.xlsx,Disc Brake Kit,35,DBK-C6070F-12S,1960-70 Chevy C10 Front Truck Disc Brake Conversion Wheel Component Kit 5 Lug,CRS-Street_Rod_Parts_13.05.2026__DBK-C6070F-12S.png,,
CRS-Street Rod Parts 13.05.2026.xlsx,Disc Brake Kit,37,DBK-C6267F-11S,"1962-67 Chevy II/Nova X-Body Disc Brake Kit, 11"" Solid Rotor",CRS-Street_Rod_Parts_13.05.2026__DBK-C6267F-11S.png,,
CRS-Street Rod Parts 13.05.2026.xlsx,Disc Brake Kit,38,DBK-C6370F-1175D-5L,"1963-1970 Chevy 1/2 Ton Pickup Drop Spindle Disc Brake Kit, 11.75"" Drilled Rotor 5 on 5""",CRS-Street_Rod_Parts_13.05.2026__DBK-C6370F-1175D-5L.png,,
CRS-Street Rod Parts 13.05.2026.xlsx,Disc Brake Kit,39,DBK-C6370F-1175D-6L,"1963-1970 Chevy 1/2 Ton Pickup Drop Spindle Disc Brake Kit, 11.75"" Drilled Rotor 6 on  5.5""",CRS-Street_Rod_Parts_13.05.2026__DBK-C6370F-1175D-6L.png,,
CRS-Street Rod Parts 13.05.2026.xlsx,Disc Brake Kit,40,DBK-C6370F-1175D-6L-BLK,"1963-1970 Chevy 1/2 Ton Pickup Drop Spindle Disc Brake Kit with a kit in 6 stud, drilled slotted black calipers",CRS-Street_Rod_Parts_13.05.2026__DBK-C6370F-1175D-6L-BLK.png,,
CRS-Street Rod Parts 13.05.2026.xlsx,Disc Brake Kit,41,DBK-C6370F-1175S-5L,"1963-1970 Chevy 1/2 Ton Pickup Drop Spindle Disc Brake Kit, 11.75"" Solid Rotor 5 on 5""",CRS-Street_Rod_Parts_13.05.2026__DBK-C6370F-1175S-5L.png,,
CRS-Street Rod Parts 13.05.2026.xlsx,Disc Brake Kit,43,DBK-C6370R-12D,"1963-1970 Chevy C10 Truck Rear 6 Lug Disc Brake Kit, 12"" Drilled Rotor",CRS-Street_Rod_Parts_13.05.2026__DBK-C6370R-12D.png,,
CRS-Street Rod Parts 13.05.2026.xlsx,Disc Brake Kit,44,DBK-C6370R-12S,"1963-1970 Chevy C10 Truck Rear 6 Lug Disc Brake Kit, 12"" Solid Rotor",CRS-Street_Rod_Parts_13.05.2026__DBK-C6370R-12S.png,,
CRS-Street Rod Parts 13.05.2026.xlsx,Disc Brake Kit,45,DBK-C6387R-11S-5L,"1963-1987 Chevy C10 Rear Disc Brake Conversion with Standard 11"" solid rotor 5 Lug Bolt Pattern ",CRS-Street_Rod_Parts_13.05.2026__DBK-C6387R-11S-5L.png,,
CRS-Street Rod Parts 13.05.2026.xlsx,Disc Brake Kit,46,DBK-C6387R-11S-6L,"1963-1987 Chevy C10 Rear Disc Brake Conversion with Standard 11"" solid rotor 6 on 5.5"" Lug Bolt Pattern",CRS-Street_Rod_Parts_13.05.2026__DBK-C6387R-11S-6L.png,,
CRS-Street Rod Parts 13.05.2026.xlsx,Disc Brake Kit,48,DBK-C6568F-11D-475-S,"Deluxe Disc Brake Kit 1965-68 Chevy Full Size Car,Drilled/Slotted 11"" Rotor, with S.S. Brake Line",CRS-Street_Rod_Parts_13.05.2026__DBK-C6568F-11D-475-S.png,,
CRS-Street Rod Parts 13.05.2026.xlsx,Disc Brake Kit,49,DBK-C6568F-11D-475-S-BLK,11 in. Disc Brake Conv. Kit for Fullsize Chevy Cars 1965-68  with black calipers,CRS-Street_Rod_Parts_13.05.2026__DBK-C6568F-11D-475-S-BLK.png,,
CRS-Street Rod Parts 13.05.2026.xlsx,Disc Brake Kit,51,DBK-C6869R-11D-BLK,"Rear Drill/Slotted Disc Brake Kit, 1968-69 Camaro, Black Caliper",CRS-Street_Rod_Parts_13.05.2026__DBK-C6869R-11D-BLK.png,,
CRS-Street Rod Parts 13.05.2026.xlsx,Disc Brake Kit,50,DBK-C6568F-11S,"Deluxe Disc Brake Kit 1965-68 Chevy Full Size Car, 11"" Solid Rotor",CRS-Street_Rod_Parts_13.05.2026__DBK-C6568F-11S.png,,
CRS-Street Rod Parts 13.05.2026.xlsx,Disc Brake Kit,52,DBK-CA67R-11D-BLK,"Rear Drilled/Slotted Disc Brake Kit, 1967 Camaro, Black Caliper",CRS-Street_Rod_Parts_13.05.2026__DBK-CA67R-11D-BLK.png,,
CRS-Street Rod Parts 13.05.2026.xlsx,Disc Brake Kit,53,DBK-F3748F-1175D,"Complete Disc Brake Kit 1937-48 Ford, 5 on 5-1/2 BC",CRS-Street_Rod_Parts_13.05.2026__DBK-F3748F-1175D.png,,
CRS-Street Rod Parts 13.05.2026.xlsx,Disc Brake Kit,57,DBK-F3748F-11S-450,"1937-48 Ford Spindle Disc Brake Kit, 5 on 4-1/2, Metric Caliper",CRS-Street_Rod_Parts_13.05.2026__DBK-F3748F-11S-450.png,,
CRS-Street Rod Parts 13.05.2026.xlsx,Disc Brake Kit,62,DBK-F5764F-1175D,1957-1964 Ford Half Ton Front Disc Brake Kit,CRS-Street_Rod_Parts_13.05.2026__DBK-F5764F-1175D.png,,
CRS-Street Rod Parts 13.05.2026.xlsx,Disc Brake Kit,63,DBK-F5768F-11D,1957-1968 Full-Size Ford Front Disc Brake Kit,CRS-Street_Rod_Parts_13.05.2026__DBK-F5768F-11D.png,,
CRS-Street Rod Parts 13.05.2026.xlsx,Disc Brake Kit,64,DBK-F5768F-11D-RED,"1957-1968 Full-Size Ford Front Disc Brake Kit,Red",CRS-Street_Rod_Parts_13.05.2026__DBK-F5768F-11D-RED.png,,
CRS-Street Rod Parts 13.05.2026.xlsx,Disc Brake Kit,65,DBK-F6466F-105S,"1964-66 Mustang 6 cylinder front disc brake kit, 4 lug for 14"" wheels,Rotor drilled no direction white zinc",CRS-Street_Rod_Parts_13.05.2026__DBK-F6466F-105S.png,,
CRS-Street Rod Parts 13.05.2026.xlsx,Disc Brake Kit,66,DBK-F6469F-11D,1964.5-69 Ford Disc Brake Conversion Wheel Kit,CRS-Street_Rod_Parts_13.05.2026__DBK-F6469F-11D.png,,
CRS-Street Rod Parts 13.05.2026.xlsx,Disc Brake Kit,67,DBK-F6469F-BRK/BLT,Brackets and Bolts for DBK-F6469F,CRS-Street_Rod_Parts_13.05.2026__DBK-F6469F-BRK_BLT.png,,
CRS-Street Rod Parts 13.05.2026.xlsx,Disc Brake Kit,68,DBK-F6473F-11D,"1964-73 Ford Mustang Front  Disc Brake Conversion Kit, Drum to Disc 11""Drilled Rotors",CRS-Street_Rod_Parts_13.05.2026__DBK-F6473F-11D.png,,
CRS-Street Rod Parts 13.05.2026.xlsx,Disc Brake Kit,69,DBK-F6473F-11S,"1964-73 Ford Mustang Front Disc Brake Conversion Kit, Drum to Disc 11"" Solid Rotors",CRS-Street_Rod_Parts_13.05.2026__DBK-F6473F-11S.png,,
CRS-Street Rod Parts 13.05.2026.xlsx,Disc Brake Kit,71,DBK-F9R-1125D-BRK,Brakcet and Bolts  for DBK-F9R-1125D,CRS-Street_Rod_Parts_13.05.2026__DBK-F9R-1125D-BRK.png,,
CRS-Street Rod Parts 13.05.2026.xlsx,Disc Brake Kit,72,DBK-F9R-11D,9 Inch Ford Truck/Bronco Rear End Disc Brake Kit,CRS-Street_Rod_Parts_13.05.2026__DBK-F9R-11D.png,,
CRS-Street Rod Parts 13.05.2026.xlsx,Disc Brake Kit,74,DBK-F9R-11D-450-BLK,"9"" Ford Truck Rear End High Performance Disc Brake Kit,Black",CRS-Street_Rod_Parts_13.05.2026__DBK-F9R-11D-450-BLK.png,,
CRS-Street Rod Parts 13.05.2026.xlsx,Disc Brake Kit,75,DBK-F9R-11D-475,"8 & 9 Inch Ford Disc Brake Conversion Kit w/ E-Brake,RAW caliper",CRS-Street_Rod_Parts_13.05.2026__DBK-F9R-11D-475.png,,
CRS-Street Rod Parts 13.05.2026.xlsx,Disc Brake Kit,76,DBK-F9R-11D-475-BLK,"Universal Ford 9"" Rear-End Disc Brake Conversion Kit, Black",CRS-Street_Rod_Parts_13.05.2026__DBK-F9R-11D-475-BLK.png,,
CRS-Street Rod Parts 13.05.2026.xlsx,Disc Brake Kit,77,DBK-F9R-11D-475-RED,"Universal Ford 9"" Rear-End Disc Brake Conversion Kit, RED",CRS-Street_Rod_Parts_13.05.2026__DBK-F9R-11D-475-RED.png,,
CRS-Street Rod Parts 13.05.2026.xlsx,Disc Brake Kit,78,DBK-F9R-11D-475-Z,"8 & 9 Inch Ford Disc Brake Conversion Kit w/ E-Brake,Zinc Plated calipers",CRS-Street_Rod_Parts_13.05.2026__DBK-F9R-11D-475-Z.png,,
CRS-Street Rod Parts 13.05.2026.xlsx,Disc Brake Kit,79,DBK-F9R-NORT,"8 & 9 Inch Ford Disc Brake Conversion Kit w/ E-Brake, Without Rotors",CRS-Street_Rod_Parts_13.05.2026__DBK-F9R-NORT.png,,
CRS-Street Rod Parts 13.05.2026.xlsx,Disc Brake Kit,80,DBK-FF-11D,"Mustang II Complete 11 Inch Brake Kit, Ford 5 x 5 Bolt Pattern",CRS-Street_Rod_Parts_13.05.2026__DBK-FF-11D.png,,
CRS-Street Rod Parts 13.05.2026.xlsx,Disc Brake Kit,81,DBK-G7788R-11D-BLK,"Rear Drill/Slotted Disc Brake Kit, 77-88 GM G-Body, Blk",CRS-Street_Rod_Parts_13.05.2026__DBK-G7788R-11D-BLK.png,,
CRS-Street Rod Parts 13.05.2026.xlsx,Disc Brake Kit,82,DBK-GM1012R-1125D-ME,GM 10 & 12 Bolt Bolt-On Rear Disc Brake Kit w/ E-Brake,CRS-Street_Rod_Parts_13.05.2026__DBK-GM1012R-1125D-ME.png,,
CRS-Street Rod Parts 13.05.2026.xlsx,Disc Brake Kit,84,DBK-M6272F-11D-BLK,1962-1972 Mopar B&E Body High Performance Disc Brake Conversion Kit w/ Powder Coated Black Calipers,CRS-Street_Rod_Parts_13.05.2026__DBK-M6272F-11D-BLK.png,,
CRS-Street Rod Parts 13.05.2026.xlsx,Disc Brake Kit,85,DBK-M834-11D,"Mopar 8 3/4 in. Rear Disc Brake Kit for A, B, & E Body, 11"" Drilled Rotor",CRS-Street_Rod_Parts_13.05.2026__DBK-M834-11D.png,,
CRS-Street Rod Parts 13.05.2026.xlsx,SPINDLE,2,SP-2500-LT,"LEFT PINTO SPINDLE,MUSTANG II",CRS-Street_Rod_Parts_13.05.2026__SP-2500-LT.png,,
CRS-Street Rod Parts 13.05.2026.xlsx,SPINDLE,3,SP-2500-RT,"RIGHT PINTO SPINDLE, MUSTANG II",CRS-Street_Rod_Parts_13.05.2026__SP-2500-RT.png,,
CRS-Street Rod Parts 13.05.2026.xlsx,SPINDLE,4,SP-2520,"PINTO SPINDLE, 2"" DROP,LH&RH, MUSTANG II",CRS-Street_Rod_Parts_13.05.2026__SP-2520.png,,
CRS-Street Rod Parts 13.05.2026.xlsx,SPINDLE,5,SP-2520-LT,"LEFT PINTO SPINDLE，2"" DROP",CRS-Street_Rod_Parts_13.05.2026__SP-2520-LT.png,,
CRS-Street Rod Parts 13.05.2026.xlsx,SPINDLE,6,SP-2520-RT,"RIGHT PINTO SPINDLE, 2"" DROP",CRS-Street_Rod_Parts_13.05.2026__SP-2520-RT.png,,
CRS-Street Rod Parts 13.05.2026.xlsx,SPINDLE,7,SP-6370,"1963-70 Chevy, GMC C10 Truck2.5"" Drop Spindles,Raw",CRS-Street_Rod_Parts_13.05.2026__SP-6370.png,,
CRS-Street Rod Parts 13.05.2026.xlsx,SPINDLE,8,SP-7387,"1973-1987 GMC/CHEVY Truck Disc Brake Spindles 2.5"" Drop",CRS-Street_Rod_Parts_13.05.2026__SP-7387.png,,
CRS-Street Rod Parts 13.05.2026.xlsx,SPINDLE,9,SP-C5557-2D,"1955-57 Chevrolet Bel Air 2"" Drop Spindle",CRS-Street_Rod_Parts_13.05.2026__SP-C5557-2D.png,,
CRS-Street Rod Parts 13.05.2026.xlsx,SPINDLE,10,SP-C6267,1962-67 Chevy Nova Stock Height Disc Brake Spindles,CRS-Street_Rod_Parts_13.05.2026__SP-C6267.png,,
CRS-Street Rod Parts 13.05.2026.xlsx,SPINDLE,11,SP-C6472,1964-72 Chevy Pontiac GM A - F - X Body Disc Brake Stock Spindles,CRS-Street_Rod_Parts_13.05.2026__SP-C6472.png,,
CRS-Street Rod Parts 13.05.2026.xlsx,SPINDLE,12,SP-C6472-2D,"1964-72 Chevelle  GM A/F/X Body 2"" Drop Spindles",CRS-Street_Rod_Parts_13.05.2026__SP-C6472-2D.png,,
CRS-Street Rod Parts 13.05.2026.xlsx,SPINDLE,13,SP-CT6062-2.5D,"60-62 Chevy GMC TRUCK DISC BRAKE 2.5"" DROP SPINDLE, PAIR",CRS-Street_Rod_Parts_13.05.2026__SP-CT6062-2.5D.png,,
CRS-Street Rod Parts 13.05.2026.xlsx,SPINDLE,14,SP-F2848-1,"SP-2009-1  1928-1948 Ford Forged Spindles Plain,",CRS-Street_Rod_Parts_13.05.2026__SP-F2848-1.png,,
CRS-Street Rod Parts 13.05.2026.xlsx,SPINDLE,15,SP-F2848-CRM,1928-48 Ford Forged Spindles w/ King Pin Kit  Chrome,CRS-Street_Rod_Parts_13.05.2026__SP-F2848-CRM.png,,
CRS-Street Rod Parts 13.05.2026.xlsx,SPINDLE,16,SP-F2848-PLN,1928-48 Ford Forged Spindles w/ King Pin Kit  Plain,CRS-Street_Rod_Parts_13.05.2026__SP-F2848-PLN.png,,
CRS-Street Rod Parts 13.05.2026.xlsx,SPINDLE,17,SP-M7073,70-73 Mustang Spindle,CRS-Street_Rod_Parts_13.05.2026__SP-M7073.png,,
CRS-Street Rod Parts 13.05.2026.xlsx,SPINDLE,18,SP-MP6274,1962-74 Mopar B and E Body Spindle w/ Bracket,CRS-Street_Rod_Parts_13.05.2026__SP-MP6274.png,,
CRS-Street Rod Parts 13.05.2026.xlsx,SPINDLE,19,SP-MUST1,MUSTANG SPINDLE NUT KIT,CRS-Street_Rod_Parts_13.05.2026__SP-MUST1.png,,
CRS-Street Rod Parts 13.05.2026.xlsx,SPINDLE,20,"SP-S10-8204-2""",1982-04 Chevy S10 Pickup Truck 2 Inch Drop Spindles,CRS-Street_Rod_Parts_13.05.2026__SP-S10-8204-2.png,,
CRS-Street Rod Parts 13.05.2026.xlsx,INTAKE MANIFOLD,4,91611285,"1957-1995 Chevy SB, V8, Dual Plane,
Air Gap, Aluminum Intake Manifold
Black, Satin",CRS-Street_Rod_Parts_13.05.2026__91611285.jpeg,,
CRS-Street Rod Parts 13.05.2026.xlsx,INTAKE MANIFOLD,2,9109132,"1957-1995 Chevy SB, V8, Dual Plane,
Aluminum Intake Manifold
Black, Satin,Polished",CRS-Street_Rod_Parts_13.05.2026__9109132.jpeg,,
CRS-Street Rod Parts 13.05.2026.xlsx,INTAKE MANIFOLD,5,91611270-PLN,"Chevy BB, V8, Dual Plane, Oval Port,
Aluminum Intake Manifold
Black, Satin",CRS-Street_Rod_Parts_13.05.2026__91611270-PLN.jpeg,,
CRS-Street Rod Parts 13.05.2026.xlsx,INTAKE MANIFOLD,3,3252701,"Edelbrock2701  Performer EPS Intake Manifold for 1955-86 262-400 Small-Block Chevrolet V8, Accepts a 4150-Style Square-Bore Carburetor. Non-EGR.",CRS-Street_Rod_Parts_13.05.2026__3252701.jpeg,,
CRS-Street Rod Parts 13.05.2026.xlsx,STEERING GEAR BOX,5,,,CRS-Street_Rod_Parts_13.05.2026__STEERING_GEAR_BOX-row5.jpeg,,
CRS-Street Rod Parts 13.05.2026.xlsx,STEERING GEAR BOX,6,,,CRS-Street_Rod_Parts_13.05.2026__STEERING_GEAR_BOX-row6.jpeg,,
CRS-Street Rod Parts 13.05.2026.xlsx,STEERING GEAR BOX,7,,,CRS-Street_Rod_Parts_13.05.2026__STEERING_GEAR_BOX-row7.jpeg,,
CRS-Street Rod Parts 13.05.2026.xlsx,STEERING GEAR BOX,8,,,CRS-Street_Rod_Parts_13.05.2026__STEERING_GEAR_BOX-row8.png,,
CRS-Street Rod Parts 13.05.2026.xlsx,STEERING GEAR BOX,9,,,CRS-Street_Rod_Parts_13.05.2026__STEERING_GEAR_BOX-row9.jpeg,,
CRS-Street Rod Parts 13.05.2026.xlsx,STEERING GEAR BOX,11,,,CRS-Street_Rod_Parts_13.05.2026__STEERING_GEAR_BOX-row11.png,,
CRS-Street Rod Parts 13.05.2026.xlsx,STEERING GEAR BOX,10,,,CRS-Street_Rod_Parts_13.05.2026__STEERING_GEAR_BOX-row10.png,,
CRS-Street Rod Parts 13.05.2026.xlsx,STEERING GEAR BOX,12,,,CRS-Street_Rod_Parts_13.05.2026__STEERING_GEAR_BOX-row12.png,,
CRS-Street Rod Parts 13.05.2026.xlsx,STEERING GEAR BOX,13,,,CRS-Street_Rod_Parts_13.05.2026__STEERING_GEAR_BOX-row13.jpeg,,
CRS-Street Rod Parts 13.05.2026.xlsx,STEERING GEAR BOX,14,,,CRS-Street_Rod_Parts_13.05.2026__STEERING_GEAR_BOX-row14.jpeg,,
CRS-Street Rod Parts 13.05.2026.xlsx,STEERING GEAR BOX,15,,,CRS-Street_Rod_Parts_13.05.2026__STEERING_GEAR_BOX-row15.jpeg,,
CRS-Street Rod Parts 13.05.2026.xlsx,STEERING GEAR BOX,16,,,CRS-Street_Rod_Parts_13.05.2026__STEERING_GEAR_BOX-row16.jpeg,,
CRS-Street Rod Parts 13.05.2026.xlsx,STEERING GEAR BOX,17,,,CRS-Street_Rod_Parts_13.05.2026__STEERING_GEAR_BOX-row17.png,,
CRS-Street Rod Parts 13.05.2026.xlsx,STEERING GEAR BOX,18,,,CRS-Street_Rod_Parts_13.05.2026__STEERING_GEAR_BOX-row18.jpeg,,
CRS-Street Rod Parts 13.05.2026.xlsx,STEERING GEAR BOX,19,,,CRS-Street_Rod_Parts_13.05.2026__STEERING_GEAR_BOX-row19.png,,
CRS-Street Rod Parts 13.05.2026.xlsx,STEERING GEAR BOX,20,,,CRS-Street_Rod_Parts_13.05.2026__STEERING_GEAR_BOX-row20.jpeg,,
CRS-Street Rod Parts 13.05.2026.xlsx,STEERING GEAR BOX,21,,,CRS-Street_Rod_Parts_13.05.2026__STEERING_GEAR_BOX-row21.jpeg,,
CRS-Street Rod Parts 13.05.2026.xlsx,STEERING GEAR BOX,22,,,CRS-Street_Rod_Parts_13.05.2026__STEERING_GEAR_BOX-row22.jpeg,,
CRS-Street Rod Parts 13.05.2026.xlsx,STEERING GEAR BOX,23,,,CRS-Street_Rod_Parts_13.05.2026__STEERING_GEAR_BOX-row23.jpeg,,
CRS-Street Rod Parts 13.05.2026.xlsx,STEERING GEAR BOX,24,,,CRS-Street_Rod_Parts_13.05.2026__STEERING_GEAR_BOX-row24.png,,
CRS-Street Rod Parts 13.05.2026.xlsx,STEERING GEAR BOX,25,,,CRS-Street_Rod_Parts_13.05.2026__STEERING_GEAR_BOX-row25.png,,
CRS-Street Rod Parts 13.05.2026.xlsx,STEERING GEAR BOX,26,,,CRS-Street_Rod_Parts_13.05.2026__STEERING_GEAR_BOX-row26.jpeg,,
CRS-Street Rod Parts 13.05.2026.xlsx,STEERING GEAR BOX,27,,,CRS-Street_Rod_Parts_13.05.2026__STEERING_GEAR_BOX-row27.jpeg,,
CRS-Street Rod Parts 13.05.2026.xlsx,STEERING GEAR BOX,28,,,CRS-Street_Rod_Parts_13.05.2026__STEERING_GEAR_BOX-row28.jpeg,,
CRS-Street Rod Parts 13.05.2026.xlsx,STEERING GEAR BOX,29,,,CRS-Street_Rod_Parts_13.05.2026__STEERING_GEAR_BOX-row29.jpeg,,
CRS-Street Rod Parts 13.05.2026.xlsx,STEERING GEAR BOX,30,,,CRS-Street_Rod_Parts_13.05.2026__STEERING_GEAR_BOX-row30.jpeg,,
CRS-Street Rod Parts 13.05.2026.xlsx,STEERING GEAR BOX,31,,,CRS-Street_Rod_Parts_13.05.2026__STEERING_GEAR_BOX-row31.jpeg,,
CRS-Street Rod Parts 13.05.2026.xlsx,STEERING GEAR BOX,32,,,CRS-Street_Rod_Parts_13.05.2026__STEERING_GEAR_BOX-row32.jpeg,,
CRS-Street Rod Parts 13.05.2026.xlsx,STEERING GEAR BOX,33,,,CRS-Street_Rod_Parts_13.05.2026__STEERING_GEAR_BOX-row33.jpeg,,
CRS-Street Rod Parts 13.05.2026.xlsx,STEERING GEAR BOX,34,,,CRS-Street_Rod_Parts_13.05.2026__STEERING_GEAR_BOX-row34.jpeg,,
CRS-Street Rod Parts 13.05.2026.xlsx,STEERING GEAR BOX,35,,,CRS-Street_Rod_Parts_13.05.2026__STEERING_GEAR_BOX-row35.jpeg,,
CRS-Street Rod Parts 13.05.2026.xlsx,STEERING GEAR BOX,36,,,CRS-Street_Rod_Parts_13.05.2026__STEERING_GEAR_BOX-row36.png,,
CRS-Street Rod Parts 13.05.2026.xlsx,STEERING GEAR BOX,37,,,CRS-Street_Rod_Parts_13.05.2026__STEERING_GEAR_BOX-row37.jpeg,,
CRS-Street Rod Parts 13.05.2026.xlsx,STEERING GEAR BOX,38,,,CRS-Street_Rod_Parts_13.05.2026__STEERING_GEAR_BOX-row38.jpeg,,
CRS-Street Rod Parts 13.05.2026.xlsx,STEERING GEAR BOX,39,,,CRS-Street_Rod_Parts_13.05.2026__STEERING_GEAR_BOX-row39.jpeg,,
CRS-Street Rod Parts 13.05.2026.xlsx,STEERING GEAR BOX,2,Part#,Description,CRS-Street_Rod_Parts_13.05.2026__Part-2.png,,
CRS-Street Rod Parts 13.05.2026.xlsx,STEERING GEAR BOX,3,,,CRS-Street_Rod_Parts_13.05.2026__STEERING_GEAR_BOX-row3.jpeg,,
CRS-Street Rod Parts 13.05.2026.xlsx,STEERING GEAR BOX,40,,,CRS-Street_Rod_Parts_13.05.2026__STEERING_GEAR_BOX-row40.jpeg,,
CRS-Street Rod Parts 13.05.2026.xlsx,STEERING GEAR BOX,41,,,CRS-Street_Rod_Parts_13.05.2026__STEERING_GEAR_BOX-row41.jpeg,,
CRS-Street Rod Parts 13.05.2026.xlsx,STEERING GEAR BOX,42,,,CRS-Street_Rod_Parts_13.05.2026__STEERING_GEAR_BOX-row42.jpeg,,
CRS-Street Rod Parts 13.05.2026.xlsx,STEERING GEAR BOX,43,,,CRS-Street_Rod_Parts_13.05.2026__STEERING_GEAR_BOX-row43.jpeg,,
CRS-Street Rod Parts 13.05.2026.xlsx,STEERING GEAR BOX,44,,,CRS-Street_Rod_Parts_13.05.2026__STEERING_GEAR_BOX-row44.jpeg,,
CRS-Street Rod Parts 13.05.2026.xlsx,STEERING GEAR BOX,45,,,CRS-Street_Rod_Parts_13.05.2026__STEERING_GEAR_BOX-row45.jpeg,,
CRS-Street Rod Parts 13.05.2026.xlsx,STEERING GEAR BOX,46,,,CRS-Street_Rod_Parts_13.05.2026__STEERING_GEAR_BOX-row46.jpeg,,
CRS-Street Rod Parts 13.05.2026.xlsx,STEERING GEAR BOX,47,,,CRS-Street_Rod_Parts_13.05.2026__STEERING_GEAR_BOX-row47.jpeg,,
CRS-Street Rod Parts 13.05.2026.xlsx,STEERING GEAR BOX,48,,,CRS-Street_Rod_Parts_13.05.2026__STEERING_GEAR_BOX-row48.png,,
CRS-Street Rod Parts 13.05.2026.xlsx,STEERING GEAR BOX,49,,,CRS-Street_Rod_Parts_13.05.2026__STEERING_GEAR_BOX-row49.jpeg,,
CRS-Street Rod Parts 13.05.2026.xlsx,STEERING GEAR BOX,50,,,CRS-Street_Rod_Parts_13.05.2026__STEERING_GEAR_BOX-row50.png,,
CRS-Street Rod Parts 13.05.2026.xlsx,STEERING GEAR BOX,51,,,CRS-Street_Rod_Parts_13.05.2026__STEERING_GEAR_BOX-row51.jpeg,,
CRS-Street Rod Parts 13.05.2026.xlsx,STEERING GEAR BOX,4,,,CRS-Street_Rod_Parts_13.05.2026__STEERING_GEAR_BOX-row4.png,,
CRS-Street Rod Parts 13.05.2026.xlsx,Fuel Pump,2,FP-1003,"Chevy SB 262-400 Mechanical Fuel Pump,V8 Engine, 6 PSI 1/4” NPT Inlet/Outlet",CRS-Street_Rod_Parts_13.05.2026__FP-1003.png,,
CRS-Street Rod Parts 13.05.2026.xlsx,Fuel Pump,3,FP-1004,"Chevy BB 396-454 Mechanical Fuel Pump,V8 Engine, 6 PSI 1/4” NPT Inlet/Outlet",CRS-Street_Rod_Parts_13.05.2026__FP-1004.png,,
CRS-Street Rod Parts 13.05.2026.xlsx,Fuel Pump,4,FP-1007,"Ford SB 221-351 Windsor Mechanical Fuel Pump, V8 Engine, 6 PSI 1/4” NPT Inlet/Outlet",CRS-Street_Rod_Parts_13.05.2026__FP-1007.png,,
CRS-Street Rod Parts 13.05.2026.xlsx,Fuel Pump,5,FP-1008,"Ford FE 352-428 Mechanical Fuel Pump,V8 Engine, 6 PSI 1/4” NPT Inlet/Outlet",CRS-Street_Rod_Parts_13.05.2026__FP-1008.png,,
CRS-Street Rod Parts 13.05.2026.xlsx,Fuel Pump,7,FP-1010,"Ford BB 429/460 Mechanical Fuel Pump,V8 Engine, 6 PSI 1/4” NPT Inlet/Outlet",CRS-Street_Rod_Parts_13.05.2026__FP-1010.png,,
CRS-Street Rod Parts 13.05.2026.xlsx,Fuel Pump,9,FP-1012,"Pontiac 301-455 Mechanical Fuel Pump,V8 Engine, 6 PSI 1/4” NPT Inlet/Outlet",CRS-Street_Rod_Parts_13.05.2026__FP-1012.png,,
CRS-Street Rod Parts 13.05.2026.xlsx,Fuel Pump,6,FP-1009,"Ford 351 Cleveland Mechanical Fuel Pump,V8 Engine, 6 PSI 1/4” NPT Inlet/Outlet",CRS-Street_Rod_Parts_13.05.2026__FP-1009.png,,
CRS-Street Rod Parts 13.05.2026.xlsx,Fuel Pump,8,FP-1011,"Oldsmobile 215-455 Mechanical Fuel Pump, 
V8 Engine, 6 PSI 1/4” NPT Inlet/Outlet
Black, Chrome",CRS-Street_Rod_Parts_13.05.2026__FP-1011.png,,
CRS-Street Rod Parts 13.05.2026.xlsx,Power Steering Pump,2,PSP-01B,GM Saginaw Power Steering Pump with Reservoir Black,CRS-Street_Rod_Parts_13.05.2026__PSP-01B.jpeg,,
CRS-Street Rod Parts 13.05.2026.xlsx,Power Steering Pump,3,PSP-01C,GM Saginaw Power Steering Pump with Reservoir Chrome,CRS-Street_Rod_Parts_13.05.2026__PSP-01C.png,,
CRS-Street Rod Parts 13.05.2026.xlsx,Power Steering Pump,4,PSP-02B,GM Power Steering Pump w/ Reservoir Black,CRS-Street_Rod_Parts_13.05.2026__PSP-02B.jpeg,,
CRS-Street Rod Parts 13.05.2026.xlsx,Power Steering Pump,5,PSP-02C,GM Power Steering Pump w/ Reservoir Chrome,CRS-Street_Rod_Parts_13.05.2026__PSP-02C.jpeg,,
CRS-Street Rod Parts 13.05.2026.xlsx,Power Steering Pump,8,PSP-03C,GM Type II Power Steering Pump Chrome,CRS-Street_Rod_Parts_13.05.2026__PSP-03C.jpeg,,
CRS-Street Rod Parts 13.05.2026.xlsx,Power Steering Pump,7,PSP-03B,GM Type II Power Steering Pump Black,CRS-Street_Rod_Parts_13.05.2026__PSP-03B.jpeg,,
CRS-Street Rod Parts 13.05.2026.xlsx,Power Steering Pump,6,PSP-03R,GM Type II Power Steering Pump Raw,CRS-Street_Rod_Parts_13.05.2026__PSP-03R.jpeg,,
CRS-Street Rod Parts 13.05.2026.xlsx,Power Steering Pump,9,PSPK-101C,"Power Steering Pump Kit, Chrome, With Bracket and Single Groove Steel Pulley",CRS-Street_Rod_Parts_13.05.2026__PSPK-101C.png,,
CRS-Street Rod Parts 13.05.2026.xlsx,Power Steering Pump,10,PSPK-102C,"Power Steering Pump Kit, Chrome, With Bracket and Double Groove Steel Pulley",CRS-Street_Rod_Parts_13.05.2026__PSPK-102C.png,,
CRS-Street Rod Parts 13.05.2026.xlsx,Power Steering Pump,11,PSPK-201C,"Power Steering Pump Kit, Chrome, With Steel Bracket and Single Groove Aluminum Pulley",CRS-Street_Rod_Parts_13.05.2026__PSPK-201C.png,,
CRS-Street Rod Parts 13.05.2026.xlsx,Power Steering Pump,13,PSPK-301B,"Power Steering Pump Kit, Black, With Bracket and Single Groove Steel Pulley",CRS-Street_Rod_Parts_13.05.2026__PSPK-301B.png,,
CRS-Street Rod Parts 13.05.2026.xlsx,Power Steering Pump,14,PSPK-302B,"Power Steering Pump Kit, Black, With Bracket and Double Groove Steel Pulley",CRS-Street_Rod_Parts_13.05.2026__PSPK-302B.png,,
CRS-Street Rod Parts 13.05.2026.xlsx,Power Steering Pump,15,PSPK-401C,"Power Steering Pump Kit, Chrome, With Bracket",CRS-Street_Rod_Parts_13.05.2026__PSPK-401C.png,,
CRS-Street Rod Parts 13.05.2026.xlsx,Power Steering Pump,16,PSPK-A101C,"SBC Saginaw Power Steering Pump Kit,  Single Steel Pulley & Alum Braket",CRS-Street_Rod_Parts_13.05.2026__PSPK-A101C.png,,
CRS-Street Rod Parts 13.05.2026.xlsx,Rag Joints,14,RJ-101,,CRS-Street_Rod_Parts_13.05.2026__RJ-101.jpeg,,
CRS-Street Rod Parts 13.05.2026.xlsx,Rag Joints,2,RJ-201,,CRS-Street_Rod_Parts_13.05.2026__RJ-201.jpeg,,
CRS-Street Rod Parts 13.05.2026.xlsx,Rag Joints,8,RJ-207,,CRS-Street_Rod_Parts_13.05.2026__RJ-207.jpeg,,
CRS-Street Rod Parts 13.05.2026.xlsx,Hydro Booster,3,527412,,CRS-Street_Rod_Parts_13.05.2026__527412.png,,
CRS-Street Rod Parts 13.05.2026.xlsx,Hydro Booster,4,527421,,CRS-Street_Rod_Parts_13.05.2026__527421.png,,
CRS-Street Rod Parts 13.05.2026.xlsx,Hydro Booster,5,527416,,CRS-Street_Rod_Parts_13.05.2026__527416.png,,
CRS-Street Rod Parts 13.05.2026.xlsx,Hydro Booster,6,527336,,CRS-Street_Rod_Parts_13.05.2026__527336.png,,
CRS-Street Rod Parts 13.05.2026.xlsx,Hydro Booster,7,527343,,CRS-Street_Rod_Parts_13.05.2026__527343.png,,
CRS-Street Rod Parts 13.05.2026.xlsx,Hydro Booster,8,527354,,CRS-Street_Rod_Parts_13.05.2026__527354.png,,
CRS-Street Rod Parts 13.05.2026.xlsx,Hydro Booster,9,527374,,CRS-Street_Rod_Parts_13.05.2026__527374.png,,
CRS-Street Rod Parts 13.05.2026.xlsx,Hydro Booster,10,527358,,CRS-Street_Rod_Parts_13.05.2026__527358.png,,
CRS-Street Rod Parts 13.05.2026.xlsx,Hydro Booster,11,527361,,CRS-Street_Rod_Parts_13.05.2026__527361.png,,
CRS-Street Rod Parts 13.05.2026.xlsx,Hydro Booster,12,527362,,CRS-Street_Rod_Parts_13.05.2026__527362.png,,
CRS-Street Rod Parts 13.05.2026.xlsx,Hydro Booster,13,527370,,CRS-Street_Rod_Parts_13.05.2026__527370.png,,
CRS-Street Rod Parts 13.05.2026.xlsx,Hydro Booster,14,527371,,CRS-Street_Rod_Parts_13.05.2026__527371.png,,
CRS-Street Rod Parts 13.05.2026.xlsx,Hydro Booster,15,527372,,CRS-Street_Rod_Parts_13.05.2026__527372.png,,
CRS-Street Rod Parts 13.05.2026.xlsx,Hydro Booster,16,527373,,CRS-Street_Rod_Parts_13.05.2026__527373.png,,
CRS-Street Rod Parts 13.05.2026.xlsx,Hydro Booster,17,527393,,CRS-Street_Rod_Parts_13.05.2026__527393.png,,
CRS-Street Rod Parts 13.05.2026.xlsx,Hydro Booster,18,527405,,CRS-Street_Rod_Parts_13.05.2026__527405.png,,
CRS-Street Rod Parts 13.05.2026.xlsx,Hydro Booster,19,527409,,CRS-Street_Rod_Parts_13.05.2026__527409.png,,
CRS-Street Rod Parts 13.05.2026.xlsx,Hydro Booster,20,527410,,CRS-Street_Rod_Parts_13.05.2026__527410.png,,
CRS-Street Rod Parts 13.05.2026.xlsx,Hydro Booster,21,527414,,CRS-Street_Rod_Parts_13.05.2026__527414.png,,
CRS-Street Rod Parts 13.05.2026.xlsx,Hydro Booster,22,527338,,CRS-Street_Rod_Parts_13.05.2026__527338.png,,
CRS-Street Rod Parts 13.05.2026.xlsx,Hydro Booster,23,527369,,CRS-Street_Rod_Parts_13.05.2026__527369.png,,
CRS-Street Rod Parts 13.05.2026.xlsx,Hydro Booster,24,527359,,CRS-Street_Rod_Parts_13.05.2026__527359.png,,
CRS-Street Rod Parts 13.05.2026.xlsx,Hydro Booster,25,527352,,CRS-Street_Rod_Parts_13.05.2026__527352.png,,
CRS-Street Rod Parts 13.05.2026.xlsx,Hydro Booster,26,527357,,CRS-Street_Rod_Parts_13.05.2026__527357.png,,
CRS-Street Rod Parts 13.05.2026.xlsx,Hydro Booster,27,527345,,CRS-Street_Rod_Parts_13.05.2026__527345.png,,
CRS-Street Rod Parts 13.05.2026.xlsx,Hydro Booster,2,HYDRO-100,,CRS-Street_Rod_Parts_13.05.2026__HYDRO-100.jpeg,,
CRS-Street Rod Parts 13.05.2026.xlsx,Coil Over Kit,2,CO-8384GM-500BK,"1983-84 GM Late A/F/X/G Adjustable Front Coilover Kit, Black 500 lbs Spring",CRS-Street_Rod_Parts_13.05.2026__CO-8384GM-500BK.jpeg,,
CRS-Street Rod Parts 13.05.2026.xlsx,Coil Over Kit,3,CO-GB7888-F500B-R230B,1978-88 GM G-Body 500lb Front/ 230lb Rear Coilover Conversion Kit,CRS-Street_Rod_Parts_13.05.2026__CO-GB7888-F500B-R230B.png,,
CRS-Street Rod Parts 13.05.2026.xlsx,SGBK,2,SGBK-C5864,"1958-64 Chevy Car Power Steering Conversion Kit, 14:1 Ratio",CRS-Street_Rod_Parts_13.05.2026__SGBK-C5864.png,,
CRS-Street Rod Parts 13.05.2026.xlsx,SGBK,3,SGBK-Chevy500,1955-57 Chevy Bel Air 500 Series Power Steering Upgrade Kit,CRS-Street_Rod_Parts_13.05.2026__SGBK-Chevy500.png,,
CRS-Street Rod Parts 13.05.2026.xlsx,SGBK,4,SGBK-VEGA-BLK,"Manual Vega Steering Box ,36"" DD Steering Shaft Pitman Arm Black U Joints and Mounting Bracket",CRS-Street_Rod_Parts_13.05.2026__SGBK-VEGA-BLK.png,,
CRS-Street Rod Parts 13.05.2026.xlsx,SGBK,5,SGBK-VEGA-CRM,"Chrome Manual Vega Steering Box Kit ,36"" DD Steering Shaft Pitman Arm U Joints and Mounting Bracket, Chrome Kit",CRS-Street_Rod_Parts_13.05.2026__SGBK-VEGA-CRM.png,,
CRS-Street Rod Parts 13.05.2026.xlsx,SGBK,6,SRK-5862,1958-1962 Chevrolet Full Size Bel Air Impala Front Suspension Rebuild kit,CRS-Street_Rod_Parts_13.05.2026__SRK-5862.png,,
CRS-Street Rod Parts 13.05.2026.xlsx,SGBK,7,HDR-9300101S-POL,Polished Stainless Shorty Hugger Exhaust Header Small Block Chevy Street Rod SBC 350,CRS-Street_Rod_Parts_13.05.2026__HDR-9300101S-POL.png,,
CRS-Street Rod Parts 13.05.2026.xlsx,SGBK,8,HDR-F09003-BLK,Small Block Chevy 283 305 350 400 Ram Horn  Exhaust Header Manifolds  Black,CRS-Street_Rod_Parts_13.05.2026__HDR-F09003-BLK.png,,
CRS-Street Rod Parts 13.05.2026.xlsx,SGBK,9,HDR-PC5020-BLK,Super Short Small Block Chevy Black Exhaust Headers lmpala Nova Corvette Black,CRS-Street_Rod_Parts_13.05.2026__HDR-PC5020-BLK.png,,
CRS-Street Rod Parts 13.05.2026.xlsx,other parts,3,01-0101,"SBC BBC 305 350 454 Male Distributor Cap &
Rotor Replacement - Red",CRS-Street_Rod_Parts_13.05.2026__01-0101.jpeg,,
CRS-Street Rod Parts 13.05.2026.xlsx,other parts,4,01-0101-BK,"SBC BBC 305 350 454 Male Distributor Cap &
Rotor Replacement - Black",CRS-Street_Rod_Parts_13.05.2026__01-0101-BK.jpeg,,
CRS-Street Rod Parts 13.05.2026.xlsx,other parts,5,01-0406-R,"Universal Spiral Core 8.5mm 90° Boots V8 W/
Looms Spark Plug Wires Set - Red",CRS-Street_Rod_Parts_13.05.2026__01-0406-R.jpeg,,
CRS-Street Rod Parts 13.05.2026.xlsx,other parts,6,01-0406-BL,"Universal Spiral Core 8.5mm 90° Boots V8 W/
Looms Spark Plug Wires Set - Blue",CRS-Street_Rod_Parts_13.05.2026__01-0406-BL.jpeg,,
CRS-Street Rod Parts 13.05.2026.xlsx,other parts,7,01-0406-BK,"Universal Spiral Core 8.5mm 90° Boots V8 W/
Looms Spark Plug Wires Set - Black",CRS-Street_Rod_Parts_13.05.2026__01-0406-BK.jpeg,,
CRS-Street Rod Parts 13.05.2026.xlsx,other parts,8,01-0407-R,"Universal Spiral Core 8.5mm 180° Boots V8 W/
Looms Spark Plug Wires Set - Red",CRS-Street_Rod_Parts_13.05.2026__01-0407-R.jpeg,,
CRS-Street Rod Parts 13.05.2026.xlsx,other parts,9,01-0407-BL,"Universal Spiral Core 8.5mm 180° Boots V8 W/
Looms Spark Plug Wires Set - Blue",CRS-Street_Rod_Parts_13.05.2026__01-0407-BL.jpeg,,
CRS-Street Rod Parts 13.05.2026.xlsx,other parts,10,01-0407-BK,"Universal Spiral Core 8.5mm 180° Boots V8 W/
Looms Spark Plug Wires Set - Black",CRS-Street_Rod_Parts_13.05.2026__01-0407-BK.jpeg,,
CRS-Street Rod Parts 13.05.2026.xlsx,other parts,11,01-0408-R,Universal Spiral Core 8.5mm 135° Boots V8 W/ Looms Spark Plug Wires Set - Red,CRS-Street_Rod_Parts_13.05.2026__01-0408-R.jpeg,,
CRS-Street Rod Parts 13.05.2026.xlsx,other parts,12,01-0408-BL,"Universal Spiral Core 8.5mm 135° Boots V8 W/
Looms Spark Plug Wires Set - Blue",CRS-Street_Rod_Parts_13.05.2026__01-0408-BL.jpeg,,
CRS-Street Rod Parts 13.05.2026.xlsx,other parts,13,01-0408-BK,"Universal Spiral Core 8.5mm 135° Boots V8 W/
Looms Spark Plug Wires Set - Black",CRS-Street_Rod_Parts_13.05.2026__01-0408-BK.jpeg,,
CRS-Street Rod Parts 13.05.2026.xlsx,other parts,14,01-0413,"LS Terminals 135° Ceramic Boot Spark Plug
Wires Set 10inch length",CRS-Street_Rod_Parts_13.05.2026__01-0413.jpeg,,
CRS-Street Rod Parts 13.05.2026.xlsx,other parts,15,01-0413-BK,"LS Terminals 135° Ceramic Boot Spark Plug
Wires Set - Black 10inch length",CRS-Street_Rod_Parts_13.05.2026__01-0413-BK.jpeg,,
CRS-Street Rod Parts 13.05.2026.xlsx,other parts,16,01-0414,"Universal 8mm 90 ° Ceramic Boot Spark Plug
Wires Set",CRS-Street_Rod_Parts_13.05.2026__01-0414.jpeg,,
CRS-Street Rod Parts 13.05.2026.xlsx,other parts,17,01-0415,"Universal 8mm 180 ° Ceramic Boot Spark Plug
Wires Set",CRS-Street_Rod_Parts_13.05.2026__01-0415.jpeg,,
CRS-Street Rod Parts 13.05.2026.xlsx,other parts,18,01-0416,"Universal 8mm 135 ° Ceramic Boot Spark Plug
Wires Set",CRS-Street_Rod_Parts_13.05.2026__01-0416.jpeg,,
CRS-Street Rod Parts 13.05.2026.xlsx,other parts,19,01-0417,"Chevy LS1 LS2 LS3 LT 4.8 5.3 6.2L Ceramic
8mm Spark Plug Wires Set",CRS-Street_Rod_Parts_13.05.2026__01-0417.jpeg,,
CRS-Street Rod Parts 13.05.2026.xlsx,other parts,22,02-0204-PO,"SBC BBC 327 350 454 396 90° Swivel
Aluminium Water Neck - Polished",CRS-Street_Rod_Parts_13.05.2026__02-0204-PO.jpeg,,
CRS-Street Rod Parts 13.05.2026.xlsx,other parts,23,02-0209,"SBF 221 289 302 351W Thermostat Housing
Water Neck",CRS-Street_Rod_Parts_13.05.2026__02-0209.jpeg,,
CRS-Street Rod Parts 13.05.2026.xlsx,other parts,24,02-0301,"SBC BBC 160 Degree Thermostat Motorad
w/Gasket",CRS-Street_Rod_Parts_13.05.2026__02-0301.jpeg,,
CRS-Street Rod Parts 13.05.2026.xlsx,other parts,25,02-0302,"Thermostat - 160 Degree For 2005-08 GM
LS2/LS3/LS6/LS7",CRS-Street_Rod_Parts_13.05.2026__02-0302.jpeg,,
CRS-Street Rod Parts 13.05.2026.xlsx,other parts,26,02-0303,"Thermostat - 180 Degree For 2004-08 GM
LS2/LS3/LS6/LS7",CRS-Street_Rod_Parts_13.05.2026__02-0303.jpeg,,
CRS-Street Rod Parts 13.05.2026.xlsx,other parts,27,02-0403,"3"" X 10"" 32 Oz Stainless Steel Radiator
Overflow Tank Bottle Catch Can - Polished",CRS-Street_Rod_Parts_13.05.2026__02-0403.jpeg,,
CRS-Street Rod Parts 13.05.2026.xlsx,other parts,28,02-0801,"1"" Aluminium Mechanical Fan Spacer Kit",CRS-Street_Rod_Parts_13.05.2026__02-0801.jpeg,,
CRS-Street Rod Parts 13.05.2026.xlsx,other parts,29,04-0605,"SBC 350 Aluminium LWP 2 Groove
Crankshaft Pulley",CRS-Street_Rod_Parts_13.05.2026__04-0605.jpeg,,
CRS-Street Rod Parts 13.05.2026.xlsx,other parts,30,05-0111,"64-77 GM 10 12 Bolt Rear Axle End Disc Brake
Conversion Kit, Solid rotor",CRS-Street_Rod_Parts_13.05.2026__05-0111.jpeg,,
CRS-Street Rod Parts 13.05.2026.xlsx,other parts,31,05-0113,"Ford 9 Inch Bolt-On Rear Disc Brake Kit w/ E-
Brake Caliper",CRS-Street_Rod_Parts_13.05.2026__05-0113.jpeg,,
CRS-Street Rod Parts 13.05.2026.xlsx,other parts,32,05-0113,"Ford 9 Inch Bolt-On Rear Disc Brake Kit w/ E-
Brake Caliper",CRS-Street_Rod_Parts_13.05.2026__05-0113-2.jpeg,,
CRS-Street Rod Parts 13.05.2026.xlsx,other parts,33,05-0301,"1"" Bore Finned Master Cylinder 9/16"" & 1/2""
Ports on Both Sides GM Chrome",CRS-Street_Rod_Parts_13.05.2026__05-0301.jpeg,,
CRS-Street Rod Parts 13.05.2026.xlsx,other parts,34,06-0106,"1956-1986 SBC 350 400 Dual Plane Intake
Manifold",CRS-Street_Rod_Parts_13.05.2026__06-0106.jpeg,,
CRS-Street Rod Parts 13.05.2026.xlsx,other parts,35,06-0401,SB Chevy 350 Intake Manifold Gasket Set,CRS-Street_Rod_Parts_13.05.2026__06-0401.jpeg,,
CRS-Street Rod Parts 13.05.2026.xlsx,other parts,36,07-0201-BK,"SBC 283 305 327 350 Valve Cover Rubber
Steel Core Gaskets - Black",CRS-Street_Rod_Parts_13.05.2026__07-0201-BK.jpeg,,
CRS-Street Rod Parts 13.05.2026.xlsx,other parts,38,07-0204,"BBC 396 427 454 502 Steel Core Rubber Valve
Cover Gaskets",CRS-Street_Rod_Parts_13.05.2026__07-0204.jpeg,,
CRS-Street Rod Parts 13.05.2026.xlsx,other parts,39,07-0205,"SB Ford 260 289 302 347 351W Steel Core
Rubber Valve Cover Gaskets",CRS-Street_Rod_Parts_13.05.2026__07-0205.jpeg,,
CRS-Street Rod Parts 13.05.2026.xlsx,other parts,40,07-0205-CK,"SB Ford 330 260 289 302 347 351W Steel Core
Valve Cover Gaskets - Cork",CRS-Street_Rod_Parts_13.05.2026__07-0205-CK.jpeg,,
CRS-Street Rod Parts 13.05.2026.xlsx,other parts,42,07-0307-BK,"Billet Aluminum PCV 3/4"" Valve And Grommet
Fits 1.25"" ID Holes - Black",CRS-Street_Rod_Parts_13.05.2026__07-0307-BK.jpeg,,
CRS-Street Rod Parts 13.05.2026.xlsx,other parts,43,07-0316,"SB BB Mopar 318 340 360 361 383 440 Valve
Cover PCV Valve",CRS-Street_Rod_Parts_13.05.2026__07-0316.jpeg,,
CRS-Street Rod Parts 13.05.2026.xlsx,other parts,44,07-0502,"Rubber PCV / Breather Grommets for Steel
Valve Covers O.D. 1 1/4"" I.D. 3/4""",CRS-Street_Rod_Parts_13.05.2026__07-0502.jpeg,,
CRS-Street Rod Parts 13.05.2026.xlsx,other parts,45,07-0602-C,"12pcs SBF 289 302 351W Valve Cover Bolt Set
- Chrome",CRS-Street_Rod_Parts_13.05.2026__07-0602-C.jpeg,,
CRS-Street Rod Parts 13.05.2026.xlsx,other parts,46,07-0801,"SB BB Chevy Aluminum Valve Cover T-Bar
Wing Nut Bolts 1/4-20 Hold Down",CRS-Street_Rod_Parts_13.05.2026__07-0801.jpeg,,
CRS-Street Rod Parts 13.05.2026.xlsx,other parts,47,07-1002-R,"SB BB Chevy 14""x3"" Round Air Cleaner
Washable Filter Reusable Element - Red",CRS-Street_Rod_Parts_13.05.2026__07-1002-R.jpeg,,
CRS-Street Rod Parts 13.05.2026.xlsx,other parts,48,07-1002-BK,"SB BB Chevy 14""x3"" Round Air Cleaner
Washable Filter Reusable Element - Black",CRS-Street_Rod_Parts_13.05.2026__07-1002-BK.jpeg,,
CRS-Street Rod Parts 13.05.2026.xlsx,other parts,49,07-1005-BK,"SB BB Chevy Ford 350 454 12""x2"" Oval Washable Filter Air Cleaner Element -Black",CRS-Street_Rod_Parts_13.05.2026__07-1005-BK.jpeg,,
CRS-Street Rod Parts 13.05.2026.xlsx,other parts,41,07-0208,"Ford 351C 351M 400M Reusable Valve Cover
Gaskets Rubber w/ Steel Shim Core",CRS-Street_Rod_Parts_13.05.2026__07-0208.png,,
CRS-Street Rod Parts 13.05.2026.xlsx,other parts,50,07-1501-BK,"LS Swap Aluminum Rear Sump Retro Stain Oil
Pan - Black",CRS-Street_Rod_Parts_13.05.2026__07-1501-BK.jpeg,,
CRS-Street Rod Parts 13.05.2026.xlsx,other parts,53,07-1701,"Chevy LSX LS1 LS2 LS3 LS6 LM7 LQ4 LQ9
4.8L 5.3L6.0L 6.2L Oil Pan Gasket",CRS-Street_Rod_Parts_13.05.2026__07-1701.jpeg,,
CRS-Street Rod Parts 13.05.2026.xlsx,other parts,54,07-2206,"Chevy 24"" Steel Transmission Dipstick -
Chrome",CRS-Street_Rod_Parts_13.05.2026__07-2206.jpeg,,
CRS-Street Rod Parts 13.05.2026.xlsx,other parts,57,08-0712-BK,"82-95 700R4 & 4L60E Filler Tube w/ Lockdown
Dipstick",CRS-Street_Rod_Parts_13.05.2026__08-0712-BK.jpeg,,
CRS-Street Rod Parts 13.05.2026.xlsx,other parts,59,09-0101-C,GM SB Chevy Saginaw Power Steering Pump Key Way A-Can Style - Chrome,CRS-Street_Rod_Parts_13.05.2026__09-0101-C.jpeg,,
CRS-Street Rod Parts 13.05.2026.xlsx,other parts,59,09-0101-C,GM SB Chevy Saginaw Power Steering Pump Key Way A-Can Style - Chrome,CRS-Street_Rod_Parts_13.05.2026__09-0101-C-2.jpeg,,
CRS-Street Rod Parts 13.05.2026.xlsx,other parts,61,09-0106-C,"Power Steering Pump Remote Reservoir GM
Type 2 Style - Chrome",CRS-Street_Rod_Parts_13.05.2026__09-0106-C.jpeg,,
CRS-Street Rod Parts 13.05.2026.xlsx,other parts,63,09-0703-C,"3/4"" DD X 3/4"" DD Steel Steering Shaft U Joint -
Stainless",CRS-Street_Rod_Parts_13.05.2026__09-0703-C.jpeg,,
CRS-Street Rod Parts 13.05.2026.xlsx,other parts,64,09-0705-S,"1"" DD X 3/4"" DD Steel Universal Steering U
Joint - Stainless",CRS-Street_Rod_Parts_13.05.2026__09-0705-S.jpeg,,
CRS-Street Rod Parts 13.05.2026.xlsx,other parts,65,11-0108,"1997-2006 DBC LS1 Standalone W/ 4L60E 4.8
5.3 6.0 Vortec Evi Plug Wiring Harness",CRS-Street_Rod_Parts_13.05.2026__11-0108.jpeg,,
CRS-Street Rod Parts 13.05.2026.xlsx,other parts,68,10-0401,"59-79 SB Chevy 327 350 Overhaul Gasket Full
Set",CRS-Street_Rod_Parts_13.05.2026__10-0401.jpeg,,
CRS-Street Rod Parts 13.05.2026.xlsx,other parts,70,14-0101,"SB Chevy 265 283 305 327 350 400 Stainless
Engine Bolts Kit",CRS-Street_Rod_Parts_13.05.2026__14-0101.jpeg,,
CRS-Street Rod Parts 13.05.2026.xlsx,other parts,71,15-0125,SB Chevy16 pcs Viton Valve Stem Seal,CRS-Street_Rod_Parts_13.05.2026__15-0125.jpeg,,
Rodco 09.07.2026.xlsx,IGNITION,23,SI-AT38005,,Rodco_09.07.2026__SI-AT38005.jpg,,
Rodco 09.07.2026.xlsx,IGNITION,24,SI-AT38006,,Rodco_09.07.2026__SI-AT38006.jpg,,
Rodco 09.07.2026.xlsx,IGNITION,30,SI-AT38020-BK,,Rodco_09.07.2026__SI-AT38020-BK.jpg,,
Rodco 09.07.2026.xlsx,IGNITION,63,SI-AT24003,,Rodco_09.07.2026__SI-AT24003.jpg,,
Rodco 09.07.2026.xlsx,IGNITION,65,SI-AT24003-R,,Rodco_09.07.2026__SI-AT24003-R.jpg,,
Rodco 09.07.2026.xlsx,IGNITION,66,SI-AT24003-TT,,Rodco_09.07.2026__SI-AT24003-TT.jpg,,
Rodco 09.07.2026.xlsx,IGNITION,64,SI-AT24003-BL,,Rodco_09.07.2026__SI-AT24003-BL.jpg,,
Rodco 09.07.2026.xlsx,IGNITION,25,SI-AT38017,,Rodco_09.07.2026__SI-AT38017.jpg,,
Rodco 09.07.2026.xlsx,IGNITION,27,SI-AT38019,,Rodco_09.07.2026__SI-AT38019.jpg,,
Rodco 09.07.2026.xlsx,IGNITION,28,SI-AT38020-R,,Rodco_09.07.2026__SI-AT38020-R.jpg,,
Rodco 09.07.2026.xlsx,IGNITION,31,SI-AT38021-R,,Rodco_09.07.2026__SI-AT38021-R.jpg,MMR-38021-BK,numeric-core
Rodco 09.07.2026.xlsx,IGNITION,51,SI-AT38022,,Rodco_09.07.2026__SI-AT38022.jpg,,
Rodco 09.07.2026.xlsx,IGNITION,52,SI-AT38023,,Rodco_09.07.2026__SI-AT38023.jpg,,
Rodco 09.07.2026.xlsx,IGNITION,53,SI-AT38024,,Rodco_09.07.2026__SI-AT38024.jpg,,
Rodco 09.07.2026.xlsx,IGNITION,71,SI-AT02064,,Rodco_09.07.2026__SI-AT02064.jpg,,
Rodco 09.07.2026.xlsx,IGNITION,72,SI-AT02065,,Rodco_09.07.2026__SI-AT02065.jpg,,
Rodco 09.07.2026.xlsx,IGNITION,93,SI-AT11123,,Rodco_09.07.2026__SI-AT11123.jpg,,
Rodco 09.07.2026.xlsx,IGNITION,86,SI-AT50007,,Rodco_09.07.2026__SI-AT50007.jpg,,
Rodco 09.07.2026.xlsx,IGNITION,87,SI-AT50008,,Rodco_09.07.2026__SI-AT50008.jpg,,
Rodco 09.07.2026.xlsx,IGNITION,29,SI-AT38020-BL,,Rodco_09.07.2026__SI-AT38020-BL.jpg,,
Rodco 09.07.2026.xlsx,IGNITION,32,SI-AT38021-BL,,Rodco_09.07.2026__SI-AT38021-BL.jpg,MMR-38021-BK,numeric-core
Rodco 09.07.2026.xlsx,IGNITION,33,SI-AT38021-BK,,Rodco_09.07.2026__SI-AT38021-BK.jpg,MMR-38021-BK,numeric-core
Rodco 09.07.2026.xlsx,IGNITION,94,SI-AT11124,,Rodco_09.07.2026__SI-AT11124.jpg,,
Rodco 09.07.2026.xlsx,IGNITION,95,SI-AT11216,,Rodco_09.07.2026__SI-AT11216.jpg,,
Rodco 09.07.2026.xlsx,IGNITION,50,SI-AT38015-BK,,Rodco_09.07.2026__SI-AT38015-BK.jpg,,
Rodco 09.07.2026.xlsx,IGNITION,34,SI-AT38026-R,,Rodco_09.07.2026__SI-AT38026-R.jpg,,
Rodco 09.07.2026.xlsx,IGNITION,35,SI-AT38026-BL,,Rodco_09.07.2026__SI-AT38026-BL.jpg,,
Rodco 09.07.2026.xlsx,IGNITION,36,SI-AT38026-BK,,Rodco_09.07.2026__SI-AT38026-BK.jpg,,
Rodco 09.07.2026.xlsx,IGNITION,73,SI-AT02065-R,,Rodco_09.07.2026__SI-AT02065-R.jpg,,
Rodco 09.07.2026.xlsx,IGNITION,74,SI-AT02065-BL,,Rodco_09.07.2026__SI-AT02065-BL.jpg,,
Rodco 09.07.2026.xlsx,IGNITION,76,SI-AT02192,,Rodco_09.07.2026__SI-AT02192.jpg,,
Rodco 09.07.2026.xlsx,IGNITION,75,SI-AT02191,,Rodco_09.07.2026__SI-AT02191.jpg,,
Rodco 09.07.2026.xlsx,IGNITION,77,SI-AT02193,,Rodco_09.07.2026__SI-AT02193.jpg,,
Rodco 09.07.2026.xlsx,IGNITION,78,SI-AT02193-B,,Rodco_09.07.2026__SI-AT02193-B.jpg,,
Rodco 09.07.2026.xlsx,IGNITION,56,SI-AT11426,,Rodco_09.07.2026__SI-AT11426.jpg,,
Rodco 09.07.2026.xlsx,IGNITION,57,SI-AT11426-BK,,Rodco_09.07.2026__SI-AT11426-BK.jpg,,
Rodco 09.07.2026.xlsx,IGNITION,58,SI-AT11427,,Rodco_09.07.2026__SI-AT11427.jpg,,
Rodco 09.07.2026.xlsx,IGNITION,59,SI-AT11427-BK,,Rodco_09.07.2026__SI-AT11427-BK.jpg,,
Rodco 09.07.2026.xlsx,IGNITION,61,SI-AT11428-BK,,Rodco_09.07.2026__SI-AT11428-BK.jpg,,
Rodco 09.07.2026.xlsx,IGNITION,60,SI-AT11428,,Rodco_09.07.2026__SI-AT11428.jpg,,
Rodco 09.07.2026.xlsx,IGNITION,85,SI-AT50006,,Rodco_09.07.2026__SI-AT50006.jpg,,
Rodco 09.07.2026.xlsx,IGNITION,88,SI-AT50008-BL,,Rodco_09.07.2026__SI-AT50008-BL.jpg,,
Rodco 09.07.2026.xlsx,IGNITION,89,SI-AT50018,,Rodco_09.07.2026__SI-AT50018.jpg,,
Rodco 09.07.2026.xlsx,IGNITION,70,SI-AT26086,,Rodco_09.07.2026__SI-AT26086.jpg,MMR-26086,numeric-core
Rodco 09.07.2026.xlsx,IGNITION,54,SI-AT38025,,Rodco_09.07.2026__SI-AT38025.jpg,,
Rodco 09.07.2026.xlsx,IGNITION,68,SI-AT25081,,Rodco_09.07.2026__SI-AT25081.jpg,,
Rodco 09.07.2026.xlsx,IGNITION,69,SI-AT25081-BK,,Rodco_09.07.2026__SI-AT25081-BK.jpg,,
Rodco 09.07.2026.xlsx,IGNITION,3,SI-AT09057,,Rodco_09.07.2026__SI-AT09057.jpg,MMR-09057-BK,numeric-core
Rodco 09.07.2026.xlsx,IGNITION,14,SI-AT11201,,Rodco_09.07.2026__SI-AT11201.jpg,,
Rodco 09.07.2026.xlsx,IGNITION,15,SI-AT11202,,Rodco_09.07.2026__SI-AT11202.jpg,,
Rodco 09.07.2026.xlsx,IGNITION,7,SI-AT09078,,Rodco_09.07.2026__SI-AT09078.jpg,,
Rodco 09.07.2026.xlsx,IGNITION,8,SI-AT09079,,Rodco_09.07.2026__SI-AT09079.jpg,,
Rodco 09.07.2026.xlsx,IGNITION,13,SI-AT09073,,Rodco_09.07.2026__SI-AT09073.jpg,,
Rodco 09.07.2026.xlsx,IGNITION,16,SI-AT25008,,Rodco_09.07.2026__SI-AT25008.jpg,,
Rodco 09.07.2026.xlsx,IGNITION,20,SI-AT25073,,Rodco_09.07.2026__SI-AT25073.jpg,,
Rodco 09.07.2026.xlsx,IGNITION,79,SI-AT02234-BK,,Rodco_09.07.2026__SI-AT02234-BK.jpg,,
Rodco 09.07.2026.xlsx,IGNITION,80,SI-AT02234-R,,Rodco_09.07.2026__SI-AT02234-R.jpg,,
Rodco 09.07.2026.xlsx,IGNITION,81,SI-AT02234-BL,,Rodco_09.07.2026__SI-AT02234-BL.jpg,,
Rodco 09.07.2026.xlsx,IGNITION,4,SI-AT09057-OR,,Rodco_09.07.2026__SI-AT09057-OR.png,MMR-09057-BK,numeric-core
Rodco 09.07.2026.xlsx,IGNITION,5,SI-AT09057-BL,,Rodco_09.07.2026__SI-AT09057-BL.png,MMR-09057-BK,numeric-core
Rodco 09.07.2026.xlsx,IGNITION,6,SI-AT09057-BK,,Rodco_09.07.2026__SI-AT09057-BK.png,MMR-09057-BK,numeric-core
Rodco 09.07.2026.xlsx,IGNITION,9,SI-AT09091-R,,Rodco_09.07.2026__SI-AT09091-R.png,,
Rodco 09.07.2026.xlsx,IGNITION,10,SI-AT09093,,Rodco_09.07.2026__SI-AT09093.png,,
Rodco 09.07.2026.xlsx,IGNITION,12,SI-AT09094-R,,Rodco_09.07.2026__SI-AT09094-R.png,,
Rodco 09.07.2026.xlsx,IGNITION,11,SI-AT09094,,Rodco_09.07.2026__SI-AT09094.png,,
Rodco 09.07.2026.xlsx,IGNITION,96,SI-AT11216-BK,,Rodco_09.07.2026__SI-AT11216-BK.png,,
Rodco 09.07.2026.xlsx,IGNITION,17,SI-AT25008-R,,Rodco_09.07.2026__SI-AT25008-R.png,,
Rodco 09.07.2026.xlsx,IGNITION,18,SI-AT25008-BK,,Rodco_09.07.2026__SI-AT25008-BK.png,,
Rodco 09.07.2026.xlsx,IGNITION,19,SI-AT25008-BL,,Rodco_09.07.2026__SI-AT25008-BL.png,,
Rodco 09.07.2026.xlsx,IGNITION,62,SI-AT28175,,Rodco_09.07.2026__SI-AT28175.png,,
Rodco 09.07.2026.xlsx,IGNITION,37,SI-AT38033,,Rodco_09.07.2026__SI-AT38033.png,,
Rodco 09.07.2026.xlsx,IGNITION,38,SI-AT38033-BK,,Rodco_09.07.2026__SI-AT38033-BK.png,,
Rodco 09.07.2026.xlsx,IGNITION,39,SI-AT38033-BL,,Rodco_09.07.2026__SI-AT38033-BL.png,,
Rodco 09.07.2026.xlsx,IGNITION,40,SI-AT38034,,Rodco_09.07.2026__SI-AT38034.png,,
Rodco 09.07.2026.xlsx,IGNITION,41,SI-AT38034-BK,,Rodco_09.07.2026__SI-AT38034-BK.png,,
Rodco 09.07.2026.xlsx,IGNITION,42,SI-AT38034-BL,,Rodco_09.07.2026__SI-AT38034-BL.png,,
Rodco 09.07.2026.xlsx,IGNITION,43,SI-AT38035,,Rodco_09.07.2026__SI-AT38035.png,,
Rodco 09.07.2026.xlsx,IGNITION,47,SI-AT38041,,Rodco_09.07.2026__SI-AT38041.png,,
Rodco 09.07.2026.xlsx,IGNITION,45,SI-AT38039,,Rodco_09.07.2026__SI-AT38039.png,,
Rodco 09.07.2026.xlsx,IGNITION,46,SI-AT38040,,Rodco_09.07.2026__SI-AT38040.png,,
Rodco 09.07.2026.xlsx,IGNITION,48,SI-AT38042,,Rodco_09.07.2026__SI-AT38042.png,,
Rodco 09.07.2026.xlsx,IGNITION,83,SI-AT50003,,Rodco_09.07.2026__SI-AT50003.png,,
Rodco 09.07.2026.xlsx,IGNITION,84,SI-AT50004,,Rodco_09.07.2026__SI-AT50004.png,,
Rodco 09.07.2026.xlsx,IGNITION,91,SI-AT50012,,Rodco_09.07.2026__SI-AT50012.png,,
Rodco 09.07.2026.xlsx,IGNITION,92,SI-AT50022,,Rodco_09.07.2026__SI-AT50022.png,,
Rodco 09.07.2026.xlsx,COOLING,46,SI-AT15006,,Rodco_09.07.2026__SI-AT15006.jpg,,
Rodco 09.07.2026.xlsx,COOLING,48,SI-AT15007,,Rodco_09.07.2026__SI-AT15007.jpg,,
Rodco 09.07.2026.xlsx,COOLING,50,SI-AT15008,,Rodco_09.07.2026__SI-AT15008.jpg,,
Rodco 09.07.2026.xlsx,COOLING,52,SI-AT15014,,Rodco_09.07.2026__SI-AT15014.jpg,,
Rodco 09.07.2026.xlsx,COOLING,47,SI-AT15006-BK,,Rodco_09.07.2026__SI-AT15006-BK.jpg,,
Rodco 09.07.2026.xlsx,COOLING,49,SI-AT15007-BK,,Rodco_09.07.2026__SI-AT15007-BK.jpg,,
Rodco 09.07.2026.xlsx,COOLING,51,SI-AT15008-BK,,Rodco_09.07.2026__SI-AT15008-BK.jpg,,
Rodco 09.07.2026.xlsx,COOLING,71,SI-AT22023,,Rodco_09.07.2026__SI-AT22023.jpg,,
Rodco 09.07.2026.xlsx,COOLING,72,SI-AT22023-B,,Rodco_09.07.2026__SI-AT22023-B.jpg,,
Rodco 09.07.2026.xlsx,COOLING,90,SI-AT22023-C,,Rodco_09.07.2026__SI-AT22023-C.jpg,,
Rodco 09.07.2026.xlsx,COOLING,70,SI-AT22023-D,,Rodco_09.07.2026__SI-AT22023-D.jpg,,
Rodco 09.07.2026.xlsx,COOLING,73,SI-AT22023-F,,Rodco_09.07.2026__SI-AT22023-F.jpg,,
Rodco 09.07.2026.xlsx,COOLING,86,SI-AT22055,,Rodco_09.07.2026__SI-AT22055.jpg,,
Rodco 09.07.2026.xlsx,COOLING,87,SI-AT22055-R,,Rodco_09.07.2026__SI-AT22055-R.jpg,,
Rodco 09.07.2026.xlsx,COOLING,88,SI-AT22055-BL,,Rodco_09.07.2026__SI-AT22055-BL.jpg,,
Rodco 09.07.2026.xlsx,COOLING,89,SI-AT22055-BK,,Rodco_09.07.2026__SI-AT22055-BK.jpg,,
Rodco 09.07.2026.xlsx,COOLING,58,SI-AT77001,,Rodco_09.07.2026__SI-AT77001.jpg,,
Rodco 09.07.2026.xlsx,COOLING,55,SI-AT77008,,Rodco_09.07.2026__SI-AT77008.jpg,,
Rodco 09.07.2026.xlsx,COOLING,56,SI-AT77009,,Rodco_09.07.2026__SI-AT77009.jpg,,
Rodco 09.07.2026.xlsx,COOLING,57,SI-AT77010,,Rodco_09.07.2026__SI-AT77010.jpg,,
Rodco 09.07.2026.xlsx,COOLING,59,SI-AT77002,,Rodco_09.07.2026__SI-AT77002.jpg,,
Rodco 09.07.2026.xlsx,COOLING,54,SI-AT77003,,Rodco_09.07.2026__SI-AT77003.jpg,,
Rodco 09.07.2026.xlsx,COOLING,4,SI-AT63043,,Rodco_09.07.2026__SI-AT63043.jpg,,
Rodco 09.07.2026.xlsx,COOLING,5,SI-AT63044,,Rodco_09.07.2026__SI-AT63044.jpg,,
Rodco 09.07.2026.xlsx,COOLING,7,SI-AT63045,,Rodco_09.07.2026__SI-AT63045.jpg,,
Rodco 09.07.2026.xlsx,COOLING,8,SI-AT63046,,Rodco_09.07.2026__SI-AT63046.jpg,,
Rodco 09.07.2026.xlsx,COOLING,92,SI-AT63047,,Rodco_09.07.2026__SI-AT63047.jpg,,
Rodco 09.07.2026.xlsx,COOLING,93,SI-AT63048,,Rodco_09.07.2026__SI-AT63048.jpg,,
Rodco 09.07.2026.xlsx,COOLING,6,SI-AT63051,,Rodco_09.07.2026__SI-AT63051.jpg,,
Rodco 09.07.2026.xlsx,COOLING,3,SI-AT63052,,Rodco_09.07.2026__SI-AT63052.jpg,,
Rodco 09.07.2026.xlsx,COOLING,11,SI-AT63053,,Rodco_09.07.2026__SI-AT63053.jpg,,
Rodco 09.07.2026.xlsx,COOLING,12,SI-AT63054,,Rodco_09.07.2026__SI-AT63054.jpg,,
Rodco 09.07.2026.xlsx,COOLING,10,SI-AT63059,,Rodco_09.07.2026__SI-AT63059.jpg,,
Rodco 09.07.2026.xlsx,COOLING,9,SI-AT63058,,Rodco_09.07.2026__SI-AT63058.jpg,,
Rodco 09.07.2026.xlsx,COOLING,14,SI-AT63057,,Rodco_09.07.2026__SI-AT63057.jpg,,
Rodco 09.07.2026.xlsx,COOLING,13,SI-AT63056,,Rodco_09.07.2026__SI-AT63056.jpg,,
Rodco 09.07.2026.xlsx,COOLING,94,SI-AT11135,,Rodco_09.07.2026__SI-AT11135.jpg,,
Rodco 09.07.2026.xlsx,COOLING,95,SI-AT11136,,Rodco_09.07.2026__SI-AT11136.jpg,,
Rodco 09.07.2026.xlsx,COOLING,96,SI-AT11248,,Rodco_09.07.2026__SI-AT11248.jpg,,
Rodco 09.07.2026.xlsx,COOLING,63,SI-AT32003,,Rodco_09.07.2026__SI-AT32003.jpg,,
Rodco 09.07.2026.xlsx,COOLING,62,SI-AT32002,,Rodco_09.07.2026__SI-AT32002.jpg,,
Rodco 09.07.2026.xlsx,COOLING,64,SI-AT32006,,Rodco_09.07.2026__SI-AT32006.jpg,,
Rodco 09.07.2026.xlsx,COOLING,67,SI-AT21078,,Rodco_09.07.2026__SI-AT21078.jpg,,
Rodco 09.07.2026.xlsx,COOLING,66,SI-AT11372,,Rodco_09.07.2026__SI-AT11372.jpg,,
Rodco 09.07.2026.xlsx,COOLING,68,SI-AT21079,,Rodco_09.07.2026__SI-AT21079.jpg,,
Rodco 09.07.2026.xlsx,COOLING,23,SI-AT32010-BK,,Rodco_09.07.2026__SI-AT32010-BK.jpg,,
Rodco 09.07.2026.xlsx,COOLING,17,SI-AT32007-BK,,Rodco_09.07.2026__SI-AT32007-BK.jpg,MMR-32007,numeric-core
Rodco 09.07.2026.xlsx,COOLING,19,SI-AT32008-BK,,Rodco_09.07.2026__SI-AT32008-BK.jpg,,
Rodco 09.07.2026.xlsx,COOLING,16,SI-AT32007,,Rodco_09.07.2026__SI-AT32007.jpg,MMR-32007,numeric-core
Rodco 09.07.2026.xlsx,COOLING,18,SI-AT32008,,Rodco_09.07.2026__SI-AT32008.jpg,,
Rodco 09.07.2026.xlsx,COOLING,20,SI-AT32009,,Rodco_09.07.2026__SI-AT32009.jpg,,
Rodco 09.07.2026.xlsx,COOLING,21,SI-AT32009-BK,,Rodco_09.07.2026__SI-AT32009-BK.jpg,,
Rodco 09.07.2026.xlsx,COOLING,22,SI-AT32010,,Rodco_09.07.2026__SI-AT32010.jpg,,
Rodco 09.07.2026.xlsx,COOLING,24,SI-AT32016,,Rodco_09.07.2026__SI-AT32016.jpg,,
Rodco 09.07.2026.xlsx,COOLING,25,SI-AT32017,,Rodco_09.07.2026__SI-AT32017.jpg,,
Rodco 09.07.2026.xlsx,COOLING,26,SI-AT32022,,Rodco_09.07.2026__SI-AT32022.jpg,,
Rodco 09.07.2026.xlsx,COOLING,28,SI-AT32023,,Rodco_09.07.2026__SI-AT32023.jpg,,
Rodco 09.07.2026.xlsx,COOLING,37,SI-AT32030,,Rodco_09.07.2026__SI-AT32030.jpg,,
Rodco 09.07.2026.xlsx,COOLING,30,SI-AT32026,,Rodco_09.07.2026__SI-AT32026.jpg,,
Rodco 09.07.2026.xlsx,COOLING,31,SI-AT32027,,Rodco_09.07.2026__SI-AT32027.jpg,,
Rodco 09.07.2026.xlsx,COOLING,32,SI-AT32027-BK,,Rodco_09.07.2026__SI-AT32027-BK.jpg,,
Rodco 09.07.2026.xlsx,COOLING,35,SI-AT32029,,Rodco_09.07.2026__SI-AT32029.jpg,,
Rodco 09.07.2026.xlsx,COOLING,42,SI-AT32047,,Rodco_09.07.2026__SI-AT32047.jpg,,
Rodco 09.07.2026.xlsx,COOLING,78,SI-AT22052-BL,,Rodco_09.07.2026__SI-AT22052-BL.png,,
Rodco 09.07.2026.xlsx,COOLING,79,SI-AT22052-BK,,Rodco_09.07.2026__SI-AT22052-BK.png,,
Rodco 09.07.2026.xlsx,COOLING,80,SI-AT22053-R,,Rodco_09.07.2026__SI-AT22053-R.png,,
Rodco 09.07.2026.xlsx,COOLING,43,SI-AT28111,,Rodco_09.07.2026__SI-AT28111.png,,
Rodco 09.07.2026.xlsx,COOLING,27,SI-AT32022-BK,,Rodco_09.07.2026__SI-AT32022-BK.png,,
Rodco 09.07.2026.xlsx,COOLING,29,SI-AT32023-BK,,Rodco_09.07.2026__SI-AT32023-BK.png,,
Rodco 09.07.2026.xlsx,COOLING,34,SI-AT32028-BK,,Rodco_09.07.2026__SI-AT32028-BK.png,,
Rodco 09.07.2026.xlsx,COOLING,36,SI-AT32029-BK,,Rodco_09.07.2026__SI-AT32029-BK.png,,
Rodco 09.07.2026.xlsx,COOLING,38,SI-AT32030-BK,,Rodco_09.07.2026__SI-AT32030-BK.png,,
Rodco 09.07.2026.xlsx,COOLING,65,SI-AT32039,,Rodco_09.07.2026__SI-AT32039.png,,
Rodco 09.07.2026.xlsx,COOLING,39,SI-AT32057,,Rodco_09.07.2026__SI-AT32057.png,MMR32057,numeric-core
Rodco 09.07.2026.xlsx,COOLING,44,SI-AT58073,,Rodco_09.07.2026__SI-AT58073.jpg,,
Rodco 09.07.2026.xlsx,CONTROL ARMS & CROSSMEMBER,4,03-0102,,Rodco_09.07.2026__03-0102.png,,
Rodco 09.07.2026.xlsx,CONTROL ARMS & CROSSMEMBER,6,03-0104,,Rodco_09.07.2026__03-0104.png,,
Rodco 09.07.2026.xlsx,CONTROL ARMS & CROSSMEMBER,3,03-0101,,Rodco_09.07.2026__03-0101.jpg,,
Rodco 09.07.2026.xlsx,CONTROL ARMS & CROSSMEMBER,3,03-0101,,Rodco_09.07.2026__03-0101-2.jpg,,
Rodco 09.07.2026.xlsx,CONTROL ARMS & CROSSMEMBER,5,03-0103,,Rodco_09.07.2026__03-0103.jpg,,
Rodco 09.07.2026.xlsx,CONTROL ARMS & CROSSMEMBER,8,03-0106,,Rodco_09.07.2026__03-0106.jpg,,
Rodco 09.07.2026.xlsx,CONTROL ARMS & CROSSMEMBER,5,03-0103,,Rodco_09.07.2026__03-0103-2.jpg,,
Rodco 09.07.2026.xlsx,CONTROL ARMS & CROSSMEMBER,7,03-0105,,Rodco_09.07.2026__03-0105.jpg,,
Rodco 09.07.2026.xlsx,CONTROL ARMS & CROSSMEMBER,7,03-0105,,Rodco_09.07.2026__03-0105-2.jpg,,
Rodco 09.07.2026.xlsx,CONTROL ARMS & CROSSMEMBER,8,03-0106,,Rodco_09.07.2026__03-0106-2.jpg,,
Rodco 09.07.2026.xlsx,CONTROL ARMS & CROSSMEMBER,9,03-0107,,Rodco_09.07.2026__03-0107.jpg,,
Rodco 09.07.2026.xlsx,CONTROL ARMS & CROSSMEMBER,10,03-0108,,Rodco_09.07.2026__03-0108.png,,
Rodco 09.07.2026.xlsx,CONTROL ARMS & CROSSMEMBER,17,03-0201,,Rodco_09.07.2026__03-0201.jpg,,
Rodco 09.07.2026.xlsx,CONTROL ARMS & CROSSMEMBER,15,03-0113,,Rodco_09.07.2026__03-0113.jpg,,
Rodco 09.07.2026.xlsx,CONTROL ARMS & CROSSMEMBER,18,03-0202,,Rodco_09.07.2026__03-0202.jpg,,
Rodco 09.07.2026.xlsx,CONTROL ARMS & CROSSMEMBER,11,03-0109,,Rodco_09.07.2026__03-0109.jpg,,
Rodco 09.07.2026.xlsx,CONTROL ARMS & CROSSMEMBER,13,03-0111,,Rodco_09.07.2026__03-0111.jpg,,
Rodco 09.07.2026.xlsx,CONTROL ARMS & CROSSMEMBER,12,03-0110,,Rodco_09.07.2026__03-0110.jpg,,
Rodco 09.07.2026.xlsx,CONTROL ARMS & CROSSMEMBER,14,03-0112,,Rodco_09.07.2026__03-0112.jpg,,
Rodco 09.07.2026.xlsx,CONTROL ARMS & CROSSMEMBER,20,03-0204,,Rodco_09.07.2026__03-0204.png,,
Rodco 09.07.2026.xlsx,CONTROL ARMS & CROSSMEMBER,19,03-0203,,Rodco_09.07.2026__03-0203.jpg,,
Rodco 09.07.2026.xlsx,CONTROL ARMS & CROSSMEMBER,24,03-0303,,Rodco_09.07.2026__03-0303.png,,
Rodco 09.07.2026.xlsx,CONTROL ARMS & CROSSMEMBER,26,03-0305,,Rodco_09.07.2026__03-0305.png,,
Rodco 09.07.2026.xlsx,CONTROL ARMS & CROSSMEMBER,23,03-0302,,Rodco_09.07.2026__03-0302.png,,
Rodco 09.07.2026.xlsx,CONTROL ARMS & CROSSMEMBER,22,03-0301,,Rodco_09.07.2026__03-0301.png,,
Rodco 09.07.2026.xlsx,CONTROL ARMS & CROSSMEMBER,27,03-0306,,Rodco_09.07.2026__03-0306.png,,
Rodco 09.07.2026.xlsx,CONTROL ARMS & CROSSMEMBER,28,03-0307,,Rodco_09.07.2026__03-0307.jpg,,
Rodco 09.07.2026.xlsx,CONTROL ARMS & CROSSMEMBER,25,03-0304,,Rodco_09.07.2026__03-0304.jpg,,
Rodco 09.07.2026.xlsx,CONTROL ARMS & CROSSMEMBER,29,03-0308,,Rodco_09.07.2026__03-0308.jpg,,
Rodco 09.07.2026.xlsx,CONTROL ARMS & CROSSMEMBER,30,03-0401,,Rodco_09.07.2026__03-0401.jpg,,
Rodco 09.07.2026.xlsx,BRACKET & PULLEYS,25,SI-AT25005,,Rodco_09.07.2026__SI-AT25005.jpg,MMR-25005,numeric-core
Rodco 09.07.2026.xlsx,BRACKET & PULLEYS,14,SI-AT25013,,Rodco_09.07.2026__SI-AT25013.jpg,MMR-25013,numeric-core
Rodco 09.07.2026.xlsx,BRACKET & PULLEYS,15,SI-AT25013-C,,Rodco_09.07.2026__SI-AT25013-C.jpg,MMR-25013,numeric-core
Rodco 09.07.2026.xlsx,BRACKET & PULLEYS,26,SI-AT25015,,Rodco_09.07.2026__SI-AT25015.jpg,,
Rodco 09.07.2026.xlsx,BRACKET & PULLEYS,16,SI-AT25013-BK,,Rodco_09.07.2026__SI-AT25013-BK.jpg,MMR-25013,numeric-core
Rodco 09.07.2026.xlsx,BRACKET & PULLEYS,3,SI-AT25025,,Rodco_09.07.2026__SI-AT25025.jpg,,
Rodco 09.07.2026.xlsx,BRACKET & PULLEYS,6,SI-AT25032,,Rodco_09.07.2026__SI-AT25032.jpg,,
Rodco 09.07.2026.xlsx,BRACKET & PULLEYS,7,SI-AT25032-1,,Rodco_09.07.2026__SI-AT25032-1.jpg,,
Rodco 09.07.2026.xlsx,BRACKET & PULLEYS,8,SI-AT25032-2,,Rodco_09.07.2026__SI-AT25032-2.jpg,,
Rodco 09.07.2026.xlsx,BRACKET & PULLEYS,9,SI-AT25032-3,,Rodco_09.07.2026__SI-AT25032-3.jpg,,
Rodco 09.07.2026.xlsx,BRACKET & PULLEYS,10,SI-AT25032-BL,,Rodco_09.07.2026__SI-AT25032-BL.jpg,,
Rodco 09.07.2026.xlsx,BRACKET & PULLEYS,11,SI-AT25032-BL1,,Rodco_09.07.2026__SI-AT25032-BL1.jpg,,
Rodco 09.07.2026.xlsx,BRACKET & PULLEYS,12,SI-AT25032-BL2,,Rodco_09.07.2026__SI-AT25032-BL2.jpg,,
Rodco 09.07.2026.xlsx,BRACKET & PULLEYS,13,SI-AT25032-BL3,,Rodco_09.07.2026__SI-AT25032-BL3.jpg,,
Rodco 09.07.2026.xlsx,BRACKET & PULLEYS,17,SI-AT25050,,Rodco_09.07.2026__SI-AT25050.jpg,MMR-25050,numeric-core
Rodco 09.07.2026.xlsx,BRACKET & PULLEYS,18,SI-AT25051,,Rodco_09.07.2026__SI-AT25051.jpg,,
Rodco 09.07.2026.xlsx,BRACKET & PULLEYS,30,SI-AT25077,,Rodco_09.07.2026__SI-AT25077.jpg,,
Rodco 09.07.2026.xlsx,BRACKET & PULLEYS,27,SI-AT25076,,Rodco_09.07.2026__SI-AT25076.jpg,,
Rodco 09.07.2026.xlsx,BRACKET & PULLEYS,4,SI-AT25080,,Rodco_09.07.2026__SI-AT25080.jpg,,
Rodco 09.07.2026.xlsx,BRACKET & PULLEYS,5,SI-AT25080-C,,Rodco_09.07.2026__SI-AT25080-C.jpg,,
Rodco 09.07.2026.xlsx,BRACKET & PULLEYS,31,SI-AT25077-BK,,Rodco_09.07.2026__SI-AT25077-BK.jpg,,
Rodco 09.07.2026.xlsx,BRACKET & PULLEYS,22,SI-AT25086-C,,Rodco_09.07.2026__SI-AT25086-C.jpg,,
Rodco 09.07.2026.xlsx,BRACKET & PULLEYS,21,SI-AT25086-POL,,Rodco_09.07.2026__SI-AT25086-POL.jpg,,
Rodco 09.07.2026.xlsx,BRACKET & PULLEYS,23,SI-AT25087-POL,,Rodco_09.07.2026__SI-AT25087-POL.jpg,,
Rodco 09.07.2026.xlsx,BRACKET & PULLEYS,24,SI-AT25087-C,,Rodco_09.07.2026__SI-AT25087-C.jpg,,
Rodco 09.07.2026.xlsx,BRACKET & PULLEYS,36,SI-AT25084,,Rodco_09.07.2026__SI-AT25084.jpg,,
Rodco 09.07.2026.xlsx,BRACKET & PULLEYS,37,SI-AT25085,,Rodco_09.07.2026__SI-AT25085.jpg,,
Rodco 09.07.2026.xlsx,BRACKET & PULLEYS,32,SI-AT25135,,Rodco_09.07.2026__SI-AT25135.jpg,,
Rodco 09.07.2026.xlsx,BRACKET & PULLEYS,33,SI-AT25136,,Rodco_09.07.2026__SI-AT25136.jpg,,
Rodco 09.07.2026.xlsx,BRACKET & PULLEYS,29,SI-AT25106,,Rodco_09.07.2026__SI-AT25106.jpg,MMR-25106,numeric-core
Rodco 09.07.2026.xlsx,BRACKET & PULLEYS,19,SI-AT25109,,Rodco_09.07.2026__SI-AT25109.jpg,,
Rodco 09.07.2026.xlsx,BRACKET & PULLEYS,20,SI-AT25110,,Rodco_09.07.2026__SI-AT25110.jpg,,
Rodco 09.07.2026.xlsx,BRACKET & PULLEYS,34,SI-AT25156,,Rodco_09.07.2026__SI-AT25156.jpg,,
Rodco 09.07.2026.xlsx,BRACKET & PULLEYS,35,SI-AT25156-BK,,Rodco_09.07.2026__SI-AT25156-BK.jpg,,
Rodco 09.07.2026.xlsx,BRACKET & PULLEYS,44,SI-AT47025,,Rodco_09.07.2026__SI-AT47025.jpg,,
Rodco 09.07.2026.xlsx,BRACKET & PULLEYS,45,SI-AT47026,,Rodco_09.07.2026__SI-AT47026.jpg,,
Rodco 09.07.2026.xlsx,BRACKET & PULLEYS,46,SI-AT47027,,Rodco_09.07.2026__SI-AT47027.jpg,,
Rodco 09.07.2026.xlsx,BRACKET & PULLEYS,47,SI-AT47028,,Rodco_09.07.2026__SI-AT47028.jpg,,
Rodco 09.07.2026.xlsx,BRACKET & PULLEYS,48,SI-AT47031,,Rodco_09.07.2026__SI-AT47031.jpg,,
Rodco 09.07.2026.xlsx,BRACKET & PULLEYS,59,SI-AT25060-BK,,Rodco_09.07.2026__SI-AT25060-BK.jpg,,
Rodco 09.07.2026.xlsx,BRACKET & PULLEYS,61,SI-AT25061-BK,,Rodco_09.07.2026__SI-AT25061-BK.jpg,,
Rodco 09.07.2026.xlsx,BRACKET & PULLEYS,66,SI-AT25064-BK,,Rodco_09.07.2026__SI-AT25064-BK.jpg,,
Rodco 09.07.2026.xlsx,BRACKET & PULLEYS,55,SI-AT25058-BK,,Rodco_09.07.2026__SI-AT25058-BK.jpg,,
Rodco 09.07.2026.xlsx,BRACKET & PULLEYS,51,SI-AT25056-BK,,Rodco_09.07.2026__SI-AT25056-BK.jpg,,
Rodco 09.07.2026.xlsx,BRACKET & PULLEYS,68,SI-AT25065-BK,,Rodco_09.07.2026__SI-AT25065-BK.jpg,,
Rodco 09.07.2026.xlsx,BRACKET & PULLEYS,70,SI-AT25065A-BK,,Rodco_09.07.2026__SI-AT25065A-BK.jpg,,
Rodco 09.07.2026.xlsx,BRACKET & PULLEYS,69,SI-AT25065A,,Rodco_09.07.2026__SI-AT25065A.jpg,,
Rodco 09.07.2026.xlsx,BRACKET & PULLEYS,83,SI-AT25120-C,,Rodco_09.07.2026__SI-AT25120-C.jpg,,
Rodco 09.07.2026.xlsx,BRACKET & PULLEYS,89,SI-AT25123-C,,Rodco_09.07.2026__SI-AT25123-C.jpg,,
Rodco 09.07.2026.xlsx,BRACKET & PULLEYS,85,SI-AT25121-C,,Rodco_09.07.2026__SI-AT25121-C.jpg,,
Rodco 09.07.2026.xlsx,BRACKET & PULLEYS,87,SI-AT25122-C,,Rodco_09.07.2026__SI-AT25122-C.jpg,,
Rodco 09.07.2026.xlsx,BRACKET & PULLEYS,93,SI-AT25125-C,,Rodco_09.07.2026__SI-AT25125-C.jpg,,
Rodco 09.07.2026.xlsx,BRACKET & PULLEYS,91,SI-AT25124-C,,Rodco_09.07.2026__SI-AT25124-C.jpg,,
Rodco 09.07.2026.xlsx,BRACKET & PULLEYS,100,SI-AT25131,,Rodco_09.07.2026__SI-AT25131.jpg,,
Rodco 09.07.2026.xlsx,BRACKET & PULLEYS,50,SI-AT25056,,Rodco_09.07.2026__SI-AT25056.jpg,,
Rodco 09.07.2026.xlsx,BRACKET & PULLEYS,52,SI-AT25057,,Rodco_09.07.2026__SI-AT25057.jpg,,
Rodco 09.07.2026.xlsx,BRACKET & PULLEYS,54,SI-AT25058,,Rodco_09.07.2026__SI-AT25058.jpg,,
Rodco 09.07.2026.xlsx,BRACKET & PULLEYS,56,SI-AT25059,,Rodco_09.07.2026__SI-AT25059.jpg,,
Rodco 09.07.2026.xlsx,BRACKET & PULLEYS,58,SI-AT25060,,Rodco_09.07.2026__SI-AT25060.jpg,,
Rodco 09.07.2026.xlsx,BRACKET & PULLEYS,60,SI-AT25061,,Rodco_09.07.2026__SI-AT25061.jpg,,
Rodco 09.07.2026.xlsx,BRACKET & PULLEYS,62,SI-AT25062,,Rodco_09.07.2026__SI-AT25062.jpg,,
Rodco 09.07.2026.xlsx,BRACKET & PULLEYS,63,SI-AT25063,,Rodco_09.07.2026__SI-AT25063.jpg,,
Rodco 09.07.2026.xlsx,BRACKET & PULLEYS,65,SI-AT25064,,Rodco_09.07.2026__SI-AT25064.jpg,,
Rodco 09.07.2026.xlsx,BRACKET & PULLEYS,67,SI-AT25065,,Rodco_09.07.2026__SI-AT25065.jpg,,
Rodco 09.07.2026.xlsx,BRACKET & PULLEYS,72,SI-AT25095,,Rodco_09.07.2026__SI-AT25095.jpg,MMR-25095,numeric-core
Rodco 09.07.2026.xlsx,BRACKET & PULLEYS,73,SI-AT25096,,Rodco_09.07.2026__SI-AT25096.jpg,,
Rodco 09.07.2026.xlsx,BRACKET & PULLEYS,75,SI-AT25098,,Rodco_09.07.2026__SI-AT25098.jpg,,
Rodco 09.07.2026.xlsx,BRACKET & PULLEYS,79,SI-AT25102,,Rodco_09.07.2026__SI-AT25102.jpg,,
Rodco 09.07.2026.xlsx,BRACKET & PULLEYS,53,SI-AT25057-BK,,Rodco_09.07.2026__SI-AT25057-BK.jpg,,
Rodco 09.07.2026.xlsx,BRACKET & PULLEYS,64,SI-AT25063-BK,,Rodco_09.07.2026__SI-AT25063-BK.jpg,,
Rodco 09.07.2026.xlsx,BRACKET & PULLEYS,74,SI-AT25097,,Rodco_09.07.2026__SI-AT25097.jpg,,
Rodco 09.07.2026.xlsx,BRACKET & PULLEYS,76,SI-AT25099,,Rodco_09.07.2026__SI-AT25099.jpg,,
Rodco 09.07.2026.xlsx,BRACKET & PULLEYS,77,SI-AT25100,,Rodco_09.07.2026__SI-AT25100.jpg,,
Rodco 09.07.2026.xlsx,BRACKET & PULLEYS,78,SI-AT25101,,Rodco_09.07.2026__SI-AT25101.jpg,,
Rodco 09.07.2026.xlsx,BRACKET & PULLEYS,80,SI-AT25103,,Rodco_09.07.2026__SI-AT25103.jpg,,
Rodco 09.07.2026.xlsx,BRACKET & PULLEYS,81,SI-AT25104,,Rodco_09.07.2026__SI-AT25104.jpg,,
Rodco 09.07.2026.xlsx,BRACKET & PULLEYS,82,SI-AT25120,,Rodco_09.07.2026__SI-AT25120.jpg,,
Rodco 09.07.2026.xlsx,BRACKET & PULLEYS,84,SI-AT25121,,Rodco_09.07.2026__SI-AT25121.jpg,,
Rodco 09.07.2026.xlsx,BRACKET & PULLEYS,86,SI-AT25122,,Rodco_09.07.2026__SI-AT25122.jpg,,
Rodco 09.07.2026.xlsx,BRACKET & PULLEYS,88,SI-AT25123,,Rodco_09.07.2026__SI-AT25123.jpg,,
Rodco 09.07.2026.xlsx,BRACKET & PULLEYS,90,SI-AT25124,,Rodco_09.07.2026__SI-AT25124.jpg,,
Rodco 09.07.2026.xlsx,BRACKET & PULLEYS,92,SI-AT25125,,Rodco_09.07.2026__SI-AT25125.jpg,,
Rodco 09.07.2026.xlsx,BRACKET & PULLEYS,101,SI-AT25132,,Rodco_09.07.2026__SI-AT25132.jpg,,
Rodco 09.07.2026.xlsx,BRACKET & PULLEYS,98,SI-AT25137,,Rodco_09.07.2026__SI-AT25137.jpg,,
Rodco 09.07.2026.xlsx,BRACKET & PULLEYS,102,SI-AT25140,,Rodco_09.07.2026__SI-AT25140.jpg,,
Rodco 09.07.2026.xlsx,BRACKET & PULLEYS,103,SI-AT25141,,Rodco_09.07.2026__SI-AT25141.jpg,,
Rodco 09.07.2026.xlsx,BRACKET & PULLEYS,104,SI-AT25142,,Rodco_09.07.2026__SI-AT25142.jpg,,
Rodco 09.07.2026.xlsx,BRACKET & PULLEYS,105,SI-AT25143,,Rodco_09.07.2026__SI-AT25143.jpg,,
Rodco 09.07.2026.xlsx,BRACKET & PULLEYS,95,SI-AT25164-C,,Rodco_09.07.2026__SI-AT25164-C.jpg,,
Rodco 09.07.2026.xlsx,BRACKET & PULLEYS,97,SI-AT25165-C,,Rodco_09.07.2026__SI-AT25165-C.jpg,,
Rodco 09.07.2026.xlsx,BRACKET & PULLEYS,94,SI-AT25164,,Rodco_09.07.2026__SI-AT25164.jpg,,
Rodco 09.07.2026.xlsx,BRACKET & PULLEYS,96,SI-AT25165,,Rodco_09.07.2026__SI-AT25165.jpg,,
Rodco 09.07.2026.xlsx,BRACKET & PULLEYS,28,SI-AT25076-BK,,Rodco_09.07.2026__SI-AT25076-BK.png,,
Rodco 09.07.2026.xlsx,BRACKET & PULLEYS,106,SI-AT25190-C,,Rodco_09.07.2026__SI-AT25190-C.png,,
Rodco 09.07.2026.xlsx,BRACKET & PULLEYS,107,SI-AT25190-BK,,Rodco_09.07.2026__SI-AT25190-BK.png,,
Rodco 09.07.2026.xlsx,BRACKET & PULLEYS,108,SI-AT25191-C,,Rodco_09.07.2026__SI-AT25191-C.png,,
Rodco 09.07.2026.xlsx,BRACKET & PULLEYS,110,SI-AT25192-C,,Rodco_09.07.2026__SI-AT25192-C.png,,
Rodco 09.07.2026.xlsx,BRACKET & PULLEYS,42,SI-AT25200,,Rodco_09.07.2026__SI-AT25200.png,,
Rodco 09.07.2026.xlsx,BRACKET & PULLEYS,43,SI-AT25201,,Rodco_09.07.2026__SI-AT25201.png,,
Rodco 09.07.2026.xlsx,BRACKET & PULLEYS,113,SI-AT25205-BK,,Rodco_09.07.2026__SI-AT25205-BK.png,,
Rodco 09.07.2026.xlsx,BRACKET & PULLEYS,115,SI-AT25206-BK,,Rodco_09.07.2026__SI-AT25206-BK.png,,
Rodco 09.07.2026.xlsx,BRACKET & PULLEYS,117,SI-AT25207-BK,,Rodco_09.07.2026__SI-AT25207-BK.png,,
Rodco 09.07.2026.xlsx,BRACKET & PULLEYS,119,SI-AT25208-BK,,Rodco_09.07.2026__SI-AT25208-BK.png,,
Rodco 09.07.2026.xlsx,BRACKET & PULLEYS,121,SI-AT25209-BK,,Rodco_09.07.2026__SI-AT25209-BK.png,,
Rodco 09.07.2026.xlsx,BRACKET & PULLEYS,123,SI-AT25210-BK,,Rodco_09.07.2026__SI-AT25210-BK.png,,
Rodco 09.07.2026.xlsx,BRACKET & PULLEYS,131,SI-AT25217-BK,,Rodco_09.07.2026__SI-AT25217-BK.png,,
Rodco 09.07.2026.xlsx,BRACKET & PULLEYS,39,SI-AT43013,,Rodco_09.07.2026__SI-AT43013.jpg,,
Rodco 09.07.2026.xlsx,BRACKET & PULLEYS,41,SI-AT25139,,Rodco_09.07.2026__SI-AT25139.jpg,,
Rodco 09.07.2026.xlsx,BRACKET & PULLEYS,40,SI-AT25138,,Rodco_09.07.2026__SI-AT25138.jpg,,
Rodco 09.07.2026.xlsx,BRACKET & PULLEYS,38,SI-AT25108,,Rodco_09.07.2026__SI-AT25108.jpg,,
Rodco 09.07.2026.xlsx,BRAKE SYSTEM,23,SI-AT59005,,Rodco_09.07.2026__SI-AT59005.jpg,,
Rodco 09.07.2026.xlsx,BRAKE SYSTEM,17,SI-AT11245,,Rodco_09.07.2026__SI-AT11245.jpg,,
Rodco 09.07.2026.xlsx,BRAKE SYSTEM,18,SI-AT11245-A,,Rodco_09.07.2026__SI-AT11245-A.jpg,,
Rodco 09.07.2026.xlsx,BRAKE SYSTEM,19,SI-AT11246,,Rodco_09.07.2026__SI-AT11246.jpg,,
Rodco 09.07.2026.xlsx,BRAKE SYSTEM,20,SI-AT11246-A,,Rodco_09.07.2026__SI-AT11246-A.jpg,,
Rodco 09.07.2026.xlsx,BRAKE SYSTEM,21,SI-AT11408,,Rodco_09.07.2026__SI-AT11408.jpg,,
Rodco 09.07.2026.xlsx,BRAKE SYSTEM,26,SI-AT59004,,Rodco_09.07.2026__SI-AT59004.jpg,,
Rodco 09.07.2026.xlsx,BRAKE SYSTEM,27,SI-AT59016,,Rodco_09.07.2026__SI-AT59016.jpg,,
Rodco 09.07.2026.xlsx,BRAKE SYSTEM,28,SI-AT59017,,Rodco_09.07.2026__SI-AT59017.jpg,,
Rodco 09.07.2026.xlsx,BRAKE SYSTEM,29,SI-AT56023,,Rodco_09.07.2026__SI-AT56023.jpg,,
Rodco 09.07.2026.xlsx,BRAKE SYSTEM,30,SI-AT25186,,Rodco_09.07.2026__SI-AT25186.jpg,,
Rodco 09.07.2026.xlsx,BRAKE SYSTEM,31,SI-AT25187,,Rodco_09.07.2026__SI-AT25187.jpg,,
Rodco 09.07.2026.xlsx,BRAKE SYSTEM,24,SI-AT59015,,Rodco_09.07.2026__SI-AT59015.png,,
Rodco 09.07.2026.xlsx,BRAKE SYSTEM,25,SI-AT59020,,Rodco_09.07.2026__SI-AT59020.png,,
Rodco 09.07.2026.xlsx,BRAKE SYSTEM,32,SI-AT11480,,Rodco_09.07.2026__SI-AT11480.jpg,,
Rodco 09.07.2026.xlsx,BRAKE SYSTEM,33,SI-AT11057,,Rodco_09.07.2026__SI-AT11057.png,,
Rodco 09.07.2026.xlsx,BRAKE SYSTEM,4,SI-AT92002,,Rodco_09.07.2026__SI-AT92002.png,,
Rodco 09.07.2026.xlsx,BRAKE SYSTEM,5,SI-AT92003,,Rodco_09.07.2026__SI-AT92003.png,,
Rodco 09.07.2026.xlsx,BRAKE SYSTEM,6,SI-AT92006,,Rodco_09.07.2026__SI-AT92006.png,,
Rodco 09.07.2026.xlsx,BRAKE SYSTEM,7,SI-AT92007,,Rodco_09.07.2026__SI-AT92007.png,,
Rodco 09.07.2026.xlsx,BRAKE SYSTEM,8,SI-AT92008,,Rodco_09.07.2026__SI-AT92008.png,,
Rodco 09.07.2026.xlsx,BRAKE SYSTEM,9,SI-AT92009,,Rodco_09.07.2026__SI-AT92009.png,,
Rodco 09.07.2026.xlsx,BRAKE SYSTEM,10,SI-AT92010,,Rodco_09.07.2026__SI-AT92010.png,,
Rodco 09.07.2026.xlsx,BRAKE SYSTEM,11,SI-AT92011,,Rodco_09.07.2026__SI-AT92011.png,,
Rodco 09.07.2026.xlsx,BRAKE SYSTEM,13,SI-AT92013,,Rodco_09.07.2026__SI-AT92013.png,,
Rodco 09.07.2026.xlsx,BRAKE SYSTEM,3,SI-AT92001,,Rodco_09.07.2026__SI-AT92001.jpg,,
Rodco 09.07.2026.xlsx,BRAKE SYSTEM,14,SI-AT92004,,Rodco_09.07.2026__SI-AT92004.png,,
Rodco 09.07.2026.xlsx,BRAKE SYSTEM,15,SI-AT92005,,Rodco_09.07.2026__SI-AT92005.png,,
Rodco 09.07.2026.xlsx,INTAKE MANIFOLD,6,SI-AT75034,,Rodco_09.07.2026__SI-AT75034.jpg,,
Rodco 09.07.2026.xlsx,INTAKE MANIFOLD,2,SI-AT75027,,Rodco_09.07.2026__SI-AT75027.jpg,,
Rodco 09.07.2026.xlsx,INTAKE MANIFOLD,3,SI-AT75030,,Rodco_09.07.2026__SI-AT75030.jpg,,
Rodco 09.07.2026.xlsx,INTAKE MANIFOLD,8,SI-AT75029,,Rodco_09.07.2026__SI-AT75029.jpg,,
Rodco 09.07.2026.xlsx,INTAKE MANIFOLD,4,SI-AT75031,,Rodco_09.07.2026__SI-AT75031.jpg,,
Rodco 09.07.2026.xlsx,INTAKE MANIFOLD,5,SI-AT75032,,Rodco_09.07.2026__SI-AT75032.jpg,,
Rodco 09.07.2026.xlsx,INTAKE MANIFOLD,9,SI-AT75033,,Rodco_09.07.2026__SI-AT75033.jpg,,
Rodco 09.07.2026.xlsx,INTAKE MANIFOLD,7,SI-AT75028,,Rodco_09.07.2026__SI-AT75028.jpg,,
Rodco 09.07.2026.xlsx,INTAKE MANIFOLD,23,SI-AT58063,,Rodco_09.07.2026__SI-AT58063.jpg,,
Rodco 09.07.2026.xlsx,INTAKE MANIFOLD,25,SI-AT58099,,Rodco_09.07.2026__SI-AT58099.jpg,,
Rodco 09.07.2026.xlsx,INTAKE MANIFOLD,24,SI-AT58099,,Rodco_09.07.2026__SI-AT58099-2.jpg,,
Rodco 09.07.2026.xlsx,INTAKE MANIFOLD,26,SI-AT11077,,Rodco_09.07.2026__SI-AT11077.jpg,,
Rodco 09.07.2026.xlsx,INTAKE MANIFOLD,27,SI-AT11247,,Rodco_09.07.2026__SI-AT11247.jpg,,
Rodco 09.07.2026.xlsx,INTAKE MANIFOLD,28,SI-AT11396,,Rodco_09.07.2026__SI-AT11396.jpg,,
Rodco 09.07.2026.xlsx,INTAKE MANIFOLD,29,SI-AT11415,,Rodco_09.07.2026__SI-AT11415.jpg,,
Rodco 09.07.2026.xlsx,INTAKE MANIFOLD,30,SI-AT11448,,Rodco_09.07.2026__SI-AT11448.png,,
Rodco 09.07.2026.xlsx,INTAKE MANIFOLD,10,300116.0,,Rodco_09.07.2026__300116.0.png,,
Rodco 09.07.2026.xlsx,INTAKE MANIFOLD,11,300117.0,,Rodco_09.07.2026__300117.0.png,,
Rodco 09.07.2026.xlsx,INTAKE MANIFOLD,12,300122.0,,Rodco_09.07.2026__300122.0.png,,
Rodco 09.07.2026.xlsx,INTAKE MANIFOLD,13,300123.0,,Rodco_09.07.2026__300123.0.png,,
Rodco 09.07.2026.xlsx,INTAKE MANIFOLD,14,300679.0,,Rodco_09.07.2026__300679.0.png,,
Rodco 09.07.2026.xlsx,INTAKE MANIFOLD,15,300-620,,Rodco_09.07.2026__300-620.png,,
Rodco 09.07.2026.xlsx,INTAKE MANIFOLD,16,IM3242,,Rodco_09.07.2026__IM3242.png,,
Rodco 09.07.2026.xlsx,INTAKE MANIFOLD,17,IM3241,,Rodco_09.07.2026__IM3241.png,,
Rodco 09.07.2026.xlsx,INTAKE MANIFOLD,18,IM7322,,Rodco_09.07.2026__IM7322.png,,
Rodco 09.07.2026.xlsx,INTAKE MANIFOLD,19,IM7321,,Rodco_09.07.2026__IM7321.png,,
Rodco 09.07.2026.xlsx,INTAKE MANIFOLD,20,IM7222,,Rodco_09.07.2026__IM7222.png,,
Rodco 09.07.2026.xlsx,INTAKE MANIFOLD,21,IM7221,,Rodco_09.07.2026__IM7221.png,,
Rodco 09.07.2026.xlsx,DRESS UP,98,07-0303-PO,,Rodco_09.07.2026__07-0303-PO.jpg,,
Rodco 09.07.2026.xlsx,DRESS UP,93,07-0301-C,,Rodco_09.07.2026__07-0301-C.jpg,,
Rodco 09.07.2026.xlsx,DRESS UP,94,07-0301-BK,,Rodco_09.07.2026__07-0301-BK.jpg,,
Rodco 09.07.2026.xlsx,DRESS UP,95,07-0301-OR,,Rodco_09.07.2026__07-0301-OR.jpg,,
Rodco 09.07.2026.xlsx,DRESS UP,96,07-0302-C,,Rodco_09.07.2026__07-0302-C.jpg,,
Rodco 09.07.2026.xlsx,DRESS UP,100,07-0304,,Rodco_09.07.2026__07-0304.jpg,,
Rodco 09.07.2026.xlsx,DRESS UP,128,07-0501,,Rodco_09.07.2026__07-0501.jpg,,
Rodco 09.07.2026.xlsx,DRESS UP,130,07-0503,,Rodco_09.07.2026__07-0503.jpg,,
Rodco 09.07.2026.xlsx,DRESS UP,154,07-0801,,Rodco_09.07.2026__07-0801.jpg,,
Rodco 09.07.2026.xlsx,DRESS UP,102,07-0306,,Rodco_09.07.2026__07-0306.jpg,,
Rodco 09.07.2026.xlsx,DRESS UP,150,07-0703,,Rodco_09.07.2026__07-0703.jpg,,
Rodco 09.07.2026.xlsx,DRESS UP,151,07-0703-BK,,Rodco_09.07.2026__07-0703-BK.jpg,,
Rodco 09.07.2026.xlsx,DRESS UP,152,07-0704,,Rodco_09.07.2026__07-0704.jpg,,
Rodco 09.07.2026.xlsx,DRESS UP,153,07-0704-BK,,Rodco_09.07.2026__07-0704-BK.jpg,,
Rodco 09.07.2026.xlsx,DRESS UP,103,07-0307-PO,,Rodco_09.07.2026__07-0307-PO.jpg,,
Rodco 09.07.2026.xlsx,DRESS UP,123,07-0317,,Rodco_09.07.2026__07-0317.jpg,,
Rodco 09.07.2026.xlsx,DRESS UP,135,07-0602-C,,Rodco_09.07.2026__07-0602-C.jpg,,
Rodco 09.07.2026.xlsx,DRESS UP,136,07-0602-BK,,Rodco_09.07.2026__07-0602-BK.jpg,,
Rodco 09.07.2026.xlsx,DRESS UP,147,07-0701,,Rodco_09.07.2026__07-0701.jpg,,
Rodco 09.07.2026.xlsx,DRESS UP,148,07-0702,,Rodco_09.07.2026__07-0702.jpg,,
Rodco 09.07.2026.xlsx,DRESS UP,149,07-0702-BK,,Rodco_09.07.2026__07-0702-BK.jpg,,
Rodco 09.07.2026.xlsx,DRESS UP,134,07-0601-BK,,Rodco_09.07.2026__07-0601-BK.jpg,,
Rodco 09.07.2026.xlsx,DRESS UP,133,07-0601-C,,Rodco_09.07.2026__07-0601-C.jpg,,
Rodco 09.07.2026.xlsx,DRESS UP,139,07-0605,,Rodco_09.07.2026__07-0605.jpg,,
Rodco 09.07.2026.xlsx,DRESS UP,82,07-0204,,Rodco_09.07.2026__07-0204.jpg,,
Rodco 09.07.2026.xlsx,DRESS UP,89,07-0209,,Rodco_09.07.2026__07-0209.png,,
Rodco 09.07.2026.xlsx,DRESS UP,85,07-0205-CK,,Rodco_09.07.2026__07-0205-CK.jpg,,
Rodco 09.07.2026.xlsx,DRESS UP,87,07-0207,,Rodco_09.07.2026__07-0207.jpg,,
Rodco 09.07.2026.xlsx,DRESS UP,84,07-0205,,Rodco_09.07.2026__07-0205.jpg,,
Rodco 09.07.2026.xlsx,DRESS UP,83,07-0204-BL,,Rodco_09.07.2026__07-0204-BL.jpg,,
Rodco 09.07.2026.xlsx,DRESS UP,75,07-0201-BL,,Rodco_09.07.2026__07-0201-BL.jpg,,
Rodco 09.07.2026.xlsx,DRESS UP,76,07-0201-BK,,Rodco_09.07.2026__07-0201-BK.jpg,,
Rodco 09.07.2026.xlsx,DRESS UP,90,07-0210,,Rodco_09.07.2026__07-0210.jpg,,
Rodco 09.07.2026.xlsx,DRESS UP,78,07-0202,,Rodco_09.07.2026__07-0202.jpg,,
Rodco 09.07.2026.xlsx,DRESS UP,88,07-0208,,Rodco_09.07.2026__07-0208.jpg,,
Rodco 09.07.2026.xlsx,DRESS UP,42,07-0125-BK,,Rodco_09.07.2026__07-0125-BK.jpg,,
Rodco 09.07.2026.xlsx,DRESS UP,3,07-0101,,Rodco_09.07.2026__07-0101.jpg,,
Rodco 09.07.2026.xlsx,DRESS UP,4,07-0101-BK,,Rodco_09.07.2026__07-0101-BK.jpg,,
Rodco 09.07.2026.xlsx,DRESS UP,18,07-0108,,Rodco_09.07.2026__07-0108.png,,
Rodco 09.07.2026.xlsx,DRESS UP,19,07-0108-BK,,Rodco_09.07.2026__07-0108-BK.jpg,,
Rodco 09.07.2026.xlsx,DRESS UP,43,07-0125-S,,Rodco_09.07.2026__07-0125-S.jpg,,
Rodco 09.07.2026.xlsx,DRESS UP,44,07-0125-PO,,Rodco_09.07.2026__07-0125-PO.jpg,,
Rodco 09.07.2026.xlsx,DRESS UP,45,07-0125-R,,Rodco_09.07.2026__07-0125-R.jpg,,
Rodco 09.07.2026.xlsx,DRESS UP,46,07-0125-OR,,Rodco_09.07.2026__07-0125-OR.jpg,,
Rodco 09.07.2026.xlsx,DRESS UP,20,07-0109,,Rodco_09.07.2026__07-0109.png,,
Rodco 09.07.2026.xlsx,DRESS UP,21,07-0109-BK,,Rodco_09.07.2026__07-0109-BK.jpg,,
Rodco 09.07.2026.xlsx,DRESS UP,25,07-0112,,Rodco_09.07.2026__07-0112.jpg,,
Rodco 09.07.2026.xlsx,DRESS UP,26,07-0113,,Rodco_09.07.2026__07-0113.jpg,,
Rodco 09.07.2026.xlsx,DRESS UP,27,07-0113-BK,,Rodco_09.07.2026__07-0113-BK.jpg,,
Rodco 09.07.2026.xlsx,DRESS UP,31,07-0117,,Rodco_09.07.2026__07-0117.jpg,,
Rodco 09.07.2026.xlsx,DRESS UP,33,07-0118,,Rodco_09.07.2026__07-0118.jpg,,
Rodco 09.07.2026.xlsx,DRESS UP,34,07-0118-BK,,Rodco_09.07.2026__07-0118-BK.jpg,,
Rodco 09.07.2026.xlsx,DRESS UP,5,07-0102,,Rodco_09.07.2026__07-0102.jpg,,
Rodco 09.07.2026.xlsx,DRESS UP,8,07-0103,,Rodco_09.07.2026__07-0103.jpg,,
Rodco 09.07.2026.xlsx,DRESS UP,11,07-0104,,Rodco_09.07.2026__07-0104.jpg,,
Rodco 09.07.2026.xlsx,DRESS UP,48,07-0127-BK,,Rodco_09.07.2026__07-0127-BK.jpg,,
Rodco 09.07.2026.xlsx,DRESS UP,49,07-0127-S,,Rodco_09.07.2026__07-0127-S.jpg,,
Rodco 09.07.2026.xlsx,DRESS UP,50,07-0127-PO,,Rodco_09.07.2026__07-0127-PO.jpg,,
Rodco 09.07.2026.xlsx,DRESS UP,10,07-0103-F,,Rodco_09.07.2026__07-0103-F.jpg,,
Rodco 09.07.2026.xlsx,DRESS UP,12,07-0104-F,,Rodco_09.07.2026__07-0104-F.jpg,,
Rodco 09.07.2026.xlsx,DRESS UP,29,07-0115,,Rodco_09.07.2026__07-0115.jpg,,
Rodco 09.07.2026.xlsx,DRESS UP,30,07-0116,,Rodco_09.07.2026__07-0116.jpg,,
Rodco 09.07.2026.xlsx,DRESS UP,64,07-0138-BK,,Rodco_09.07.2026__07-0138-BK.jpg,,
Rodco 09.07.2026.xlsx,DRESS UP,66,07-0138-PO,,Rodco_09.07.2026__07-0138-PO.jpg,,
Rodco 09.07.2026.xlsx,DRESS UP,65,07-0138-S,,Rodco_09.07.2026__07-0138-S.jpg,,
Rodco 09.07.2026.xlsx,DRESS UP,54,07-0129-R,,Rodco_09.07.2026__07-0129-R.jpg,,
Rodco 09.07.2026.xlsx,DRESS UP,55,07-0129-OR,,Rodco_09.07.2026__07-0129-OR.jpg,,
Rodco 09.07.2026.xlsx,DRESS UP,28,07-0114,,Rodco_09.07.2026__07-0114.jpg,,
Rodco 09.07.2026.xlsx,DRESS UP,51,07-0128-BK,,Rodco_09.07.2026__07-0128-BK.jpg,,
Rodco 09.07.2026.xlsx,DRESS UP,52,07-0128-S,,Rodco_09.07.2026__07-0128-S.jpg,,
Rodco 09.07.2026.xlsx,DRESS UP,53,07-0128-PO,,Rodco_09.07.2026__07-0128-PO.jpg,,
Rodco 09.07.2026.xlsx,DRESS UP,201,07-1102,,Rodco_09.07.2026__07-1102.jpg,,
Rodco 09.07.2026.xlsx,DRESS UP,202,07-1103,,Rodco_09.07.2026__07-1103.jpg,,
Rodco 09.07.2026.xlsx,DRESS UP,203,07-1104,,Rodco_09.07.2026__07-1104.jpg,,
Rodco 09.07.2026.xlsx,DRESS UP,205,07-1106,,Rodco_09.07.2026__07-1106.jpg,,
Rodco 09.07.2026.xlsx,DRESS UP,206,07-1107,,Rodco_09.07.2026__07-1107.jpg,,
Rodco 09.07.2026.xlsx,DRESS UP,200,07-1101,,Rodco_09.07.2026__07-1101.jpg,,
Rodco 09.07.2026.xlsx,DRESS UP,204,07-1105,,Rodco_09.07.2026__07-1105.jpg,,
Rodco 09.07.2026.xlsx,DRESS UP,183,07-1001-R,,Rodco_09.07.2026__07-1001-R.jpg,,
Rodco 09.07.2026.xlsx,DRESS UP,184,07-1001-BK,,Rodco_09.07.2026__07-1001-BK.jpg,,
Rodco 09.07.2026.xlsx,DRESS UP,185,07-1001-BL,,Rodco_09.07.2026__07-1001-BL.jpg,,
Rodco 09.07.2026.xlsx,DRESS UP,186,07-1002-R,,Rodco_09.07.2026__07-1002-R.jpg,,
Rodco 09.07.2026.xlsx,DRESS UP,187,07-1002-BK,,Rodco_09.07.2026__07-1002-BK.jpg,,
Rodco 09.07.2026.xlsx,DRESS UP,188,07-1002-BL,,Rodco_09.07.2026__07-1002-BL.jpg,,
Rodco 09.07.2026.xlsx,DRESS UP,189,07-1003-R,,Rodco_09.07.2026__07-1003-R.jpg,,
Rodco 09.07.2026.xlsx,DRESS UP,191,07-1003-BL,,Rodco_09.07.2026__07-1003-BL.jpg,,
Rodco 09.07.2026.xlsx,DRESS UP,190,07-1003-BK,,Rodco_09.07.2026__07-1003-BK.jpg,,
Rodco 09.07.2026.xlsx,DRESS UP,193,07-1004-BK,,Rodco_09.07.2026__07-1004-BK.jpg,,
Rodco 09.07.2026.xlsx,DRESS UP,192,07-1004-R,,Rodco_09.07.2026__07-1004-R.jpg,,
Rodco 09.07.2026.xlsx,DRESS UP,194,07-1004-BL,,Rodco_09.07.2026__07-1004-BL.jpg,,
Rodco 09.07.2026.xlsx,DRESS UP,156,07-0901-PO,,Rodco_09.07.2026__07-0901-PO.jpg,,
Rodco 09.07.2026.xlsx,DRESS UP,157,07-0901-BK,,Rodco_09.07.2026__07-0901-BK.jpg,,
Rodco 09.07.2026.xlsx,DRESS UP,162,07-0902-BK,,Rodco_09.07.2026__07-0902-BK.jpg,,
Rodco 09.07.2026.xlsx,DRESS UP,161,07-0902-PO,,Rodco_09.07.2026__07-0902-PO.jpg,,
Rodco 09.07.2026.xlsx,DRESS UP,195,07-1005,,Rodco_09.07.2026__07-1005.jpg,,
Rodco 09.07.2026.xlsx,DRESS UP,196,07-1005-R,,Rodco_09.07.2026__07-1005-R.jpg,,
Rodco 09.07.2026.xlsx,DRESS UP,197,07-1005-BK,,Rodco_09.07.2026__07-1005-BK.jpg,,
Rodco 09.07.2026.xlsx,DRESS UP,198,07-1005-BL,,Rodco_09.07.2026__07-1005-BL.jpg,,
Rodco 09.07.2026.xlsx,DRESS UP,174,07-0905-R,,Rodco_09.07.2026__07-0905-R.jpg,,
Rodco 09.07.2026.xlsx,DRESS UP,175,07-0905-BK,,Rodco_09.07.2026__07-0905-BK.jpg,,
Rodco 09.07.2026.xlsx,DRESS UP,177,07-0906-BK,,Rodco_09.07.2026__07-0906-BK.jpg,,
Rodco 09.07.2026.xlsx,DRESS UP,176,07-0906-PO,,Rodco_09.07.2026__07-0906-PO.jpg,,
Rodco 09.07.2026.xlsx,DRESS UP,226,07-1504,,Rodco_09.07.2026__07-1504.jpg,,
Rodco 09.07.2026.xlsx,DRESS UP,228,07-1506,,Rodco_09.07.2026__07-1506.jpg,,
Rodco 09.07.2026.xlsx,DRESS UP,241,07-1701,,Rodco_09.07.2026__07-1701.jpg,,
Rodco 09.07.2026.xlsx,DRESS UP,242,07-1702,,Rodco_09.07.2026__07-1702.jpg,,
Rodco 09.07.2026.xlsx,DRESS UP,221,07-1501,,Rodco_09.07.2026__07-1501.jpg,,
Rodco 09.07.2026.xlsx,DRESS UP,222,07-1501-BK,,Rodco_09.07.2026__07-1501-BK.jpg,,
Rodco 09.07.2026.xlsx,DRESS UP,224,07-1502-BK,,Rodco_09.07.2026__07-1502-BK.jpg,,
Rodco 09.07.2026.xlsx,DRESS UP,223,07-1502,,Rodco_09.07.2026__07-1502.jpg,,
Rodco 09.07.2026.xlsx,DRESS UP,225,07-1503,,Rodco_09.07.2026__07-1503.jpg,,
Rodco 09.07.2026.xlsx,DRESS UP,227,07-1505,,Rodco_09.07.2026__07-1505.jpg,,
Rodco 09.07.2026.xlsx,DRESS UP,229,07-1507,,Rodco_09.07.2026__07-1507.jpg,,
Rodco 09.07.2026.xlsx,DRESS UP,230,07-1508,,Rodco_09.07.2026__07-1508.jpg,,
Rodco 09.07.2026.xlsx,DRESS UP,236,07-1602,,Rodco_09.07.2026__07-1602.jpg,,
Rodco 09.07.2026.xlsx,DRESS UP,235,07-1601,,Rodco_09.07.2026__07-1601.jpg,,
Rodco 09.07.2026.xlsx,DRESS UP,237,07-1603,,Rodco_09.07.2026__07-1603.jpg,,
Rodco 09.07.2026.xlsx,DRESS UP,239,07-1605,,Rodco_09.07.2026__07-1605.jpg,,
Rodco 09.07.2026.xlsx,DRESS UP,272,07-2104,,Rodco_09.07.2026__07-2104.jpg,,
Rodco 09.07.2026.xlsx,DRESS UP,269,07-2101,,Rodco_09.07.2026__07-2101.jpg,,
Rodco 09.07.2026.xlsx,DRESS UP,271,07-2103,,Rodco_09.07.2026__07-2103.jpg,,
Rodco 09.07.2026.xlsx,DRESS UP,273,07-2105,,Rodco_09.07.2026__07-2105.jpg,,
Rodco 09.07.2026.xlsx,DRESS UP,270,07-2102,,Rodco_09.07.2026__07-2102.jpg,,
Rodco 09.07.2026.xlsx,DRESS UP,274,07-2106,,Rodco_09.07.2026__07-2106.jpg,,
Rodco 09.07.2026.xlsx,DRESS UP,257,07-1903,,Rodco_09.07.2026__07-1903.jpg,,
Rodco 09.07.2026.xlsx,DRESS UP,261,07-1904,,Rodco_09.07.2026__07-1904.jpg,,
Rodco 09.07.2026.xlsx,DRESS UP,256,07-1902,,Rodco_09.07.2026__07-1902.jpg,,
Rodco 09.07.2026.xlsx,DRESS UP,255,07-1901-BK,,Rodco_09.07.2026__07-1901-BK.jpg,,
Rodco 09.07.2026.xlsx,DRESS UP,253,07-1901-R,,Rodco_09.07.2026__07-1901-R.jpg,,
Rodco 09.07.2026.xlsx,DRESS UP,254,07-1901-BL,,Rodco_09.07.2026__07-1901-BL.jpg,,
Rodco 09.07.2026.xlsx,DRESS UP,258,07-1903-R,,Rodco_09.07.2026__07-1903-R.jpg,,
Rodco 09.07.2026.xlsx,DRESS UP,259,07-1903-BL,,Rodco_09.07.2026__07-1903-BL.jpg,,
Rodco 09.07.2026.xlsx,DRESS UP,260,07-1903-BK,,Rodco_09.07.2026__07-1903-BK.jpg,,
Rodco 09.07.2026.xlsx,DRESS UP,276,07-2202,,Rodco_09.07.2026__07-2202.jpg,,
Rodco 09.07.2026.xlsx,DRESS UP,278,07-2203,,Rodco_09.07.2026__07-2203.jpg,,
Rodco 09.07.2026.xlsx,DRESS UP,280,07-2204,,Rodco_09.07.2026__07-2204.jpg,,
Rodco 09.07.2026.xlsx,DRESS UP,281,07-2204-BK,,Rodco_09.07.2026__07-2204-BK.jpg,,
Rodco 09.07.2026.xlsx,DRESS UP,282,07-2205,,Rodco_09.07.2026__07-2205.jpg,,
Rodco 09.07.2026.xlsx,DRESS UP,286,07-2207,,Rodco_09.07.2026__07-2207.jpg,,
Rodco 09.07.2026.xlsx,DRESS UP,283,07-2205-BK,,Rodco_09.07.2026__07-2205-BK.jpg,,
Rodco 09.07.2026.xlsx,DRESS UP,285,07-2206-BK,,Rodco_09.07.2026__07-2206-BK.jpg,,
Rodco 09.07.2026.xlsx,DRESS UP,287,07-2208,,Rodco_09.07.2026__07-2208.jpg,,
Rodco 09.07.2026.xlsx,DRESS UP,264,07-2001-R,,Rodco_09.07.2026__07-2001-R.jpg,,
Rodco 09.07.2026.xlsx,DRESS UP,263,07-2001-BK,,Rodco_09.07.2026__07-2001-BK.jpg,,
Rodco 09.07.2026.xlsx,DRESS UP,267,07-2003,,Rodco_09.07.2026__07-2003.jpg,,
Rodco 09.07.2026.xlsx,DRESS UP,266,07-2002-R,,Rodco_09.07.2026__07-2002-R.jpg,,
Rodco 09.07.2026.xlsx,DRESS UP,265,07-2002-BK,,Rodco_09.07.2026__07-2002-BK.jpg,,
Rodco 09.07.2026.xlsx,DRESS UP,246,07-1801-PO,,Rodco_09.07.2026__07-1801-PO.jpg,,
Rodco 09.07.2026.xlsx,DRESS UP,247,07-1802-BK,,Rodco_09.07.2026__07-1802-BK.jpg,,
Rodco 09.07.2026.xlsx,DRESS UP,245,07-1801-BK,,Rodco_09.07.2026__07-1801-BK.jpg,,
Rodco 09.07.2026.xlsx,DRESS UP,248,07-1802-PO,,Rodco_09.07.2026__07-1802-PO.jpg,,
Rodco 09.07.2026.xlsx,DRESS UP,290,07-2301,,Rodco_09.07.2026__07-2301.jpg,,
Rodco 09.07.2026.xlsx,DRESS UP,293,07-2401-C,,Rodco_09.07.2026__07-2401-C.jpg,,
Rodco 09.07.2026.xlsx,DRESS UP,295,07-2402-C,,Rodco_09.07.2026__07-2402-C.jpg,,
Rodco 09.07.2026.xlsx,DRESS UP,297,07-2403,,Rodco_09.07.2026__07-2403.jpg,,
Rodco 09.07.2026.xlsx,DRESS UP,302,07-2406-C,,Rodco_09.07.2026__07-2406-C.jpg,,
Rodco 09.07.2026.xlsx,DRESS UP,300,07-2405-C,,Rodco_09.07.2026__07-2405-C.jpg,,
Rodco 09.07.2026.xlsx,DRESS UP,307,07-2409,,Rodco_09.07.2026__07-2409.jpg,,
Rodco 09.07.2026.xlsx,DRESS UP,304,07-2407,,Rodco_09.07.2026__07-2407.jpg,,
Rodco 09.07.2026.xlsx,DRESS UP,306,07-2408,,Rodco_09.07.2026__07-2408.jpg,,
Rodco 09.07.2026.xlsx,DRESS UP,122,07-0316,,Rodco_09.07.2026__07-0316.jpg,,
Rodco 09.07.2026.xlsx,DRESS UP,142,07-0607-BK,,Rodco_09.07.2026__07-0607-BK.png,,
Rodco 09.07.2026.xlsx,DRESS UP,144,07-0609,,Rodco_09.07.2026__07-0609.png,,
Rodco 09.07.2026.xlsx,DRESS UP,137,07-0603,,Rodco_09.07.2026__07-0603.png,,
Rodco 09.07.2026.xlsx,DRESS UP,138,07-0604,,Rodco_09.07.2026__07-0604.png,,
Rodco 09.07.2026.xlsx,DRESS UP,140,07-0606,,Rodco_09.07.2026__07-0606.png,,
Rodco 09.07.2026.xlsx,DRESS UP,212,07-1401,,Rodco_09.07.2026__07-1401.png,,
Rodco 09.07.2026.xlsx,DRESS UP,213,07-1401-BK,,Rodco_09.07.2026__07-1401-BK.png,,
Rodco 09.07.2026.xlsx,DRESS UP,214,07-1402,,Rodco_09.07.2026__07-1402.png,,
Rodco 09.07.2026.xlsx,DRESS UP,215,07-1402-BK,,Rodco_09.07.2026__07-1402-BK.png,,
Rodco 09.07.2026.xlsx,DRESS UP,216,07-1403,,Rodco_09.07.2026__07-1403.png,,
Rodco 09.07.2026.xlsx,DRESS UP,217,07-1403-BK,,Rodco_09.07.2026__07-1403-BK.png,,
Rodco 09.07.2026.xlsx,DRESS UP,218,07-1404,,Rodco_09.07.2026__07-1404.png,,
Rodco 09.07.2026.xlsx,DRESS UP,219,07-1404-BK,,Rodco_09.07.2026__07-1404-BK.png,,
Rodco 09.07.2026.xlsx,DRESS UP,99,07-0303-BK,,Rodco_09.07.2026__07-0303-BK.png,,
Rodco 09.07.2026.xlsx,DRESS UP,104,07-0307-BK,,Rodco_09.07.2026__07-0307-BK.png,,
Rodco 09.07.2026.xlsx,DRESS UP,109,07-0310,,Rodco_09.07.2026__07-0310.png,,
Rodco 09.07.2026.xlsx,DRESS UP,110,07-0310-BK,,Rodco_09.07.2026__07-0310-BK.png,,
Rodco 09.07.2026.xlsx,DRESS UP,111,07-0311,,Rodco_09.07.2026__07-0311.png,,
Rodco 09.07.2026.xlsx,DRESS UP,112,07-0311-BK,,Rodco_09.07.2026__07-0311-BK.png,,
Rodco 09.07.2026.xlsx,DRESS UP,207,07-1201,,Rodco_09.07.2026__07-1201.png,,
Rodco 09.07.2026.xlsx,DRESS UP,208,07-1202,,Rodco_09.07.2026__07-1202.png,,
Rodco 09.07.2026.xlsx,DRESS UP,209,07-1203,,Rodco_09.07.2026__07-1203.png,,
Rodco 09.07.2026.xlsx,DRESS UP,210,07-1301,,Rodco_09.07.2026__07-1301.png,,
Rodco 09.07.2026.xlsx,DRESS UP,296,07-2402-BK,,Rodco_09.07.2026__07-2402-BK.png,,
Rodco 09.07.2026.xlsx,DRESS UP,305,07-2407-BK,,Rodco_09.07.2026__07-2407-BK.png,,
Rodco 09.07.2026.xlsx,DRESS UP,298,07-2404-C,,Rodco_09.07.2026__07-2404-C.png,,
Rodco 09.07.2026.xlsx,DRESS UP,301,07-2405-BK,,Rodco_09.07.2026__07-2405-BK.png,,
Rodco 09.07.2026.xlsx,DRESS UP,252,07-1901,,Rodco_09.07.2026__07-1901.png,,
Rodco 09.07.2026.xlsx,DRESS UP,262,07-1905,,Rodco_09.07.2026__07-1905.png,,
Rodco 09.07.2026.xlsx,DRESS UP,172,07-0904-R,,Rodco_09.07.2026__07-0904-R.png,,
Rodco 09.07.2026.xlsx,DRESS UP,173,07-0904-BK,,Rodco_09.07.2026__07-0904-BK.png,,
Rodco 09.07.2026.xlsx,DRESS UP,119,07-0315-C,,Rodco_09.07.2026__07-0315-C.png,,
Rodco 09.07.2026.xlsx,DRESS UP,120,07-0315-R,,Rodco_09.07.2026__07-0315-R.png,,
Rodco 09.07.2026.xlsx,DRESS UP,121,07-0315-BK,,Rodco_09.07.2026__07-0315-BK.png,,
Rodco 09.07.2026.xlsx,DRESS UP,170,07-0903-BL,,Rodco_09.07.2026__07-0903-BL.png,,
Rodco 09.07.2026.xlsx,DRESS UP,171,07-0903-BK,,Rodco_09.07.2026__07-0903-BK.png,,
Rodco 09.07.2026.xlsx,DRESS UP,129,07-0502,,Rodco_09.07.2026__07-0502.png,,
Rodco 09.07.2026.xlsx,DRESS UP,131,07-0504,,Rodco_09.07.2026__07-0504.jpg,,
Rodco 09.07.2026.xlsx,DRESS UP,275,07-2201,,Rodco_09.07.2026__07-2201.png,,
Rodco 09.07.2026.xlsx,DRESS UP,238,07-1604,,Rodco_09.07.2026__07-1604.png,,
Rodco 09.07.2026.xlsx,DRESS UP,79,07-0203-BK,,Rodco_09.07.2026__07-0203-BK.png,,
Rodco 09.07.2026.xlsx,DRESS UP,80,07-0203-BL,,Rodco_09.07.2026__07-0203-BL.png,,
Rodco 09.07.2026.xlsx,DRESS UP,81,07-0203-CK,,Rodco_09.07.2026__07-0203-CK.png,,
Rodco 09.07.2026.xlsx,DRESS UP,86,07-0206,,Rodco_09.07.2026__07-0206.png,,
Rodco 09.07.2026.xlsx,DRESS UP,91,07-0211,,Rodco_09.07.2026__07-0211.png,,
Rodco 09.07.2026.xlsx,DRESS UP,240,07-1606,,Rodco_09.07.2026__07-1606.png,,
Rodco 09.07.2026.xlsx,DRESS UP,291,07-2302,,Rodco_09.07.2026__07-2302.png,,
Rodco 09.07.2026.xlsx,DRESS UP,32,07-0117-BK,,Rodco_09.07.2026__07-0117-BK.png,,
Rodco 09.07.2026.xlsx,DRESS UP,6,07-0102-BK,,Rodco_09.07.2026__07-0102-BK.png,,
Rodco 09.07.2026.xlsx,DRESS UP,9,07-0103-BK,,Rodco_09.07.2026__07-0103-BK.png,,
Rodco 09.07.2026.xlsx,DRESS UP,231,07-1508-BK,,Rodco_09.07.2026__07-1508-BK.png,,
Rodco 09.07.2026.xlsx,DRESS UP,14,07-0105-BK,,Rodco_09.07.2026__07-0105-BK.png,,
Rodco 09.07.2026.xlsx,DRESS UP,15,07-0106,,Rodco_09.07.2026__07-0106.png,,
Rodco 09.07.2026.xlsx,DRESS UP,232,07-1509,,Rodco_09.07.2026__07-1509.png,,
Rodco 09.07.2026.xlsx,DRESS UP,16,07-0107,,Rodco_09.07.2026__07-0107.png,,
Rodco 09.07.2026.xlsx,DRESS UP,17,07-0107-BK,,Rodco_09.07.2026__07-0107-BK.png,,
Rodco 09.07.2026.xlsx,DRESS UP,233,07-1510,,Rodco_09.07.2026__07-1510.png,,
Rodco 09.07.2026.xlsx,DRESS UP,56,07-0130,,Rodco_09.07.2026__07-0130.png,,
Rodco 09.07.2026.xlsx,DRESS UP,39,07-0122,,Rodco_09.07.2026__07-0122.png,,
Rodco 09.07.2026.xlsx,DRESS UP,57,07-0131,,Rodco_09.07.2026__07-0131.png,,
Rodco 09.07.2026.xlsx,DRESS UP,24,07-0111,,Rodco_09.07.2026__07-0111.png,,
Rodco 09.07.2026.xlsx,DRESS UP,35,07-0119,,Rodco_09.07.2026__07-0119.png,,
Rodco 09.07.2026.xlsx,DRESS UP,41,07-0124,,Rodco_09.07.2026__07-0124.png,,
Rodco 09.07.2026.xlsx,DRESS UP,36,07-0120,,Rodco_09.07.2026__07-0120.png,,
Rodco 09.07.2026.xlsx,DRESS UP,40,07-0123,,Rodco_09.07.2026__07-0123.png,,
Rodco 09.07.2026.xlsx,DRESS UP,47,07-0126,,Rodco_09.07.2026__07-0126.png,,
Rodco 09.07.2026.xlsx,DRESS UP,58,07-0132,,Rodco_09.07.2026__07-0132.png,,
Rodco 09.07.2026.xlsx,DRESS UP,58,07-0132,,Rodco_09.07.2026__07-0132-2.png,,
Rodco 09.07.2026.xlsx,DRESS UP,67,07-0139,,Rodco_09.07.2026__07-0139.png,,
Rodco 09.07.2026.xlsx,DRESS UP,68,07-0140,,Rodco_09.07.2026__07-0140.png,,
Rodco 09.07.2026.xlsx,DRESS UP,59,07-0133,,Rodco_09.07.2026__07-0133.png,,
Rodco 09.07.2026.xlsx,DRESS UP,60,07-0134,,Rodco_09.07.2026__07-0134.png,,
Rodco 09.07.2026.xlsx,DRESS UP,69,07-0141,,Rodco_09.07.2026__07-0141.png,,
Rodco 09.07.2026.xlsx,DRESS UP,70,07-0142,,Rodco_09.07.2026__07-0142.png,,
Rodco 09.07.2026.xlsx,DRESS UP,62,07-0136,,Rodco_09.07.2026__07-0136.png,,
Rodco 09.07.2026.xlsx,DRESS UP,63,07-0137,,Rodco_09.07.2026__07-0137.png,,
Rodco 09.07.2026.xlsx,DRESS UP,71,07-0143,,Rodco_09.07.2026__07-0143.png,,
Rodco 09.07.2026.xlsx,DRESS UP,126,07-0401,,Rodco_09.07.2026__07-0401.jpg,,
Rodco 09.07.2026.xlsx,DRESS UP,127,07-0402,,Rodco_09.07.2026__07-0402.jpg,,
Rodco 09.07.2026.xlsx,FUEL DELIVERY,28,SI-AT11144-B,,Rodco_09.07.2026__SI-AT11144-B.jpg,,
Rodco 09.07.2026.xlsx,FUEL DELIVERY,27,SI-AT11144,,Rodco_09.07.2026__SI-AT11144.jpg,,
Rodco 09.07.2026.xlsx,FUEL DELIVERY,29,SI-AT11145,,Rodco_09.07.2026__SI-AT11145.jpg,,
Rodco 09.07.2026.xlsx,FUEL DELIVERY,30,SI-AT11145-B,,Rodco_09.07.2026__SI-AT11145-B.jpg,,
Rodco 09.07.2026.xlsx,FUEL DELIVERY,36,SI-AT11225,,Rodco_09.07.2026__SI-AT11225.jpg,MMR-11225,numeric-core
Rodco 09.07.2026.xlsx,FUEL DELIVERY,3,SI-AT49010,,Rodco_09.07.2026__SI-AT49010.jpg,,
Rodco 09.07.2026.xlsx,FUEL DELIVERY,5,SI-AT49011,,Rodco_09.07.2026__SI-AT49011.jpg,,
Rodco 09.07.2026.xlsx,FUEL DELIVERY,7,SI-AT49012,,Rodco_09.07.2026__SI-AT49012.jpg,,
Rodco 09.07.2026.xlsx,FUEL DELIVERY,9,SI-AT49013,,Rodco_09.07.2026__SI-AT49013.jpg,,
Rodco 09.07.2026.xlsx,FUEL DELIVERY,11,SI-AT49014,,Rodco_09.07.2026__SI-AT49014.jpg,,
Rodco 09.07.2026.xlsx,FUEL DELIVERY,13,SI-AT49015,,Rodco_09.07.2026__SI-AT49015.jpg,,
Rodco 09.07.2026.xlsx,FUEL DELIVERY,15,SI-AT49016,,Rodco_09.07.2026__SI-AT49016.jpg,,
Rodco 09.07.2026.xlsx,FUEL DELIVERY,18,SI-AT49023,,Rodco_09.07.2026__SI-AT49023.jpg,,
Rodco 09.07.2026.xlsx,FUEL DELIVERY,42,SI-AT20096,,Rodco_09.07.2026__SI-AT20096.jpg,,
Rodco 09.07.2026.xlsx,FUEL DELIVERY,40,SI-AT20094,,Rodco_09.07.2026__SI-AT20094.jpg,,
Rodco 09.07.2026.xlsx,FUEL DELIVERY,41,SI-AT20095,,Rodco_09.07.2026__SI-AT20095.jpg,,
Rodco 09.07.2026.xlsx,FUEL DELIVERY,39,SI-AT20093,,Rodco_09.07.2026__SI-AT20093.jpg,,
Rodco 09.07.2026.xlsx,FUEL DELIVERY,38,SI-AT20092,,Rodco_09.07.2026__SI-AT20092.jpg,,
Rodco 09.07.2026.xlsx,FUEL DELIVERY,43,SI-AT20098,,Rodco_09.07.2026__SI-AT20098.jpg,,
Rodco 09.07.2026.xlsx,FUEL DELIVERY,44,SI-AT20100-C,,Rodco_09.07.2026__SI-AT20100-C.jpg,,
Rodco 09.07.2026.xlsx,FUEL DELIVERY,48,SI-AT12032,,Rodco_09.07.2026__SI-AT12032.jpg,,
Rodco 09.07.2026.xlsx,FUEL DELIVERY,49,SI-AT12033,,Rodco_09.07.2026__SI-AT12033.jpg,,
Rodco 09.07.2026.xlsx,FUEL DELIVERY,50,SI-AT12033-BK,,Rodco_09.07.2026__SI-AT12033-BK.jpg,,
Rodco 09.07.2026.xlsx,FUEL DELIVERY,51,SI-AT12034,,Rodco_09.07.2026__SI-AT12034.jpg,,
Rodco 09.07.2026.xlsx,FUEL DELIVERY,52,SI-AT12034-BL,,Rodco_09.07.2026__SI-AT12034-BL.jpg,,
Rodco 09.07.2026.xlsx,FUEL DELIVERY,53,SI-AT12035,,Rodco_09.07.2026__SI-AT12035.jpg,,
Rodco 09.07.2026.xlsx,FUEL DELIVERY,54,SI-AT12037,,Rodco_09.07.2026__SI-AT12037.jpg,,
Rodco 09.07.2026.xlsx,FUEL DELIVERY,55,SI-AT12038,,Rodco_09.07.2026__SI-AT12038.jpg,,
Rodco 09.07.2026.xlsx,FUEL DELIVERY,56,SI-AT12045,,Rodco_09.07.2026__SI-AT12045.jpg,,
Rodco 09.07.2026.xlsx,FUEL DELIVERY,57,SI-AT12060,,Rodco_09.07.2026__SI-AT12060.jpg,,
Rodco 09.07.2026.xlsx,FUEL DELIVERY,59,SI-AT11105,,Rodco_09.07.2026__SI-AT11105.jpg,,
Rodco 09.07.2026.xlsx,FUEL DELIVERY,60,SI-AT11218,,Rodco_09.07.2026__SI-AT11218.jpg,,
Rodco 09.07.2026.xlsx,FUEL DELIVERY,64,SI-AT25007,,Rodco_09.07.2026__SI-AT25007.jpg,,
Rodco 09.07.2026.xlsx,FUEL DELIVERY,65,SI-AT25105,,Rodco_09.07.2026__SI-AT25105.jpg,,
Rodco 09.07.2026.xlsx,FUEL DELIVERY,66,SI-AT25105-BK,,Rodco_09.07.2026__SI-AT25105-BK.jpg,,
Rodco 09.07.2026.xlsx,FUEL DELIVERY,46,SI-AT55001,,Rodco_09.07.2026__SI-AT55001.jpg,,
Rodco 09.07.2026.xlsx,FUEL DELIVERY,62,SI-AT11092,,Rodco_09.07.2026__SI-AT11092.jpg,,
Rodco 09.07.2026.xlsx,FUEL DELIVERY,69,SI-AT39018,,Rodco_09.07.2026__SI-AT39018.jpg,,
Rodco 09.07.2026.xlsx,FUEL DELIVERY,73,SI-AT39020,,Rodco_09.07.2026__SI-AT39020.jpg,,
Rodco 09.07.2026.xlsx,FUEL DELIVERY,75,SI-AT39021,,Rodco_09.07.2026__SI-AT39021.jpg,,
Rodco 09.07.2026.xlsx,FUEL DELIVERY,83,SI-AT39032,,Rodco_09.07.2026__SI-AT39032.jpg,,
Rodco 09.07.2026.xlsx,FUEL DELIVERY,84,SI-AT39032-BK,,Rodco_09.07.2026__SI-AT39032-BK.jpg,,
Rodco 09.07.2026.xlsx,FUEL DELIVERY,70,SI-AT39018-BK,,Rodco_09.07.2026__SI-AT39018-BK.jpg,,
Rodco 09.07.2026.xlsx,FUEL DELIVERY,71,SI-AT39019,,Rodco_09.07.2026__SI-AT39019.jpg,,
Rodco 09.07.2026.xlsx,FUEL DELIVERY,79,SI-AT39023,,Rodco_09.07.2026__SI-AT39023.jpg,,
Rodco 09.07.2026.xlsx,FUEL DELIVERY,80,SI-AT39023-BK,,Rodco_09.07.2026__SI-AT39023-BK.jpg,,
Rodco 09.07.2026.xlsx,FUEL DELIVERY,81,SI-AT39031,,Rodco_09.07.2026__SI-AT39031.jpg,,
Rodco 09.07.2026.xlsx,FUEL DELIVERY,85,SI-AT39040,,Rodco_09.07.2026__SI-AT39040.jpg,,
Rodco 09.07.2026.xlsx,FUEL DELIVERY,86,SI-AT39040-BK,,Rodco_09.07.2026__SI-AT39040-BK.jpg,,
Rodco 09.07.2026.xlsx,FUEL DELIVERY,87,SI-AT39042,,Rodco_09.07.2026__SI-AT39042.jpg,,
Rodco 09.07.2026.xlsx,FUEL DELIVERY,77,SI-AT39043,,Rodco_09.07.2026__SI-AT39043.jpg,,
Rodco 09.07.2026.xlsx,FUEL DELIVERY,76,SI-AT39022,,Rodco_09.07.2026__SI-AT39022.jpg,,
Rodco 09.07.2026.xlsx,FUEL DELIVERY,89,SI-AT39041-BK,,Rodco_09.07.2026__SI-AT39041-BK.jpg,,
Rodco 09.07.2026.xlsx,FUEL DELIVERY,91,SI-AT58023,,Rodco_09.07.2026__SI-AT58023.jpg,,
Rodco 09.07.2026.xlsx,FUEL DELIVERY,99,SI-AT58049-C,,Rodco_09.07.2026__SI-AT58049-C.jpg,,
Rodco 09.07.2026.xlsx,FUEL DELIVERY,97,SI-AT58049-A,,Rodco_09.07.2026__SI-AT58049-A.jpg,,
Rodco 09.07.2026.xlsx,FUEL DELIVERY,98,SI-AT58049-B,,Rodco_09.07.2026__SI-AT58049-B.jpg,,
Rodco 09.07.2026.xlsx,FUEL DELIVERY,103,SI-AT58009,,Rodco_09.07.2026__SI-AT58009.jpg,,
Rodco 09.07.2026.xlsx,FUEL DELIVERY,95,SI-AT58024-A,,Rodco_09.07.2026__SI-AT58024-A.jpg,,
Rodco 09.07.2026.xlsx,FUEL DELIVERY,104,SI-AT58009-B,,Rodco_09.07.2026__SI-AT58009-B.jpg,,
Rodco 09.07.2026.xlsx,FUEL DELIVERY,94,SI-AT58024,,Rodco_09.07.2026__SI-AT58024.jpg,,
Rodco 09.07.2026.xlsx,FUEL DELIVERY,92,SI-AT58023-A,,Rodco_09.07.2026__SI-AT58023-A.jpg,,
Rodco 09.07.2026.xlsx,FUEL DELIVERY,93,SI-AT58023-B,,Rodco_09.07.2026__SI-AT58023-B.jpg,,
Rodco 09.07.2026.xlsx,FUEL DELIVERY,96,SI-AT58024-B,,Rodco_09.07.2026__SI-AT58024-B.jpg,,
Rodco 09.07.2026.xlsx,FUEL DELIVERY,100,SI-AT58106,,Rodco_09.07.2026__SI-AT58106.jpg,,
Rodco 09.07.2026.xlsx,FUEL DELIVERY,105,SI-AT11364,,Rodco_09.07.2026__SI-AT11364.jpg,,
Rodco 09.07.2026.xlsx,FUEL DELIVERY,106,SI-AT11365,,Rodco_09.07.2026__SI-AT11365.jpg,,
Rodco 09.07.2026.xlsx,FUEL DELIVERY,107,SI-AT11366,,Rodco_09.07.2026__SI-AT11366.jpg,,
Rodco 09.07.2026.xlsx,FUEL DELIVERY,108,SI-AT11367,,Rodco_09.07.2026__SI-AT11367.jpg,,
Rodco 09.07.2026.xlsx,FUEL DELIVERY,109,SI-AT11282,,Rodco_09.07.2026__SI-AT11282.jpg,,
Rodco 09.07.2026.xlsx,FUEL DELIVERY,61,SI-AT11218-BK,,Rodco_09.07.2026__SI-AT11218-BK.png,,
Rodco 09.07.2026.xlsx,FUEL DELIVERY,31,SI-AT11315,,Rodco_09.07.2026__SI-AT11315.png,,
Rodco 09.07.2026.xlsx,FUEL DELIVERY,33,SI-AT11317,,Rodco_09.07.2026__SI-AT11317.png,,
Rodco 09.07.2026.xlsx,FUEL DELIVERY,34,SI-AT11318,,Rodco_09.07.2026__SI-AT11318.png,,
Rodco 09.07.2026.xlsx,FUEL DELIVERY,74,SI-AT39020-BK,,Rodco_09.07.2026__SI-AT39020-BK.png,,
Rodco 09.07.2026.xlsx,FUEL DELIVERY,88,SI-AT39042-BK,,Rodco_09.07.2026__SI-AT39042-BK.png,,
Rodco 09.07.2026.xlsx,FUEL DELIVERY,78,SI-AT39043-BK,,Rodco_09.07.2026__SI-AT39043-BK.png,,
Rodco 09.07.2026.xlsx,FUEL DELIVERY,4,SI-AT49010-BK,,Rodco_09.07.2026__SI-AT49010-BK.png,,
Rodco 09.07.2026.xlsx,FUEL DELIVERY,17,SI-AT49017,,Rodco_09.07.2026__SI-AT49017.png,,
Rodco 09.07.2026.xlsx,FUEL DELIVERY,24,SI-AT49027,,Rodco_09.07.2026__SI-AT49027.png,,
Rodco 09.07.2026.xlsx,FUEL DELIVERY,25,SI-AT49028,,Rodco_09.07.2026__SI-AT49028.png,,
Rodco 09.07.2026.xlsx,FUEL DELIVERY,101,SI-AT58115,,Rodco_09.07.2026__SI-AT58115.png,,
Rodco 09.07.2026.xlsx,STEERING,34,SI-AT25012,,Rodco_09.07.2026__SI-AT25012.jpg,,
Rodco 09.07.2026.xlsx,STEERING,35,SI-AT25012-BK,,Rodco_09.07.2026__SI-AT25012-BK.jpg,,
Rodco 09.07.2026.xlsx,STEERING,39,SI-AT25029,,Rodco_09.07.2026__SI-AT25029.jpg,,
Rodco 09.07.2026.xlsx,STEERING,37,SI-AT25027,,Rodco_09.07.2026__SI-AT25027.jpg,,
Rodco 09.07.2026.xlsx,STEERING,36,SI-AT25026,,Rodco_09.07.2026__SI-AT25026.jpg,,
Rodco 09.07.2026.xlsx,STEERING,38,SI-AT25028,,Rodco_09.07.2026__SI-AT25028.jpg,,
Rodco 09.07.2026.xlsx,STEERING,40,SI-AT25030,,Rodco_09.07.2026__SI-AT25030.jpg,MMR-25030,numeric-core
Rodco 09.07.2026.xlsx,STEERING,41,SI-AT25031,,Rodco_09.07.2026__SI-AT25031.jpg,,
Rodco 09.07.2026.xlsx,STEERING,42,SI-AT25068,,Rodco_09.07.2026__SI-AT25068.jpg,,
Rodco 09.07.2026.xlsx,STEERING,46,SI-AT45012,,Rodco_09.07.2026__SI-AT45012.jpg,,
Rodco 09.07.2026.xlsx,STEERING,47,SI-AT45013,,Rodco_09.07.2026__SI-AT45013.jpg,,
Rodco 09.07.2026.xlsx,STEERING,48,SI-AT45014,,Rodco_09.07.2026__SI-AT45014.jpg,,
Rodco 09.07.2026.xlsx,STEERING,49,SI-AT45015,,Rodco_09.07.2026__SI-AT45015.jpg,,
Rodco 09.07.2026.xlsx,STEERING,50,SI-AT45018,,Rodco_09.07.2026__SI-AT45018.jpg,MMR-45018,numeric-core
Rodco 09.07.2026.xlsx,STEERING,51,SI-AT45019,,Rodco_09.07.2026__SI-AT45019.jpg,,
Rodco 09.07.2026.xlsx,STEERING,52,SI-AT45020,,Rodco_09.07.2026__SI-AT45020.jpg,,
Rodco 09.07.2026.xlsx,STEERING,54,SI-AT45021,,Rodco_09.07.2026__SI-AT45021.jpg,,
Rodco 09.07.2026.xlsx,STEERING,53,SI-AT45020-C,,Rodco_09.07.2026__SI-AT45020-C.jpg,,
Rodco 09.07.2026.xlsx,STEERING,55,SI-AT45025,,Rodco_09.07.2026__SI-AT45025.jpg,,
Rodco 09.07.2026.xlsx,STEERING,56,SI-AT45026,,Rodco_09.07.2026__SI-AT45026.jpg,,
Rodco 09.07.2026.xlsx,STEERING,57,SI-AT45027,,Rodco_09.07.2026__SI-AT45027.jpg,,
Rodco 09.07.2026.xlsx,STEERING,58,SI-AT45028,,Rodco_09.07.2026__SI-AT45028.jpg,,
Rodco 09.07.2026.xlsx,STEERING,59,SI-AT45029,,Rodco_09.07.2026__SI-AT45029.jpg,,
Rodco 09.07.2026.xlsx,STEERING,60,SI-AT45030,,Rodco_09.07.2026__SI-AT45030.jpg,,
Rodco 09.07.2026.xlsx,STEERING,61,SI-AT45031,,Rodco_09.07.2026__SI-AT45031.jpg,,
Rodco 09.07.2026.xlsx,STEERING,62,SI-AT45032,,Rodco_09.07.2026__SI-AT45032.jpg,,
Rodco 09.07.2026.xlsx,STEERING,64,SI-AT45033,,Rodco_09.07.2026__SI-AT45033.jpg,,
Rodco 09.07.2026.xlsx,STEERING,66,SI-AT45035,,Rodco_09.07.2026__SI-AT45035.jpg,,
Rodco 09.07.2026.xlsx,STEERING,65,SI-AT45034,,Rodco_09.07.2026__SI-AT45034.jpg,,
Rodco 09.07.2026.xlsx,STEERING,67,SI-AT45036,,Rodco_09.07.2026__SI-AT45036.jpg,,
Rodco 09.07.2026.xlsx,STEERING,68,SI-AT45037,,Rodco_09.07.2026__SI-AT45037.jpg,,
Rodco 09.07.2026.xlsx,STEERING,69,SI-AT45038,,Rodco_09.07.2026__SI-AT45038.jpg,,
Rodco 09.07.2026.xlsx,STEERING,70,SI-AT45039,,Rodco_09.07.2026__SI-AT45039.jpg,,
Rodco 09.07.2026.xlsx,STEERING,72,SI-AT45041,,Rodco_09.07.2026__SI-AT45041.jpg,,
Rodco 09.07.2026.xlsx,STEERING,73,SI-AT45042,,Rodco_09.07.2026__SI-AT45042.jpg,,
Rodco 09.07.2026.xlsx,STEERING,71,SI-AT45040,,Rodco_09.07.2026__SI-AT45040.jpg,,
Rodco 09.07.2026.xlsx,STEERING,4,SI-AT81002,,Rodco_09.07.2026__SI-AT81002.jpg,,
Rodco 09.07.2026.xlsx,STEERING,5,SI-AT81002-BK,,Rodco_09.07.2026__SI-AT81002-BK.jpg,,
Rodco 09.07.2026.xlsx,STEERING,15,SI-AT81010,,Rodco_09.07.2026__SI-AT81010.jpg,,
Rodco 09.07.2026.xlsx,STEERING,8,SI-AT81004,,Rodco_09.07.2026__SI-AT81004.jpg,,
Rodco 09.07.2026.xlsx,STEERING,9,SI-AT81004-BK,,Rodco_09.07.2026__SI-AT81004-BK.jpg,,
Rodco 09.07.2026.xlsx,STEERING,7,SI-AT81003-BK,,Rodco_09.07.2026__SI-AT81003-BK.jpg,,
Rodco 09.07.2026.xlsx,STEERING,6,SI-AT81003,,Rodco_09.07.2026__SI-AT81003.jpg,,
Rodco 09.07.2026.xlsx,STEERING,11,SI-AT81006,,Rodco_09.07.2026__SI-AT81006.jpg,,
Rodco 09.07.2026.xlsx,STEERING,10,SI-AT81005,,Rodco_09.07.2026__SI-AT81005.jpg,,
Rodco 09.07.2026.xlsx,STEERING,12,SI-AT81007,,Rodco_09.07.2026__SI-AT81007.jpg,,
Rodco 09.07.2026.xlsx,STEERING,14,SI-AT81009,,Rodco_09.07.2026__SI-AT81009.jpg,MMR-81009,numeric-core
Rodco 09.07.2026.xlsx,STEERING,74,SI-AT45006,,Rodco_09.07.2026__SI-AT45006.jpg,,
Rodco 09.07.2026.xlsx,STEERING,25,SI-AT25088,,Rodco_09.07.2026__SI-AT25088.jpg,,
Rodco 09.07.2026.xlsx,STEERING,27,SI-AT25089,,Rodco_09.07.2026__SI-AT25089.jpg,,
Rodco 09.07.2026.xlsx,STEERING,29,SI-AT25090,,Rodco_09.07.2026__SI-AT25090.jpg,,
Rodco 09.07.2026.xlsx,STEERING,31,SI-AT25091,,Rodco_09.07.2026__SI-AT25091.jpg,,
Rodco 09.07.2026.xlsx,STEERING,21,SI-AT31070,,Rodco_09.07.2026__SI-AT31070.jpg,,
Rodco 09.07.2026.xlsx,STEERING,23,SI-AT31072,,Rodco_09.07.2026__SI-AT31072.jpg,,
Rodco 09.07.2026.xlsx,STEERING,19,SI-AT79001,,Rodco_09.07.2026__SI-AT79001.jpg,,
Rodco 09.07.2026.xlsx,STEERING,20,SI-AT79002,,Rodco_09.07.2026__SI-AT79002.jpg,,
Rodco 09.07.2026.xlsx,STEERING,28,SI-AT25089-BK,,Rodco_09.07.2026__SI-AT25089-BK.png,,
Rodco 09.07.2026.xlsx,STEERING,30,SI-AT25090-BK,,Rodco_09.07.2026__SI-AT25090-BK.png,,
Rodco 09.07.2026.xlsx,STEERING,32,SI-AT25092,,Rodco_09.07.2026__SI-AT25092.png,,
Rodco 09.07.2026.xlsx,STEERING,22,SI-AT31071,,Rodco_09.07.2026__SI-AT31071.png,,
Rodco 09.07.2026.xlsx,STEERING,24,SI-AT31072-B,,Rodco_09.07.2026__SI-AT31072-B.png,,
Rodco 09.07.2026.xlsx,STEERING,16,SI-AT81011,,Rodco_09.07.2026__SI-AT81011.png,,
Rodco 09.07.2026.xlsx,STEERING,17,SI-AT81011-BK,,Rodco_09.07.2026__SI-AT81011-BK.png,,
Rodco 09.07.2026.xlsx,STEERING,43,SI-AT25054,,Rodco_09.07.2026__SI-AT25054.jpg,MMR-25054,numeric-core
Rodco 09.07.2026.xlsx,STEERING,44,SI-AT25054-BK,,Rodco_09.07.2026__SI-AT25054-BK.png,MMR-25054,numeric-core
Rodco 09.07.2026.xlsx,ENGNIE,23,SI-AT11103,,Rodco_09.07.2026__SI-AT11103.jpg,,
Rodco 09.07.2026.xlsx,ENGNIE,24,SI-AT11103-BK,,Rodco_09.07.2026__SI-AT11103-BK.jpg,,
Rodco 09.07.2026.xlsx,ENGNIE,26,SI-AT25024,,Rodco_09.07.2026__SI-AT25024.jpg,,
Rodco 09.07.2026.xlsx,ENGNIE,5,SI-AT62003,,Rodco_09.07.2026__SI-AT62003.jpg,,
Rodco 09.07.2026.xlsx,ENGNIE,3,SI-AT62001,,Rodco_09.07.2026__SI-AT62001.jpg,,
Rodco 09.07.2026.xlsx,ENGNIE,7,SI-AT62003-B,,Rodco_09.07.2026__SI-AT62003-B.jpg,,
Rodco 09.07.2026.xlsx,ENGNIE,16,SI-AT63042,,Rodco_09.07.2026__SI-AT63042.jpg,,
Rodco 09.07.2026.xlsx,ENGNIE,17,SI-AT58008,,Rodco_09.07.2026__SI-AT58008.jpg,,
Rodco 09.07.2026.xlsx,ENGNIE,18,SI-AT58008-F,,Rodco_09.07.2026__SI-AT58008-F.jpg,,
Rodco 09.07.2026.xlsx,ENGNIE,19,SI-AT58010,,Rodco_09.07.2026__SI-AT58010.png,,
Rodco 09.07.2026.xlsx,ENGNIE,6,SI-AT62003-A,,Rodco_09.07.2026__SI-AT62003-A.jpg,,
Rodco 09.07.2026.xlsx,ENGNIE,8,SI-AT62003-OR,,Rodco_09.07.2026__SI-AT62003-OR.jpg,,
Rodco 09.07.2026.xlsx,ENGNIE,20,SI-AT58061,,Rodco_09.07.2026__SI-AT58061.jpg,,
Rodco 09.07.2026.xlsx,ENGNIE,22,SI-AT11226,,Rodco_09.07.2026__SI-AT11226.jpg,,
Rodco 09.07.2026.xlsx,ENGNIE,14,SI-AT62010,,Rodco_09.07.2026__SI-AT62010.jpg,,
Rodco 09.07.2026.xlsx,ENGNIE,29,SI-AT58069,,Rodco_09.07.2026__SI-AT58069.jpg,,
Rodco 09.07.2026.xlsx,ENGNIE,31,SI-AT58070,,Rodco_09.07.2026__SI-AT58070.png,,
Rodco 09.07.2026.xlsx,ENGNIE,32,SI-AT58071,,Rodco_09.07.2026__SI-AT58071.jpg,,
Rodco 09.07.2026.xlsx,ENGNIE,33,SI-AT58072,,Rodco_09.07.2026__SI-AT58072.jpg,,
Rodco 09.07.2026.xlsx,ENGNIE,28,SI-AT58022,,Rodco_09.07.2026__SI-AT58022.jpg,,
Rodco 09.07.2026.xlsx,ENGNIE,25,SI-AT11104,,Rodco_09.07.2026__SI-AT11104.png,,
Rodco 09.07.2026.xlsx,ENGNIE,4,SI-AT62001-BK,,Rodco_09.07.2026__SI-AT62001-BK.png,,
Rodco 09.07.2026.xlsx,ENGNIE,13,SI-AT62013-BK,,Rodco_09.07.2026__SI-AT62013-BK.png,,
Rodco 09.07.2026.xlsx,ENGNIE,12,SI-AT62013,,Rodco_09.07.2026__SI-AT62013.png,,
Rodco 09.07.2026.xlsx,ENGNIE,35,SI-AT83001,,Rodco_09.07.2026__SI-AT83001.png,,
Rodco 09.07.2026.xlsx,ENGNIE,36,SI-AT83002,,Rodco_09.07.2026__SI-AT83002.png,,
Rodco 09.07.2026.xlsx,ENGNIE,37,SI-AT83003,,Rodco_09.07.2026__SI-AT83003.png,,
Rodco 09.07.2026.xlsx,ENGNIE,38,SI-AT83004,,Rodco_09.07.2026__SI-AT83004.png,,
Rodco 09.07.2026.xlsx,ENGNIE,40,SI-AT83006,,Rodco_09.07.2026__SI-AT83006.png,,
Rodco 09.07.2026.xlsx,ENGNIE,41,SI-AT83007,,Rodco_09.07.2026__SI-AT83007.png,,
Rodco 09.07.2026.xlsx,ENGNIE,42,SI-AT83008,,Rodco_09.07.2026__SI-AT83008.png,,
Rodco 09.07.2026.xlsx,ELECTRICAL,10,SI-AT52008,,Rodco_09.07.2026__SI-AT52008.png,,
Rodco 09.07.2026.xlsx,ELECTRICAL,11,SI-AT52009,,Rodco_09.07.2026__SI-AT52009.png,,
Rodco 09.07.2026.xlsx,ELECTRICAL,3,SI-AT52002,,Rodco_09.07.2026__SI-AT52002.jpg,,
Rodco 09.07.2026.xlsx,ELECTRICAL,5,SI-AT52004,,Rodco_09.07.2026__SI-AT52004.jpg,,
Rodco 09.07.2026.xlsx,ELECTRICAL,7,SI-AT52005,,Rodco_09.07.2026__SI-AT52005.jpg,,
Rodco 09.07.2026.xlsx,ELECTRICAL,8,SI-AT52006,,Rodco_09.07.2026__SI-AT52006.jpg,,
Rodco 09.07.2026.xlsx,ELECTRICAL,9,SI-AT52007,,Rodco_09.07.2026__SI-AT52007.jpg,,
Rodco 09.07.2026.xlsx,ELECTRICAL,4,SI-AT52003,,Rodco_09.07.2026__SI-AT52003.jpg,,
Rodco 09.07.2026.xlsx,ELECTRICAL,12,SI-AT02127,,Rodco_09.07.2026__SI-AT02127.jpg,,
Rodco 09.07.2026.xlsx,ELECTRICAL,16,SI-AT25066,,Rodco_09.07.2026__SI-AT25066.jpg,,
Rodco 09.07.2026.xlsx,ELECTRICAL,17,SI-AT25093,,Rodco_09.07.2026__SI-AT25093.jpg,,
Rodco 09.07.2026.xlsx,ELECTRICAL,21,SI-AT11297,,Rodco_09.07.2026__SI-AT11297.jpg,,
Rodco 09.07.2026.xlsx,ELECTRICAL,19,SI-AT11295,,Rodco_09.07.2026__SI-AT11295.jpg,,
Rodco 09.07.2026.xlsx,ELECTRICAL,20,SI-AT11296,,Rodco_09.07.2026__SI-AT11296.jpg,,
Rodco 09.07.2026.xlsx,ELECTRICAL,22,SI-AT11337,,Rodco_09.07.2026__SI-AT11337.jpg,,
Rodco 09.07.2026.xlsx,ELECTRICAL,23,SI-AT11338,,Rodco_09.07.2026__SI-AT11338.jpg,,
Rodco 09.07.2026.xlsx,ELECTRICAL,18,SI-AT25093,,Rodco_09.07.2026__SI-AT25093.png,,
Rodco 09.07.2026.xlsx,ELECTRICAL,6,SI-AT52001,,Rodco_09.07.2026__SI-AT52001.png,,
Rodco 09.07.2026.xlsx,ELECTRICAL,13,SI-AT02070,,Rodco_09.07.2026__SI-AT02070.png,,
Rodco 09.07.2026.xlsx,ELECTRICAL,14,SI-AT02070-B,,Rodco_09.07.2026__SI-AT02070-B.png,,
Rodco 09.07.2026.xlsx,ELECTRICAL,26,SI-AT31027-F,,Rodco_09.07.2026__SI-AT31027-F.png,,
Rodco 09.07.2026.xlsx,ELECTRICAL,25,SI-AT31027,,Rodco_09.07.2026__SI-AT31027.png,,
Rodco 09.07.2026.xlsx,ELECTRICAL,28,SI-AT33006,,Rodco_09.07.2026__SI-AT33006.jpg,,
Rodco 09.07.2026.xlsx,EXHAUST,7,SI-AT58011,,Rodco_09.07.2026__SI-AT58011.jpg,,
Rodco 09.07.2026.xlsx,EXHAUST,8,SI-AT58012,,Rodco_09.07.2026__SI-AT58012.jpg,,
Rodco 09.07.2026.xlsx,EXHAUST,9,SI-AT58019,,Rodco_09.07.2026__SI-AT58019.jpg,,
Rodco 09.07.2026.xlsx,EXHAUST,10,SI-AT58020,,Rodco_09.07.2026__SI-AT58020.jpg,,
Rodco 09.07.2026.xlsx,EXHAUST,11,SI-AT58042,,Rodco_09.07.2026__SI-AT58042.jpg,,
Rodco 09.07.2026.xlsx,EXHAUST,13,SI-AT58067,,Rodco_09.07.2026__SI-AT58067.jpg,,
Rodco 09.07.2026.xlsx,EXHAUST,12,SI-AT58059,,Rodco_09.07.2026__SI-AT58059.jpg,,
Rodco 09.07.2026.xlsx,EXHAUST,3,SI-AT60016,,Rodco_09.07.2026__SI-AT60016.jpg,,
Rodco 09.07.2026.xlsx,EXHAUST,4,SI-AT60016-PO,,Rodco_09.07.2026__SI-AT60016-PO.jpg,,
Rodco 09.07.2026.xlsx,LS PRODUCTS,34,SI-AT25039,,Rodco_09.07.2026__SI-AT25039.jpg,,
Rodco 09.07.2026.xlsx,LS PRODUCTS,35,SI-AT25039-B,,Rodco_09.07.2026__SI-AT25039-B.jpg,,
Rodco 09.07.2026.xlsx,LS PRODUCTS,39,SI-AT25078-KIT1,,Rodco_09.07.2026__SI-AT25078-KIT1.jpg,,
Rodco 09.07.2026.xlsx,LS PRODUCTS,10,SI-AT25107,,Rodco_09.07.2026__SI-AT25107.jpg,,
Rodco 09.07.2026.xlsx,LS PRODUCTS,13,SI-AT66031,,Rodco_09.07.2026__SI-AT66031.jpg,,
Rodco 09.07.2026.xlsx,LS PRODUCTS,14,SI-AT11199,,Rodco_09.07.2026__SI-AT11199.jpg,,
Rodco 09.07.2026.xlsx,LS PRODUCTS,27,SI-AT11113,,Rodco_09.07.2026__SI-AT11113.jpg,,
Rodco 09.07.2026.xlsx,LS PRODUCTS,28,SI-AT11114,,Rodco_09.07.2026__SI-AT11114.jpg,,
Rodco 09.07.2026.xlsx,LS PRODUCTS,29,SI-AT11115,,Rodco_09.07.2026__SI-AT11115.jpg,,
Rodco 09.07.2026.xlsx,LS PRODUCTS,16,SI-AT25048,,Rodco_09.07.2026__SI-AT25048.jpg,,
Rodco 09.07.2026.xlsx,LS PRODUCTS,38,SI-AT25078,,Rodco_09.07.2026__SI-AT25078.png,,
Rodco 09.07.2026.xlsx,LS PRODUCTS,3,SI-AT11249,,Rodco_09.07.2026__SI-AT11249.jpg,,
Rodco 09.07.2026.xlsx,LS PRODUCTS,6,SI-AT11257,,Rodco_09.07.2026__SI-AT11257.jpg,,
Rodco 09.07.2026.xlsx,LS PRODUCTS,31,SI-AT60014,,Rodco_09.07.2026__SI-AT60014.jpg,,
Rodco 09.07.2026.xlsx,LS PRODUCTS,30,SI-AT25038,,Rodco_09.07.2026__SI-AT25038.jpg,,
Rodco 09.07.2026.xlsx,LS PRODUCTS,18,SI-AT11280,,Rodco_09.07.2026__SI-AT11280.jpg,,
Rodco 09.07.2026.xlsx,LS PRODUCTS,19,SI-AT11293,,Rodco_09.07.2026__SI-AT11293.jpg,,
Rodco 09.07.2026.xlsx,LS PRODUCTS,20,SI-AT11293-BK,,Rodco_09.07.2026__SI-AT11293-BK.jpg,,
Rodco 09.07.2026.xlsx,LS PRODUCTS,21,SI-AT28129,,Rodco_09.07.2026__SI-AT28129.jpg,,
Rodco 09.07.2026.xlsx,LS PRODUCTS,22,SI-AT28137,,Rodco_09.07.2026__SI-AT28137.jpg,MMR-28137,numeric-core
Rodco 09.07.2026.xlsx,LS PRODUCTS,4,SI-AT11250,,Rodco_09.07.2026__SI-AT11250.jpg,,
Rodco 09.07.2026.xlsx,LS PRODUCTS,5,SI-AT11251,,Rodco_09.07.2026__SI-AT11251.jpg,,
Rodco 09.07.2026.xlsx,LS PRODUCTS,7,SI-AT11261,,Rodco_09.07.2026__SI-AT11261.jpg,,
Rodco 09.07.2026.xlsx,LS PRODUCTS,8,SI-AT11329,,Rodco_09.07.2026__SI-AT11329.jpg,,
Rodco 09.07.2026.xlsx,LS PRODUCTS,9,SI-AT11330,,Rodco_09.07.2026__SI-AT11330.jpg,,
Rodco 09.07.2026.xlsx,LS PRODUCTS,11,SI-AT25111,,Rodco_09.07.2026__SI-AT25111.jpg,,
Rodco 09.07.2026.xlsx,LS PRODUCTS,12,SI-AT25111-BK,,Rodco_09.07.2026__SI-AT25111-BK.jpg,,
Rodco 09.07.2026.xlsx,LS PRODUCTS,17,SI-AT25127,,Rodco_09.07.2026__SI-AT25127.jpg,,
Rodco 09.07.2026.xlsx,LS PRODUCTS,32,SI-AT60014-BK,,Rodco_09.07.2026__SI-AT60014-BK.jpg,,
Rodco 09.07.2026.xlsx,LS PRODUCTS,15,SI-AT02167,,Rodco_09.07.2026__SI-AT02167.jpg,,
Rodco 09.07.2026.xlsx,LS PRODUCTS,40,SI-AT25172,,Rodco_09.07.2026__SI-AT25172.jpg,,
Rodco 09.07.2026.xlsx,LS PRODUCTS,42,SI-AT25174,,Rodco_09.07.2026__SI-AT25174.jpg,,
Rodco 09.07.2026.xlsx,LS PRODUCTS,41,SI-AT25173,,Rodco_09.07.2026__SI-AT25173.jpg,,
Rodco 09.07.2026.xlsx,LS PRODUCTS,23,SI-AT22030,,Rodco_09.07.2026__SI-AT22030.png,,
Rodco 09.07.2026.xlsx,LS PRODUCTS,24,SI-AT22056,,Rodco_09.07.2026__SI-AT22056.png,,
Rodco 09.07.2026.xlsx,LS PRODUCTS,33,SI-AT60014-PO,,Rodco_09.07.2026__SI-AT60014-PO.png,,
Rodco 09.07.2026.xlsx,LS PRODUCTS,26,SI-AT62017,,Rodco_09.07.2026__SI-AT62017.png,,
Rodco 09.07.2026.xlsx,LS PRODUCTS,25,SI-AT62015,,Rodco_09.07.2026__SI-AT62015.png,,
Rodco 09.07.2026.xlsx,LS PRODUCTS,36,SI-AT43011,,Rodco_09.07.2026__SI-AT43011.jpg,,
Rodco 09.07.2026.xlsx,LS PRODUCTS,37,SI-AT43011-BK,,Rodco_09.07.2026__SI-AT43011-BK.png,,
Rodco 09.07.2026.xlsx,HARDWARE,3,SI-AT11291,,Rodco_09.07.2026__SI-AT11291.png,,
Rodco 09.07.2026.xlsx,HARDWARE,4,SI-AT11403,,Rodco_09.07.2026__SI-AT11403.png,,
Rodco 09.07.2026.xlsx,HARDWARE,5,SI-AT11437,,Rodco_09.07.2026__SI-AT11437.png,,
Rodco 09.07.2026.xlsx,HARDWARE,6,SI-AT11437-B,,Rodco_09.07.2026__SI-AT11437-B.png,,
Rodco 09.07.2026.xlsx,HARDWARE,7,SI-AT16033,,Rodco_09.07.2026__SI-AT16033.png,,
Rodco 09.07.2026.xlsx,HARDWARE,12,SI-AT34011,,Rodco_09.07.2026__SI-AT34011.jpg,,
Rodco 09.07.2026.xlsx,HARDWARE,13,SI-AT34042,,Rodco_09.07.2026__SI-AT34042.jpg,,
Rodco 09.07.2026.xlsx,HARDWARE,14,SI-AT21016,,Rodco_09.07.2026__SI-AT21016.png,,
Rodco 09.07.2026.xlsx,HARDWARE,15,SI-AT21082,,Rodco_09.07.2026__SI-AT21082.png,,
Rodco 09.07.2026.xlsx,HARDWARE,16,SI-AT21088,,Rodco_09.07.2026__SI-AT21088.png,,
Rodco 09.07.2026.xlsx,HARDWARE,17,SI-AT21089,,Rodco_09.07.2026__SI-AT21089.png,,
Rodco 09.07.2026.xlsx,HARDWARE,18,SI-AT25148,,Rodco_09.07.2026__SI-AT25148.png,,
Rodco 09.07.2026.xlsx,HARDWARE,21,SI-AT28177,,Rodco_09.07.2026__SI-AT28177.png,,
Rodco 09.07.2026.xlsx,HARDWARE,20,SI-AT28176,,Rodco_09.07.2026__SI-AT28176.png,,
Rodco 09.07.2026.xlsx,HARDWARE,22,SI-AT26085,,Rodco_09.07.2026__SI-AT26085.png,,
Rodco 09.07.2026.xlsx,HARDWARE,23,SI-AT26085-1,,Rodco_09.07.2026__SI-AT26085-1.png,,
Rodco 09.07.2026.xlsx,HARDWARE,24,SI-AT26271,,Rodco_09.07.2026__SI-AT26271.png,,
Rodco 09.07.2026.xlsx,HARDWARE,26,SI-AT26194,,Rodco_09.07.2026__SI-AT26194.png,SI-AT26194,exact
Rodco 09.07.2026.xlsx,HARDWARE,27,SI-AT26244,,Rodco_09.07.2026__SI-AT26244.png,,
Rodco 09.07.2026.xlsx,HARDWARE,28,SI-AT10053,,Rodco_09.07.2026__SI-AT10053.jpg,,
Rodco 09.07.2026.xlsx,OTHER PRODUCTS,3,SI-AT54002-B,,Rodco_09.07.2026__SI-AT54002-B.jpg,,
Rodco 09.07.2026.xlsx,OTHER PRODUCTS,4,SI-AT54003,,Rodco_09.07.2026__SI-AT54003.jpg,,
Rodco 09.07.2026.xlsx,OTHER PRODUCTS,29,SI-AT43018-BK,,Rodco_09.07.2026__SI-AT43018-BK.jpg,,
Rodco 09.07.2026.xlsx,OTHER PRODUCTS,28,SI-AT43018,,Rodco_09.07.2026__SI-AT43018.jpg,,
Rodco 09.07.2026.xlsx,OTHER PRODUCTS,30,SI-AT43018-R,,Rodco_09.07.2026__SI-AT43018-R.jpg,,
Rodco 09.07.2026.xlsx,OTHER PRODUCTS,31,SI-AT28082,,Rodco_09.07.2026__SI-AT28082.jpg,,
Rodco 09.07.2026.xlsx,OTHER PRODUCTS,33,SI-AT11131,,Rodco_09.07.2026__SI-AT11131.jpg,,
Rodco 09.07.2026.xlsx,OTHER PRODUCTS,32,SI-AT21069,,Rodco_09.07.2026__SI-AT21069.jpg,,
Rodco 09.07.2026.xlsx,OTHER PRODUCTS,34,SI-AT11350,,Rodco_09.07.2026__SI-AT11350.jpg,,
Rodco 09.07.2026.xlsx,OTHER PRODUCTS,35,SI-AT26279,,Rodco_09.07.2026__SI-AT26279.jpg,,
Rodco 09.07.2026.xlsx,OTHER PRODUCTS,36,SI-AT67003,,Rodco_09.07.2026__SI-AT67003.jpg,MMR-67003,numeric-core
Rodco 09.07.2026.xlsx,OTHER PRODUCTS,37,SI-AT36022,,Rodco_09.07.2026__SI-AT36022.jpg,,
Rodco 09.07.2026.xlsx,OTHER PRODUCTS,11,SI-AT11189-BK,,Rodco_09.07.2026__SI-AT11189-BK.jpg,,
Rodco 09.07.2026.xlsx,OTHER PRODUCTS,12,SI-AT02069,,Rodco_09.07.2026__SI-AT02069.png,,
Rodco 09.07.2026.xlsx,OTHER PRODUCTS,13,SI-AT11039,,Rodco_09.07.2026__SI-AT11039.png,,
Rodco 09.07.2026.xlsx,OTHER PRODUCTS,14,SI-AT11076,,Rodco_09.07.2026__SI-AT11076.png,,
Rodco 09.07.2026.xlsx,OTHER PRODUCTS,15,SI-AT11210,,Rodco_09.07.2026__SI-AT11210.png,,
Rodco 09.07.2026.xlsx,OTHER PRODUCTS,16,SI-AT11262,,Rodco_09.07.2026__SI-AT11262.png,,
Rodco 09.07.2026.xlsx,OTHER PRODUCTS,17,SI-AT11476,,Rodco_09.07.2026__SI-AT11476.png,,
Rodco 09.07.2026.xlsx,OTHER PRODUCTS,18,SI-AT11476-BK,,Rodco_09.07.2026__SI-AT11476-BK.png,,
Rodco 09.07.2026.xlsx,OTHER PRODUCTS,7,SI-AT18048,,Rodco_09.07.2026__SI-AT18048.png,,
Rodco 09.07.2026.xlsx,OTHER PRODUCTS,6,SI-AT18047,,Rodco_09.07.2026__SI-AT18047.png,,
Rodco 09.07.2026.xlsx,OTHER PRODUCTS,8,SI-AT18049,,Rodco_09.07.2026__SI-AT18049.png,,
Rodco 09.07.2026.xlsx,OTHER PRODUCTS,19,SI-AT28150,,Rodco_09.07.2026__SI-AT28150.png,,
Rodco 09.07.2026.xlsx,OTHER PRODUCTS,20,SI-AT33015,,Rodco_09.07.2026__SI-AT33015.png,,
Rodco 09.07.2026.xlsx,OTHER PRODUCTS,21,SI-AT43025,,Rodco_09.07.2026__SI-AT43025.png,,
Rodco 09.07.2026.xlsx,OTHER PRODUCTS,22,SI-AT43026,,Rodco_09.07.2026__SI-AT43026.png,,
Rodco 09.07.2026.xlsx,OTHER PRODUCTS,25,SI-AT89002,,Rodco_09.07.2026__SI-AT89002.png,,
Rodco 09.07.2026.xlsx,OTHER PRODUCTS,26,SI-AT90004,,Rodco_09.07.2026__SI-AT90004.png,,
Rodco 09.07.2026.xlsx,OTHER PRODUCTS,43,SI-AT93005,,Rodco_09.07.2026__SI-AT93005.png,,
Rodco 09.07.2026.xlsx,OTHER PRODUCTS,41,SI-AT93003,,Rodco_09.07.2026__SI-AT93003.png,,
Rodco 09.07.2026.xlsx,OTHER PRODUCTS,42,SI-AT93004,,Rodco_09.07.2026__SI-AT93004.png,,
Rodco 09.07.2026.xlsx,OTHER PRODUCTS,44,SI-AT93006,,Rodco_09.07.2026__SI-AT93006.png,,
Rodco 09.07.2026.xlsx,OTHER PRODUCTS,27,SI-AT28130,,Rodco_09.07.2026__SI-AT28130.jpg,,
