"ID","SKU","Name","Slug","Permalink","Type","Current price (R)","Regular price (R)","Sale price (R)","On sale","In stock","Low stock remaining","Categories","Category slugs","Image URLs","Short description","Description (text)"
"2205","A-2268","Anchor GMC Chevy Transmission Mount","anchor-gmc-chevy-transmission-mount","https://allamericanmuscle.co.za/product/anchor-gmc-chevy-transmission-mount/","simple","169.57","169.57","169.57","no","no","0","Transmission & Drivetrain","transmission-drivetrain","https://allamericanmuscle.co.za/wp-content/uploads/2026/06/2285.webp","Anchor Engine Mount for SBC (Small Block Chevy) engines, providing stable engine support and vibration reduction.","Ensure stable and smooth engine operation in your vehicle with the Anchor Engine Mount designed specifically for SBC (Small Block Chevy) engines. This mount provides reliable engine support and effectively dampens vibrations, reducing noise and preventing damage. Ideal for South African automotive enthusiasts working on SBC engines who need quality replacement parts. As a trusted supplier, we offer top-tier engine components to maintain your vehicle’s performance and comfort. Key Features: Reliable Support: Provides stable mounting for SBC engines. Vibration Dampening: Reduces engine noise and vibration. Durable Construction: Built to withstand the demands of engine operation. Precise Fit: Ensures easy installation and compatibility with SBC engines. Quality Replacement: Meets or exceeds OEM specifications. Trusted Anchor Quality: Known for dependable automotive parts. Nationwide Delivery: We ship engine components across South Africa. Local Expertise: Expert assistance available.Why Choose the Anchor Engine Mount for SBC?This engine mount is essential for maintaining the stability and smooth operation of your SBC engine. It provides a reliable solution for worn or damaged mounts, ensuring optimal engine performance. Specifications: Application: SBC (Small Block Chevy) Engines Type: Engine Mount Frequently Asked Questions: Installation: Professional installation is recommended. Hardware: Check product details for included hardware. Shipping: Nationwide delivery available. Sup"
"2207","A-2257","Anchor Industries EngineMounts, Ford 289, 302, 351","anchor-industries-enginemounts-ford-289-302-351","https://allamericanmuscle.co.za/product/anchor-industries-enginemounts-ford-289-302-351/","simple","1221.39","1221.39","1221.39","no","yes","","Engines & Components","engines-components","https://allamericanmuscle.co.za/wp-content/uploads/2026/06/2257.webp","Anchor Industries Engine Mounts for Ford 289, 302, 351 engines, providing reliable support and vibration dampening.","Maintain a stable and smooth engine operation in your classic Ford with Anchor Industries Engine mounts Ford 289 302 351. These mounts are specifically designed for Ford 289, 302, and 351 engines, providing reliable support and effectively dampening vibrations, reducing noise and preventing damage. Ideal for South African Ford enthusiasts looking for quality replacement parts. As a trusted supplier, we offer top-tier engine components to maintain your vehicle’s performance and comfort. Key Features: Reliable Support: Provides stable mounting for the engine. Vibration Dampening: Reduces noise and prevents damage from vibrations. Durable Construction: Built to withstand the demands of daily driving and performance applications. Precise Fit: Ensures easy installation and compatibility with Ford 289, 302, and 351 engines. Quality Replacement: Meets or exceeds OEM specifications. Trusted Anchor Industries Quality: Known for dependable automotive parts. Nationwide Delivery: We ship engine components across South Africa. Local Expertise: Expert assistance available. Why Choose Anchor Industries Engine Mounts for Ford 289, 302, 351? These engine mounts are essential for maintaining the stability and comfort of your classic Ford. They provide a reliable solution for worn or damaged mounts, ensuring smooth and quiet operation. Specifications: Application: Ford 289, 302, 351 Engines Type: Engine Mounts Maintain the stability and comfort of your classic Ford with Anchor Industries Engine"
"2208","AP-7600 KIT-BK","AP Racing 4 Pot Piston Disc Brake Kit – Black","ap-racing-4-pot-piston-disc-brake-kit-black","https://allamericanmuscle.co.za/product/ap-racing-4-pot-piston-disc-brake-kit-black/","simple","22381.79","22381.79","22381.79","no","no","0","Brake Systems","brake-systems","https://allamericanmuscle.co.za/wp-content/uploads/2026/06/9166464725_L1150_4e7f2de9-2d78-40b1-8342-4e88d83af683.webp","AP Racing 4 Pot Piston Disc Brake Kit – Black. AP Racing four-piston big brake kit, black finish. Combines AP Racing’s race-proven 4-pot calipers with hig…","AP Racing four-piston big brake kit, black finish. Combines AP Racing’s race-proven 4-pot calipers with high-performance discs for dramatically improved stopping power, pedal feel and fade resistance over stock brakes – ideal for fast road and track use. AP Racing 4-pot calipers, black High-performance disc set included Big-brake upgrade, street and track"
"2209","AP-7600 KIT-RED","AP Racing 4 Pot Piston Disc Brake Kit – Red","ap-racing-4-pot-piston-disc-brake-kit-red","https://allamericanmuscle.co.za/product/ap-racing-4-pot-piston-disc-brake-kit-red/","simple","22381.81","22381.81","22381.81","no","no","0","Brake Systems","brake-systems","https://allamericanmuscle.co.za/wp-content/uploads/2026/06/91664089_L1150_e7a6fa7d-8b59-45c7-89c1-10645a47d87b.webp","AP Racing 4 Pot Piston Disc Brake Kit – Red. AP Racing four-piston big brake kit, red finish. Combines AP Racing’s race-proven 4-pot calipers with high-pe…","AP Racing four-piston big brake kit, red finish. Combines AP Racing’s race-proven 4-pot calipers with high-performance discs for dramatically improved stopping power, pedal feel and fade resistance over stock brakes – ideal for fast road and track use. AP Racing 4-pot calipers, red High-performance disc set included Big-brake upgrade, street and track"
"2210","AP-7600","High Performance 4 Pot Discs SET","high-performance-4-pot-discs-set","https://allamericanmuscle.co.za/product/high-performance-4-pot-discs-set/","simple","25940.81","25940.81","25940.81","no","yes","1","Brake Systems","brake-systems","https://allamericanmuscle.co.za/wp-content/uploads/2026/06/AP-7600_.webp","High Performance 4 Pot Discs SET. High-performance replacement disc set for the AP Racing 4-piston (AP-7600) big brake kit. Engineered to handle high heat…","High-performance replacement disc set for the AP Racing 4-piston (AP-7600) big brake kit. Engineered to handle high heat and hard use with consistent bite and resistance to fade. Fits AP Racing 4-pot (AP-7600) kit High-performance disc/rotor set Direct replacement"
"2211","AP-9040","High Performance 6 Pot Discs","high-performance-6-pot-discs","https://allamericanmuscle.co.za/product/high-performance-6-pot-discs/","simple","7290.00","7290.00","7290.00","no","yes","1","Brake Systems","brake-systems","https://allamericanmuscle.co.za/wp-content/uploads/2026/06/9040.webp","9040 High performance 6 pot brake discs for superior stopping power and heat dissipation.","The 9040 High Performance 6 Pot Discs offer superior braking performance. We engineered them to handle the demands of high-speed and high-stress driving. Furthermore, with a 6-pot design, these discs provide exceptional stopping power, improved heat dissipation, and enhanced brake modulation. Consequently, they are ideal for performance vehicles, racing applications, and enthusiasts who seek the ultimate braking upgrade. In addition, these discs deliver consistent and reliable performance, ensuring your safety and confidence on the road or track. You can purchase them across South Africa. Ultimately, these high-performance brake discs offer you the quality and performance you need. Key Features 6-Pot Design: It provides you with exceptional stopping power and brake modulation. High-Performance: We engineered it for high-speed and high-stress driving. Improved Heat Dissipation: It reduces brake fade and maintains consistent performance for you. Durable Construction: We made it from high-quality materials for longevity. Enhanced Braking: It delivers you superior braking performance. Ideal for Performance Vehicles: It is perfect for you to use for racing and high-performance applications. Why Choose the 9040 High Performance 6 Pot Discs in South Africa? If you are looking for a significant braking upgrade for your performance vehicle, the 9040 6-pot discs offer the stopping power and reliability you need. This is because they are not just replacements; they are a significant per"
"2212","ARP 129-0901","ARP Bellhousing Bolt Kits","arp-bellhousing-bolt-kits","https://allamericanmuscle.co.za/product/arp-bellhousing-bolt-kits/","simple","626.75","626.75","626.75","no","yes","1","Engines & Components","engines-components","https://allamericanmuscle.co.za/wp-content/uploads/2026/04/product20287229.webp","ARP Bellhousing Bolt Kits","ARP bell housing bolt kits manufactured from durable 8740 heat-treated alloys with protective black oxide finish. Standard hex head or 12-point heads."
"2213","ARP 134-2501","ARP Damper Harmonic Balancer Bolt Kit SBC","arp-damper-harmonic-balancer-bolt-kit-sbc","https://allamericanmuscle.co.za/product/arp-damper-harmonic-balancer-bolt-kit-sbc/","simple","2273.37","2273.37","2273.37","no","yes","1","Engines & Components","engines-components","https://allamericanmuscle.co.za/wp-content/uploads/2026/06/f189de6d-f246-46a5-b511-20d46ea17325.webp","ARP Damper Harmonic Balancer Bolt Kit SBC – fits Small Block Chevy. ARP harmonic balancer bolt and washer kit for the Small Block Chevy. Replaces the weak…","ARP harmonic balancer bolt and washer kit for the Small Block Chevy. Replaces the weak factory damper bolt with a premium ARP fastener that keeps the balancer secured under high-rpm and high-load conditions. Supplied with a hardened, wide-area washer. Application: Small Block Chevy (265-400) Includes balancer bolt and hardened washer Stronger-than-stock replacement for street and performance use"
"2214","ARP 134-3601","ARP High Performance Series Cylinder Head Bolt Kit","arp-high-performance-series-cylinder-head-bolt-kit","https://allamericanmuscle.co.za/product/arp-high-performance-series-cylinder-head-bolt-kit/","simple","4562.65","4562.65","4562.65","no","yes","1","Engines & Components","engines-components","https://allamericanmuscle.co.za/wp-content/uploads/2026/06/ef926e6f-b91d-487b-939b-cd9e37a22e67.webp","ARP High Performance Series Cylinder Head Bolt Kit. ARP High Performance Series cylinder head bolt kit for the Small Block Chevy with stock-style heads. M…","ARP High Performance Series cylinder head bolt kit for the Small Block Chevy with stock-style heads. Manufactured from 8740-grade material rated at 180,000 psi – roughly 15% stronger than Grade 8 – for even, repeatable clamping load. Reduced-wrench hex heads make re-torquing easy without removing the valvetrain, and the kit includes hardened parallel-ground washers. Application: Small Block Chevy, stock-style cast-iron or aluminum heads Hex head, 180,000 psi tensile strength Includes hardened washers; cleans up and reusable"
"2215","ARP 154-6002","ARP High Performance Series Connecting Rod Bolt Ki","arp-high-performance-series-connecting-rod-bolt-ki","https://allamericanmuscle.co.za/product/arp-high-performance-series-connecting-rod-bolt-ki/","simple","3396.24","3396.24","3396.24","no","yes","1","Engines & Components","engines-components","https://allamericanmuscle.co.za/wp-content/uploads/2026/06/03b4974c-ae60-4780-b56a-f31f23007560.webp","ARP High Performance Series Connecting Rod Bolt Ki. ARP High Performance Series connecting rod bolt kit for Ford Small Block 289 and 302 engines. Made fro…","ARP High Performance Series connecting rod bolt kit for Ford Small Block 289 and 302 engines. Made from 8740 chromoly, heat-treated prior to thread rolling and machined with a generous underhead radius for maximum strength. A must-do upgrade over factory rod bolts when building or refreshing a Windsor short block. Application: Ford SB 289 / 302 (standard) 5/16″ 8740 chromoly rod bolts Supplied as a complete engine set"
"2216","ARP 135-3707","ARP High Performance Series Cylinder Head Bolt Kit","arp-high-performance-series-cylinder-head-bolt-kit-2","https://allamericanmuscle.co.za/product/arp-high-performance-series-cylinder-head-bolt-kit-2/","simple","5421.35","5421.35","5421.35","no","yes","2","Engines & Components","engines-components","https://allamericanmuscle.co.za/wp-content/uploads/2026/06/e74a5fa3-aeeb-462f-8cd5-c57fb06c3405.webp","ARP High Performance Series Cylinder Head Bolt Kit. ARP High Performance Series cylinder head bolt kit for the Big Block Chevy (Mark IV / V) running after…","ARP High Performance Series cylinder head bolt kit for the Big Block Chevy (Mark IV / V) running aftermarket aluminum heads such as Brodix/Bowtie. Premium 8740 fasteners deliver even, dependable clamping for street and competition builds, and the kit includes hardened parallel-ground washers. Application: Big Block Chevy Mark IV/V with aftermarket aluminum heads High-strength 8740 head bolts Includes hardened washers"
"2217","ARP 134-6002","ARP High Performance Series Connecting Rod Bolts, SBC","arp-high-performance-series-connecting-rod-bolts-sbc","https://allamericanmuscle.co.za/product/arp-high-performance-series-connecting-rod-bolts-sbc/","simple","4778.31","4778.31","4778.31","no","no","0","Engines & Components","engines-components","https://allamericanmuscle.co.za/wp-content/uploads/2026/06/309e67f4-deef-4f52-a2c8-8432fddc685b.webp","ARP High Performance Series Connecting Rod Bolts, SBC – fits Small Block Chevy. ARP High Performance Series connecting rod bolt kit for the Small Block Ch…","ARP High Performance Series connecting rod bolt kit for the Small Block Chevy. 8740 chromoly bolts are heat-treated and precision thread-rolled for far greater fatigue strength than factory rod bolts – cheap insurance for any rebuild or higher-rpm SBC. Application: Small Block Chevy (e.g. 350 / 400) 8740 chromoly connecting rod bolts Complete engine set"
"2218","ARP 154-0903","ARP Bellhousing Bolt Kits","arp-bellhousing-bolt-kits-2","https://allamericanmuscle.co.za/product/arp-bellhousing-bolt-kits-2/","simple","2669.70","2669.70","2669.70","no","yes","","Engines & Components","engines-components","https://allamericanmuscle.co.za/wp-content/uploads/2026/06/129-0901-2-1.webp","ARP Bellhousing Bolt Kits. ARP bellhousing bolt kit for the Ford Small Block, securely fastening the bellhousing/transmission to the block. High-strength…","ARP bellhousing bolt kit for the Ford Small Block, securely fastening the bellhousing/transmission to the block. High-strength ARP fasteners in the correct thread and length, finished for corrosion resistance. Application: Ford Small Block 289 / 302 / 351W, engine-to-bellhousing High-strength ARP bolts Complete kit"
"2219","ARP 200-2902","ARP SBC","arp-sbc","https://allamericanmuscle.co.za/product/arp-sbc/","simple","1717.96","1717.96","1717.96","no","yes","2","Engines & Components","engines-components","https://allamericanmuscle.co.za/wp-content/uploads/2026/06/ARP_200-2902_.webp","ARP SBC – fits Small Block Chevy. ARP Pro Series flexplate bolt kit. The exclusive flat 12-point heads and larger-than-stock shank deliver a 200,000 psi r…","ARP Pro Series flexplate bolt kit. The exclusive flat 12-point heads and larger-than-stock shank deliver a 200,000 psi rating for dependable flexplate-to-crank clamping. Fits Chevrolet 90-degree V6 and 265-454 V8 with 2-piece rear seal, plus Ford 289-460 V8. 7/16-20 thread, 0.680″ UHL, 3/4″ 12-point heads Pro Series, 200,000 psi; set of 6 Note: not for 1986-and-later one-piece-rear-seal Small Block Chevy"
"2220","ARP 234-2503","ARP Balancer Bolts","arp-balancer-bolts","https://allamericanmuscle.co.za/product/arp-balancer-bolts/","simple","843.58","843.58","843.58","no","yes","","Engines & Components","engines-components","https://allamericanmuscle.co.za/wp-content/uploads/2026/06/9b3f049b-bb5b-4717-8082-bfce8c339887.webp","ARP Balancer Bolts. ARP harmonic balancer bolt and washer kit for GM LS engines. Forged from 8740 alloy and heat-treated to 190,000 psi, with a tall 1-1/1…","ARP harmonic balancer bolt and washer kit for GM LS engines. Forged from 8740 alloy and heat-treated to 190,000 psi, with a tall 1-1/16″ 12-point head for deep-socket access and a thick wide-area washer. Holds the damper on LS cranks far more securely than the factory bolt. Application: GM LS Gen III/IV – 4.8 / 5.3 / 5.7 / 6.0 (LS1, LS6), wet-sump 8740 alloy, 190,000 psi, 12-point head Torque to 235 ft-lb"
"2221","ARP 134-6003","ARP Connecting Rod Bolt Kits","arp-connecting-rod-bolt-kits","https://allamericanmuscle.co.za/product/arp-connecting-rod-bolt-kits/","simple","3374.12","3374.12","3374.12","no","yes","","Fasteners & Hardware","fasteners-hardware","https://allamericanmuscle.co.za/wp-content/uploads/2026/06/134-6003.webp","High-performance ARP connecting rod bolt kits made from durable 8740 chromoly steel for superior strength and reliability in your engine build","You can upgrade your engine’s connecting rods with the strength and reliability of ARP Connecting Rod Bolt Kits. We make them from high-performance 8740 chromoly steel. These premium bolts from Automotive Racing Products (ARP) are engineered to handle the extreme stresses of high-performance engines. In fact, they provide you with a superior clamping force. Consequently, this prevents rod failure. Ultimately, these ARP bolts are essential for you to ensure the longevity and durability of your connecting rods. Get your ARP Connecting Rod Bolt Kits now! Key Features ARP Quality: They are manufactured by the industry leader in performance fasteners. 8740 Chromoly Steel: It offers you exceptional strength and fatigue resistance. Superior Clamping Force: It ensures secure and stable connecting rods for you. Prevents Rod Failure: It is crucial for you to have on high-RPM and high-load applications. Precision Machined: We machine them to exacting tolerances for a perfect fit. Nationwide Delivery Across South Africa: We ship engine components and fasteners nationwide. Expert Support Available: Our team can help you choose the right ARP bolt kit for your engine. Why Choose ARP Connecting Rod Bolt Kits? For engine builders and performance enthusiasts in South Africa, ARP connecting rod bolts made from 8740 chromoly steel offer the ultimate in strength and reliability for demanding applications. In addition, they are a critical upgrade for any engine you plan to push beyond its stock li"
"2222","ARP 200-2802","ARP High Performance Flexplate Bolt Kit","arp-high-performance-flexplate-bolt-kit","https://allamericanmuscle.co.za/product/arp-high-performance-flexplate-bolt-kit/","simple","1885.75","1885.75","1885.75","no","yes","1","Engines & Components","engines-components","https://allamericanmuscle.co.za/wp-content/uploads/2026/06/ARP-100-2901-Chevy-V6V8-Ford-V8-High-Performance-Flexplate-Bolt-Kit.webp","The ARP High Performance flexplate bolt kit SA is the ultimate high-strength bolt set for securing flexplates on Ford and Chevy V8 engines.","The ARP High Performance flexplate bolt kit SA is the ultimate upgrade for securing your flexplate to the crankshaft. These bolts are a crucial component for any high-performance build because they provide far superior clamping force and strength compared to standard OEM bolts. They ensure the flexplate remains securely attached under high RPMs and heavy loads. Consequently, this kit is an essential investment for engine reliability and safety. Engineered for Extreme Performance ARP, a global leader in automotive fasteners, forges these bolts from a premium aerospace alloy. They then heat-treat and precision-machine them, with threads rolled after heat treatment to ensure maximum strength and fatigue resistance. Furthermore, this ARP High Performance flexplate bolt kit features a unique 12-point head design and a larger-than-stock shank diameter for improved strength and better concentricity. Indeed, this level of engineering is why top engine builders in professional racing trust ARP bolts. Wide-Ranging Application The 100-2901 kit is a versatile solution that offers a perfect fit for a variety of popular V8 engines, including Chevrolet 90° V6 & 265-454 V8s (with 2-piece rear main seals) and many Ford V8s (including 289-400 V8s). Its high tensile strength of 180,000 psi means it can handle the most demanding street or race applications. Therefore, this ARP High Performance flexplate bolt kit SA is the ideal choice for builders who demand uncompromising quality. Key Features:"
"2223","CC-7502-16","COMP Cams Pushrods, Chromoly, Heat-Treated, 5/16 i","comp-cams-pushrods-chromoly-heat-treated-5-16-i","https://allamericanmuscle.co.za/product/comp-cams-pushrods-chromoly-heat-treated-5-16-i/","simple","5983.20","5983.20","5983.20","no","yes","1","Engines & Components","engines-components","https://allamericanmuscle.co.za/wp-content/uploads/2026/06/eb92a51a-ba99-4813-a899-011efaf26d0f.webp","COMP Cams Pushrods, Chromoly, Heat-Treated, 5/16 i. COMP Cams chromoly pushrods, heat-treated and supplied as a set of 16. The 5/16″ diameter adds stiffne…","COMP Cams chromoly pushrods, heat-treated and supplied as a set of 16. The 5/16″ diameter adds stiffness for higher-spring-pressure valvetrains, resisting flex and deflection at high rpm. Chromoly, heat-treated; set of 16 5/16″ diameter for high-rpm use COMP Cams quality"
"2224","CC-7693-16","COMP Cams Magnum Pushrods","comp-cams-magnum-pushrods","https://allamericanmuscle.co.za/product/comp-cams-magnum-pushrods/","simple","5983.20","5983.20","5983.20","no","yes","2","Engines & Components","engines-components","https://allamericanmuscle.co.za/wp-content/uploads/2026/06/02baeb7d-c240-4234-b323-f3da86e80f3c.webp","COMP Cams Magnum Pushrods. COMP Cams Magnum pushrods, set of 16. The Magnum series uses heat-treated high-strength tubing for dependable performance in st…","COMP Cams Magnum pushrods, set of 16. The Magnum series uses heat-treated high-strength tubing for dependable performance in street and competition valvetrains. COMP Cams Magnum series; set of 16 Heat-treated high-strength tubing Street and performance use"
"2225","CC-7831-16","COMP Cams High Energy Pushrods High Energy, Steel,","comp-cams-high-energy-pushrods-high-energy-steel","https://allamericanmuscle.co.za/product/comp-cams-high-energy-pushrods-high-energy-steel/","simple","1622.45","1622.45","1622.45","no","yes","1","Engines & Components","engines-components","https://allamericanmuscle.co.za/wp-content/uploads/2026/06/dd265dbc-c2de-40ba-90df-20e7c82c1b5e.webp","COMP Cams High Energy Pushrods High Energy, Steel. COMP Cams High Energy pushrods, set of 16. Made from heat-treated seamless steel tubing with hardened e…","COMP Cams High Energy pushrods, set of 16. Made from heat-treated seamless steel tubing with hardened ends, the High Energy series is a reliable OE-style replacement and mild-performance upgrade. COMP Cams High Energy series; set of 16 Heat-treated steel with hardened ends Stock-replacement / mild performance"
"2226","CC-7812-16","COMP Cams High Energy Pushrods Steel Heat-Treated","comp-cams-high-energy-pushrods-steel-heat-treated","https://allamericanmuscle.co.za/product/comp-cams-high-energy-pushrods-steel-heat-treated/","simple","1622.45","1622.45","1622.45","no","yes","2","Engines & Components","engines-components","https://allamericanmuscle.co.za/wp-content/uploads/2026/04/product20288429.webp","COMP Cams High Energy Pushrods Steel Heat-Treated. COMP Cams High Energy pushrods in 5/16″ diameter, 7.794″ overall length — the factory length for 1955…","COMP Cams High Energy pushrods in 5/16″ diameter, 7.794″ overall length — the factory length for 1955-and-up Small Block Chevy 262–400 cu in V8 engines fitted with flat-tappet camshafts. One-piece tube steel construction with heat-treated ball-style tips on both ends, finished in black oxide for durability and corrosion resistance. Designed to meet or exceed OE pushrod specifications and pair perfectly with COMP Cams High Energy and Magnum rocker arms. Ideal for street rods, daily drivers, and mild performance builds. Specifications: Diameter: 5/16″ Length: 7.794″ (intake and exhaust) Tip style: Ball, both ends Material: Heat-treated steel, black oxide finish Quantity: Set of 16 Application: Small Block Chevy 262–400 cu in (with flat-tappet cams)"
"2227","CC-7832-16","COMP Cams High Energy Pushrods , Steel, 5/16 in. D","comp-cams-high-energy-pushrods-steel-5-16-in-d","https://allamericanmuscle.co.za/product/comp-cams-high-energy-pushrods-steel-5-16-in-d/","simple","1665.21","1665.21","1665.21","no","yes","","Engines & Components","engines-components","https://allamericanmuscle.co.za/wp-content/uploads/2026/06/dd265dbc-c2de-40ba-90df-20e7c82c1b5e.webp","COMP Cams High Energy Pushrods , Steel, 5/16 in. D. COMP Cams High Energy pushrods, 5/16″ diameter, set of 16. Heat-treated seamless steel tubing with har…","COMP Cams High Energy pushrods, 5/16″ diameter, set of 16. Heat-treated seamless steel tubing with hardened tips for dependable valvetrain performance in street and mild-performance engines. COMP Cams High Energy series; 5/16″; set of 16 Heat-treated steel, hardened ends Stock-replacement / mild performance"
"2229","EDL-1711","Edelbrock Victor Series Racing Fuel Pump SBF","edelbrock-victor-series-racing-fuel-pump-sbf","https://allamericanmuscle.co.za/product/edelbrock-victor-series-racing-fuel-pump-sbf/","simple","2954.26","2954.26","2954.26","no","yes","1","Air & Fuel Delivery","air-fuel-delivery","https://allamericanmuscle.co.za/wp-content/uploads/2026/06/EDL-1711.webp","High-performance Edelbrock Victor Series mechanical racing fuel pump designed for Small Block engines, delivering high volume and consistent pressure.","You can maximize the fuel delivery to your high-performance Small Block engine with the Edelbrock Victor Series Racing Fuel Pump SBF. We engineered this mechanical fuel pump for you to use in demanding racing applications. Consequently, it delivers a consistent and high volume of fuel. This ensures your engine receives the fuel it needs under extreme conditions. We designed it specifically for Small Block engines. It provides reliable performance and durability that racers trust. The Edelbrock Victor Series fuel pump is built with high-quality components. This is to withstand the rigors of racing. In addition, its robust construction ensures consistent fuel pressure. This is critical for you to have optimal engine performance and for preventing fuel starvation at high RPMs. Furthermore, this pump is a direct replacement for many stock mechanical fuel pumps. This makes installation relatively straightforward. Ultimately, whether you’re on the track or pushing your engine to its limits, this fuel pump is an essential upgrade for you to have reliable fuel delivery. Key Features Edelbrock Victor Series: We designed it for you to use in high-performance and racing applications. Specifically for Small Block: We optimized it for you to meet Small Block engine fuel demands. High Volume Output: It delivers the necessary fuel for demanding conditions. Consistent Fuel Pressure: It ensures you have optimal engine performance. Durable Construction: We built it to withstand racing environm"
"2230","EDL-1720","Edelbrock Performer RPM Street Fuel Pump SBC","edelbrock-performer-rpm-street-fuel-pump-sbc","https://allamericanmuscle.co.za/product/edelbrock-performer-rpm-street-fuel-pump-sbc/","simple","3546.01","3546.01","3546.01","no","yes","1","Air & Fuel Delivery","air-fuel-delivery","https://allamericanmuscle.co.za/wp-content/uploads/2026/06/EDL-1720-1.webp","Edelbrock Performer RPM mechanical street fuel pump for Small Block engines, delivering increased volume and a consistent 6 PSI.","You can upgrade your Small Block engine’s fuel delivery with the Edelbrock Performer RPM Street Fuel Pump. We designed this mechanical fuel pump for you to use in high-performance street applications. It provides a significant increase in fuel volume over stock pumps. This ensures consistent fuel delivery for Edelbrock Performer RPM intake manifolds and other performance upgrades. Furthermore, we engineered it to prevent fuel starvation in demanding street driving conditions and mild performance applications. The Edelbrock Performer RPM fuel pump maintains a consistent fuel pressure of 6 PSI. This is ideal for most aftermarket carburetors. Its three-valve design minimizes vapor lock and ensures you have reliable operation, even in warmer climates. In fact, this pump is a direct replacement for many stock mechanical fuel pumps on Small Block engines. This makes installation straightforward. Ultimately, you can enhance the performance and reliability of your street machine with this pump. Key Features Edelbrock Performer RPM Series: We optimized it for you to have street performance. Specifically for Small Block: We designed it for you to meet Small Block engine fuel demands. Increased Fuel Volume: It provides more fuel than stock pumps. Consistent 6 PSI Pressure: It is ideal for most aftermarket carburetors. Three-Valve Design: It minimizes vapor lock for you. This ensures reliable operation. Direct Replacement: It is designed to replace many stock mechanical pumps for you. En"
"2231","EDL-4264","Edelbrock Elite Series Valve Covers Ford","edelbrock-elite-series-valve-covers-ford","https://allamericanmuscle.co.za/product/edelbrock-elite-series-valve-covers-ford/","simple","3882.98","3882.98","3882.98","no","no","0","Engines & Components","engines-components","https://allamericanmuscle.co.za/wp-content/uploads/2026/06/EDL-4264.webp","Edelbrock Elite Series tall polished aluminum valve covers with black accents for Ford 289/302/351W engines.","Add a touch of classic styling and high-quality construction to your Ford 289, 302, or 351W (Windsor) engine with the Edelbrock Elite Series Valve Covers Ford. These valve covers are part of the iconic Elite Series, originally released in 1985, and offer a timeless design with a modern twist. Constructed from heavy-gauge, die-cast aluminum, they provide excellent durability and a premium look. Key Features: Edelbrock Elite Series: Iconic design with a modern touch. Fits Ford 289/302/351W: Specifically designed for these Small Block Ford engines (except Boss). Tall Profile: Approximately 3.70 inches high for increased valvetrain clearance. Polished Aluminum Finish: Provides a show-quality shine. Gloss Black Accents: Between the fins for a distinctive look. Heavy-Gauge Die-Cast Aluminum: Ensures durability and excellent sealing. Baffled: Contains oil baffles to minimize oil splash. Nationwide Delivery Across South Africa: We ship engine dress-up components nationwide. Expert Support Available: Our team can assist with any questions. Why Choose Edelbrock Elite Series Valve Covers for your Ford Small Block in South Africa? If you’re looking to enhance the visual appeal of your Ford 289, 302, or 351W engine in South Africa with a set of high-quality, classic-style valve covers that also offer increased clearance for performance valvetrain components, the Edelbrock Elite Series is an excellent choice. Specifications: Brand: Edelbrock Series: Elite II Engine Type: Ford Small Block ("
"2232","EDL-4446","Edelbrock Signature Series Chrome Valve Covers SBC","edelbrock-signature-series-chrome-valve-covers-sbc","https://allamericanmuscle.co.za/product/edelbrock-signature-series-chrome-valve-covers-sbc/","simple","1480.98","1480.98","1480.98","no","no","0","Engines & Components","engines-components","https://allamericanmuscle.co.za/wp-content/uploads/2026/06/EDL-4449.webp","Edelbrock Signature Series standard height chrome valve covers for Small Block Chevrolet engines with embossed logo. Pair.","Add a touch of classic chrome elegance to your Small Block Chevrolet (SBC) engine with the Edelbrock Signature Series Chrome Valve Covers SBC. These eye-catching valve covers feature a high-quality chrome-plated finish that will instantly enhance the appearance of your engine bay. The embossed Edelbrock signature logo adds a subtle yet distinctive touch of performance heritage. Key Features: Edelbrock Signature Series: Classic style with the iconic Edelbrock logo. Fits Small Block Chevy: Designed for most Small Block Chevrolet engines. High-Quality Chrome Finish: Provides a brilliant and durable shine. Embossed Edelbrock Logo: Adds a touch of performance branding. Standard Height: Compatible with most stock and some aftermarket valvetrain. Durable Stamped Steel: Ensures reliable sealing and protection. Easy Installation: Direct bolt-on replacement for most stock valve covers. Nationwide Delivery Across South Africa: We ship engine dress-up components nationwide. Expert Support Available: Our team can assist with any questions. Why Choose Edelbrock Signature Series Chrome Valve Covers for your SBC in South Africa? If you’re looking to add a classic chrome look to your Small Block Chevrolet engine in South Africa with a set of quality valve covers featuring the renowned Edelbrock signature, these are an excellent choice. Specifications: Brand: Edelbrock Series: Signature Series Engine Type: Small Block Chevrolet (SBC) Material: Stamped Steel Finish: Chrome Plated Height: Standa"
"2233","EDL-4449","Edelbrock Signature Series Chrome Valve Covers","edelbrock-signature-series-chrome-valve-covers","https://allamericanmuscle.co.za/product/edelbrock-signature-series-chrome-valve-covers/","simple","1393.29","1393.29","1393.29","no","no","0","Engines & Components","engines-components","https://allamericanmuscle.co.za/wp-content/uploads/2026/06/EDL-4449.webp","Edelbrock Signature Series standard height chrome valve covers for Ford 289, 302, and 351W engines with embossed logo. Pair.","Enhance the visual appeal of your Small Block Ford (SBF) engine with the Edelbrock Signature Series Chrome Valve Covers. These valve covers feature a brilliant chrome-plated finish that adds a touch of classic hot rod style to your engine bay. The embossed Edelbrock signature logo proudly displays the brand’s performance heritage. Key Features: Edelbrock Signature Series: Classic chrome style with the iconic Edelbrock logo. Fits Small Block Ford: Designed for Ford 289, 302, and 351W (Windsor) engines. High-Quality Chrome Finish: Provides a brilliant and durable shine. Embossed Edelbrock Logo: Adds a touch of performance branding. Standard Height: Compatible with most stock and some aftermarket valvetrain. Durable Stamped Steel: Ensures reliable sealing and protection. Easy Installation: Direct bolt-on replacement for most stock valve covers. Nationwide Delivery Across South Africa: We ship engine dress-up components nationwide. Expert Support Available: Our team can assist with any questions. Why Choose Edelbrock Signature Series Chrome Valve Covers for your Ford Small Block in South Africa? If you’re looking to add a classic chrome look to your Ford 289, 302, or 351W engine in South Africa with a set of quality valve covers featuring the renowned Edelbrock signature, these are an excellent choice. Specifications: Brand: Edelbrock Series: Signature Series Engine Type: Small Block Ford (SBF) – 289, 302, 351W (Windsor) Material: Stamped Steel Finish: Chrome Plated Height: Stand"
"2234","EDL-4603","Edelbrock Signature Series Valve Covers 289-351 Winsor","edelbrock-signature-series-valve-covers-289-351-winsor","https://allamericanmuscle.co.za/product/edelbrock-signature-series-valve-covers-289-351-winsor/","simple","1952.92","1952.92","1952.92","no","yes","1","Engines & Components","engines-components","https://allamericanmuscle.co.za/wp-content/uploads/2026/06/EDL-4603.webp","Edelbrock Signature Series standard-height black powder-coated valve covers for Ford 289/302/351 Windsor engines, with embossed logo. Pair.","Add a sleek, modern touch to your Ford small block with the Edelbrock Signature Series Valve Covers. Designed for 289, 302 and 351 Windsor engines, they carry a durable black powder-coated finish that resists chipping and corrosion, with the embossed Edelbrock signature giving a subtle mark of performance heritage. Sold as a pair. Key Features Fits Ford small block: 289, 302 and 351 Windsor engines. Signature Series styling: embossed Edelbrock logo on a clean black cover. Durable black powder coat: long-lasting finish that resists chips and corrosion. Standard height: compatible with most stock and mild aftermarket valvetrain. Stamped steel construction: reliable sealing and protection. Bolt-on fitment: direct replacement for most stock Windsor valve covers. Nationwide delivery across South Africa on engine dress-up components. Why choose Edelbrock Signature Series valve covers for your Windsor in South Africa? If you want a modern, blacked-out look on a 289, 302 or 351 Windsor without losing the quality of a name-brand cover, these are an easy choice — they bolt straight on, seal properly and lift the whole engine bay. Specifications Brand: Edelbrock Series: Signature Series Engine type: Ford 289 / 302 / 351 Windsor Material: Stamped steel Finish: Black powder coated Height: Standard Baffled: Yes Grommets included: Yes Oil filler cap included: No — push-in breathers / filler caps sold separately Mounting style: Perimeter bolt Quantity: Pair (set of 2) Part No: EDL-4603 Give "
"2235","EDL-77780","Edelbrock Red Roller Rockers SBF","edelbrock-red-roller-rockers-sbf","https://allamericanmuscle.co.za/product/edelbrock-red-roller-rockers-sbf/","simple","9966.35","9966.35","9966.35","no","yes","1","Engines & Components","engines-components","https://allamericanmuscle.co.za/wp-content/uploads/2026/06/EDL-77780.webp","Edelbrock red anodized full roller rockers for Small Block Ford 289/302/351W engines with 5/16″ studs. Requires guide plates or self-aligning pushrods. Set of 16.","Enhance the performance and efficiency of your Small Block Ford (SBF) 289, 302, or 351W engine with these high-quality Edelbrock Red Roller Rockers. Designed to minimize friction and improve valve lift accuracy, these roller rockers contribute to increased horsepower and torque, while also extending the lifespan of your valvetrain components. The distinctive red anodized finish adds a touch of style and provides corrosion resistance. Key Features: Edelbrock Performance: Engineered for increased power and efficiency. Specifically for S/B Ford: Designed for Small Block Ford 289, 302, and 351W engines. Full Roller Tip and Fulcrum: Reduces friction and wear. Precise Ratio: Maximizes valve lift for improved airflow. Vibrant Red Anodized Finish: Adds style and corrosion resistance. Increased Horsepower and Torque: Improves engine performance. Extended Valvetrain Life: Reduces wear on critical components. Direct Bolt-On: Easy installation on most SBF engines with 5/16″ studs. Complete Set: Includes rockers for both intake and exhaust valves. Nationwide Delivery Across South Africa: We ship valvetrain components nationwide. Expert Support Available: Our team can assist with any questions. Why Choose Edelbrock Red Roller Rockers for Small Block Ford in South Africa? If you’re looking to improve the performance and longevity of your Small Block Ford engine’s valvetrain in South Africa, these Edelbrock red roller rockers offer reduced friction, increased valve lift, and a stylish appear"
"2236","EDL-7280","Edelbrock Gaskets for Intake Manifold, Pontiac, 32","edelbrock-gaskets-for-intake-manifold-pontiac-32","https://allamericanmuscle.co.za/product/edelbrock-gaskets-for-intake-manifold-pontiac-32/","simple","383.44","383.44","383.44","no","no","0","Gaskets & Seals","gaskets-seals","https://allamericanmuscle.co.za/wp-content/uploads/2026/06/EDL-7280.webp","Edelbrock intake manifold gasket set for Pontiac 326-455 V8 engines, ensuring a reliable and leak-free seal. Set of two.","You can ensure a proper and leak-free seal between your intake manifold and cylinder heads with these high-quality Edelbrock Intake Manifold Gaskets. We designed them specifically for Pontiac 326-455 cubic inch V8 engines. Therefore, they are engineered to provide you with excellent sealing performance under a wide range of operating conditions. Using the correct gaskets is crucial for you to maintain proper vacuum, prevent coolant leaks, and ensure optimal engine performance. Ultimately, this is a critical component for any intake manifold installation. Key Features Edelbrock Quality: We trust it for high-performance engine sealing solutions. Specifically for Pontiac V8: We designed them for you to use on 326, 350, 389, 400, 428, and 455 Pontiac V8 engines. Ensures Leak-Free Seal: It prevents vacuum and coolant leaks for you. Durable Construction: We made it from quality materials for longevity. Precise Die-Cut: This ensures accurate fitment and easy installation. Essential for Intake Manifold Installation: It provides a reliable seal. Sold as a Set: The set contains all necessary gaskets for one intake manifold. Why Choose Edelbrock Intake Manifold Gaskets in South Africa? If you’re working on a Pontiac 326-455 V8 engine in South Africa and need reliable intake manifold gaskets to ensure a proper seal, these Edelbrock gaskets are the perfect choice. They are designed for the job. Furthermore, they offer the quality you expect from Edelbrock. Consequently, you can rebuild wi"
"2237","EDL-7589","Edelbrock Performer CRC Hemi Gen I Valve Cover Gasket","edelbrock-performer-crc-hemi-gen-i-valve-cover-gasket","https://allamericanmuscle.co.za/product/edelbrock-performer-crc-hemi-gen-i-valve-cover-gasket/","simple","2640.75","2640.75","2640.75","no","no","0","Gaskets & Seals","gaskets-seals","https://allamericanmuscle.co.za/wp-content/uploads/2026/06/EDL-7589-scaled-1.webp","Edelbrock valve cover gasket set for Performer CRC series valve covers on Generation I Chrysler Hemi engines. Pair.","Ensure a tight and reliable seal for your Edelbrock Performer CRC series valve covers on your Generation I Chrysler Hemi engine with these specifically designed Edelbrock Valve Cover Gaskets. These high-quality gaskets are engineered to match the unique shape and dimensions of the Performer CRC valve covers, preventing oil leaks and maintaining a clean engine bay. Key Features: Edelbrock Quality: Trusted for high-performance engine sealing solutions. Specifically for Performer CRC: Designed for Edelbrock Performer CRC Gen I Hemi valve covers. Ensures Leak-Free Seal: Prevents oil leaks from the valve covers. Durable Construction: Made from quality materials for longevity. Precise Fit: Matches the shape of Edelbrock Performer CRC valve covers. Essential for Valve Cover Installation: Provides a reliable seal. Sold as a Pair: Contains two gaskets for both valve covers. Nationwide Delivery Across South Africa: We ship engine gaskets nationwide. Expert Support Available: Our team can assist with any questions. Why Choose Edelbrock Performer CRC Hemi Gen I Valve Cover Gaskets in South Africa? If you are using Edelbrock Performer CRC series valve covers on your Generation I Chrysler Hemi engine in South Africa, these are the correct gaskets to ensure a proper and leak-free seal. Specifications: Brand: Edelbrock Series: Performer CRC Engine Type: Generation I Chrysler Hemi Valve Cover Compatibility: Edelbrock Performer CRC Series Material: Cork Rubber Composite Thickness: Standard Qua"
"2238","EDL-7163","Edelbrock Performer Intake Manifold Big Block","edelbrock-performer-intake-manifold-big-block","https://allamericanmuscle.co.za/product/edelbrock-performer-intake-manifold-big-block/","simple","15000.00","15000.00","15000.00","no","no","0","Engines & Components","engines-components","https://allamericanmuscle.co.za/wp-content/uploads/2026/06/Intake-BB-1.webp","Edelbrock Performer Intake Manifold Big Block. Edelbrock Performer-series aluminium intake manifold for big-block applications. The Performer dual-plane d…","Edelbrock Performer-series aluminium intake manifold for big-block applications. The Performer dual-plane design delivers strong low- and mid-range torque and crisp throttle response for street-driven cars, while shedding weight versus a cast-iron factory manifold. Edelbrock Performer dual-plane aluminium intake Big-block application; idle-to-5500 rpm range Lightweight with excellent street manners"
"2239","P1525-30","Enginetech 351C Dish Top Pistons","enginetech-351c-dish-top-pistons","https://allamericanmuscle.co.za/product/enginetech-351c-dish-top-pistons/","simple","3447.65","3447.65","3447.65","no","yes","1","Engines & Components","engines-components","https://allamericanmuscle.co.za/wp-content/uploads/2026/06/e3f38433-1b3c-4cb2-a79b-06e1dcba2421.webp","351C Dish Top Pistons – fits Ford 351 Cleveland. Upgrade with the 351C Dish Top Pistons. Quality pistons and rings for dependable compression and cylinder…","Upgrade with the 351C Dish Top Pistons. Quality pistons and rings for dependable compression and cylinder sealing in rebuilds and performance builds. Engineered to fit Ford 351 Cleveland applications. Enginetech performance you can count on, shipped fast across South Africa. Brand: Enginetech Application: Ford 351 Cleveland Part No: P1525-30"
"2240","BB123J25","Enginetech Rod Bearing Chrysler / Jeep 3.7L","enginetech-rod-bearing-chrysler-jeep-3-7l","https://allamericanmuscle.co.za/product/enginetech-rod-bearing-chrysler-jeep-3-7l/","simple","545.79","545.79","545.79","no","yes","1","Engines & Components","engines-components","https://allamericanmuscle.co.za/wp-content/uploads/2026/04/product20286429.webp","Enginetech Rod Bearing Chrysler / Jeep 3.7L","Enginetech Rod Bearing for Chrysler and Jeep 3.7L engines. High-quality materials with excellent wear resistance and precise tolerances."
"2241","BC115J STD","Enginetech Chrysler 5.7L Main Bearing (Standard)","enginetech-chrysler-5-7l-main-bearing-standard","https://allamericanmuscle.co.za/product/enginetech-chrysler-5-7l-main-bearing-standard/","simple","838.59","838.59","838.59","no","yes","1","Engines & Components","engines-components","https://allamericanmuscle.co.za/wp-content/uploads/2026/06/042ec30d-ec74-4787-a5c9-eb931bb936cc.webp","Chrysler 5.7L Main Bearing (Standard) – fits Chrysler / Mopar. The Chrysler 5.7L Main Bearing (Standard) from All American Muscle. Precision engine bearin…","The Chrysler 5.7L Main Bearing (Standard) from All American Muscle. Precision engine bearings that meet or exceed OE specifications for correct clearance and long service life. Engineered to fit Chrysler / Mopar applications. Backed by Enginetech and ideal for street and performance use. Brand: Enginetech Application: Chrysler / Mopar Part No: BC115J STD"
"2242","BC306J10","Enginetech Ford 351 Windsor Main bearings","enginetech-ford-351-windsor-main-bearings","https://allamericanmuscle.co.za/product/enginetech-ford-351-windsor-main-bearings/","simple","984.25","984.25","984.25","no","no","0","Engines & Components","engines-components","https://allamericanmuscle.co.za/wp-content/uploads/2026/06/c0448ea6-ac0d-4fd0-a0b4-efaa8ee06567.webp","Ford 351 Windsor Main bearings – fits Ford Small Block (Windsor). Fit your build with the Ford 351 Windsor Main bearings. Precision engine bearings that m…","Fit your build with the Ford 351 Windsor Main bearings. Precision engine bearings that meet or exceed OE specifications for correct clearance and long service life. Engineered to fit Ford Small Block (Windsor) applications. A reliable Enginetech choice for your American muscle or hot-rod project. Brand: Enginetech Application: Ford Small Block (Windsor) Part No: BC306J10"
"2243","BC306J20","Enginetech Ford 351 Windsor Main bearings","enginetech-ford-351-windsor-main-bearings-2","https://allamericanmuscle.co.za/product/enginetech-ford-351-windsor-main-bearings-2/","simple","984.25","984.25","984.25","no","yes","1","Engines & Components","engines-components","https://allamericanmuscle.co.za/wp-content/uploads/2026/06/c0448ea6-ac0d-4fd0-a0b4-efaa8ee06567.webp","Ford 351 Windsor Main bearings – fits Ford Small Block (Windsor). Shop the Ford 351 Windsor Main bearings at All American Muscle. Precision engine bearing…","Shop the Ford 351 Windsor Main bearings at All American Muscle. Precision engine bearings that meet or exceed OE specifications for correct clearance and long service life. Engineered to fit Ford Small Block (Windsor) applications. Enginetech performance you can count on, shipped fast across South Africa. Brand: Enginetech Application: Ford Small Block (Windsor) Part No: BC306J20"
"2244","TS358","Enginetech Timing Set Ford Windsor 2-Piece Seal","enginetech-timing-set-ford-windsor-2-piece-seal","https://allamericanmuscle.co.za/product/enginetech-timing-set-ford-windsor-2-piece-seal/","simple","582.30","582.30","582.30","no","yes","1","Engines & Components","engines-components","https://allamericanmuscle.co.za/wp-content/uploads/2026/06/TS358A.webp","Enginetech timing chain set for Ford Windsor engines with a 2-piece rear main seal.","Ensure accurate and reliable valve timing for your Ford Windsor engine equipped with a 2-piece rear main seal using the Enginetech Timing Set, available across South Africa from Pretoria. This complete set typically includes the timing chain and the necessary sprockets (camshaft and crankshaft) to synchronize the rotation of these vital engine components. Proper timing is crucial for optimal engine performance, fuel efficiency, and preventing engine damage. The Enginetech is specifically designed for Ford Windsor engines that utilize a 2-piece rear main seal. This set is engineered to meet or exceed OEM specifications for durability and precision, ensuring reliable operation for your engine rebuild or maintenance. Replacing your timing set is a critical part of any major engine overhaul or when recommended by the vehicle’s service manual to prevent potential timing chain failure. Key Features: Enginetech Quality: Reliable and durable engine components. Specifically for Ford Windsor (2-Piece Seal): Ensures correct fitment for these engines. Complete Set: Includes the timing chain and necessary sprockets. Ensures Accurate Valve Timing: Crucial for optimal engine performance. Meets or Exceeds OEM Specs: Provides reliable and long-lasting operation. Essential for Engine Rebuilds: A key component for a successful engine overhaul. Nationwide Delivery Across South Africa: We ship engine timing sets nationwide from Pretoria. Expert Support Available: Our team in Pretoria can assist w"
"2245","BC240J010","Main Brng Ford 3.6L 221 4.2L 255 4.3L 260 4.7L 289","main-brng-ford-3-6l-221-4-2l-255-4-3l-260-4-7l-289","https://allamericanmuscle.co.za/product/main-brng-ford-3-6l-221-4-2l-255-4-3l-260-4-7l-289/","simple","1455.27","1455.27","1455.27","no","yes","1","Engines & Components","engines-components","https://allamericanmuscle.co.za/wp-content/uploads/2026/06/e8df6ab9-3f0e-45ea-bd5a-9f2b61f18e7a.webp","Main Brng Ford 3.6L 221 4.2L 255 4.3L 260 4.7L 289 – fits Ford Small Block (Windsor). Main Brng Ford 3.6L 221 4.2L 255 4.3L 260 4.7L 289. Manufactured to…","Main Brng Ford 3.6L 221 4.2L 255 4.3L 260 4.7L 289. Manufactured to meet or exceed OE specifications for a dependable, budget-friendly rebuild. Engineered to fit Ford Small Block (Windsor) applications. Backed by Enginetech and ideal for street and performance use. Brand: Enginetech Application: Ford Small Block (Windsor) Part No: BC240J010"
"2246","BC240 STD","Main Bearing Ford 302","main-bearing-ford-302","https://allamericanmuscle.co.za/product/main-bearing-ford-302/","simple","698.34","698.34","698.34","no","yes","2","Engines & Components","engines-components","https://allamericanmuscle.co.za/wp-content/uploads/2026/06/e8df6ab9-3f0e-45ea-bd5a-9f2b61f18e7a.webp","Main Bearing Ford 302 – fits Ford Small Block (Windsor). The Main Bearing Ford 302 from All American Muscle. Precision engine bearings that meet or exceed…","The Main Bearing Ford 302 from All American Muscle. Precision engine bearings that meet or exceed OE specifications for correct clearance and long service life. Engineered to fit Ford Small Block (Windsor) applications. A reliable Enginetech choice for your American muscle or hot-rod project. Brand: Enginetech Application: Ford Small Block (Windsor) Part No: BC240 STD"
"2247","S68S","Enginetech Oil Pump Pickup Screen Ford 289/302 Windsor","enginetech-oil-pump-pickup-screen-ford-289-302-windsor","https://allamericanmuscle.co.za/product/enginetech-oil-pump-pickup-screen-ford-289-302-windsor/","simple","850.00","850.00","850.00","no","yes","","Engines & Components","engines-components","https://allamericanmuscle.co.za/wp-content/uploads/2026/06/S68S.webp","Enginetech oil pump pickup screen for reliable oil filtration in Ford 289 and 302 Windsor engines.","Ensure clean and consistent oil flow to your Ford 289 or 302 Windsor engine’s oil pump with the Enginetech Oil Pump Pickup Screen, available across South Africa. We design this essential component to filter out debris and contaminants from the engine oil. Consequently, it prevents them from entering the oil pump and causing damage or reduced performance. Furthermore, the oil pump pickup screen is a crucial part of maintaining proper oil pressure and lubrication throughout your engine. We specifically designed the Enginetech for Ford 289 and 302 cubic inch Windsor V8 engines, and we build it to meet or exceed OEM specifications for reliable filtration and durability. Therefore, we highly recommend replacing your pickup screen during an engine rebuild or when installing a new oil pump to ensure optimal engine health. Key Features: Enginetech Quality: Reliable and durable engine components. Designed for Ford 289/302 Windsor: Precise fitment for these engines. Prevents Debris Entry: Filters contaminants from the engine oil. Maintains Oil Pressure: Ensures consistent oil flow to the pump. Durable Construction: Built to withstand engine oil and temperatures. Essential for Engine Health: Protects the oil pump from damage. Recommended for Engine Rebuilds: A key component for long-term reliability. Nationwide Delivery Across South Africa: We ship engine oil pump screens nationwide from Pretoria. Expert Support Available: Our team in Pretoria can assist with any questions. Why Choose t"
"2248","P1525-40","Enginetech 351C Pistons","enginetech-351c-pistons","https://allamericanmuscle.co.za/product/enginetech-351c-pistons/","simple","3447.65","3447.65","3447.65","no","yes","","Engines & Components","engines-components","https://allamericanmuscle.co.za/wp-content/uploads/2026/06/P1525-40.webp","The Enginetech 351C pistons 040 SA are high-quality .040″, 00: Standard Bore, 0.20″ Overbore, 0.30″ Overbore and 0.60″ Overbore pistons, specifically designed for rebuilding Ford 351 Cleveland engines with precision.","Restore or rebuild your Ford 351 Cleveland engine with precision using the Enginetech 351C pistons 040 SA. These high-quality pistons are designed for a .040″, 0.30″ Overbore and 0.60″ Overbore application (meaning 0.040 inches oversized), making them ideal for reconditioning worn cylinder bores during an engine rebuild. Consequently, they are a crucial component for restoring lost compression, improving engine efficiency, and extending the life of your classic Ford 351C. Furthermore, these Enginetech 351C pistons are manufactured to meet or exceed OEM specifications, ensuring reliable performance and a precise fit within your engine block. Indeed, each piston is crafted from durable materials to withstand the extreme pressures and temperatures of combustion, promising long-lasting reliability. Moreover, the .040″ overbore size allows for proper cylinder wall cleanup, preparing your engine for renewed power. Additionally, as part of the Enginetech lineup, these pistons represent a commitment to quality and precision engineering for engine builders. Ultimately, choosing the Enginetech 351C pistons 040 SA means investing in the foundation of a robust and revitalized Ford 351 Cleveland engine in South Africa. Key Features: Enginetech Quality: Trusted brand known for precision-engineered engine components. 351C Application: Specifically designed for Ford 351 Cleveland engines. Durable Construction: Manufactured from high-quality materials for longevity and performance. Restores C"
"2249","P1525-60","Enginetech 351C Top Pistons","enginetech-351c-top-pistons","https://allamericanmuscle.co.za/product/enginetech-351c-top-pistons/","simple","3447.65","3447.65","3447.65","no","no","0","Engines & Components","engines-components","https://allamericanmuscle.co.za/wp-content/uploads/2026/06/34ef6d47-7558-40f5-8125-e959625b940c.webp","351C Top Pistons – fits Ford 351 Cleveland. Upgrade with the 351C Top Pistons. Quality pistons and rings for dependable compression and cylinder sealing i…","Upgrade with the 351C Top Pistons. Quality pistons and rings for dependable compression and cylinder sealing in rebuilds and performance builds. Engineered to fit Ford 351 Cleveland applications. Backed by Enginetech and ideal for street and performance use. Brand: Enginetech Application: Ford 351 Cleveland Part No: P1525-60"
"2250","BC115J25","Enginetech Chrysler 5.7L Main Bearing (0.25mm)","enginetech-chrysler-5-7l-main-bearing-0-25mm","https://allamericanmuscle.co.za/product/enginetech-chrysler-5-7l-main-bearing-0-25mm/","simple","838.59","838.59","838.59","no","yes","","Engines & Components","engines-components","https://allamericanmuscle.co.za/wp-content/uploads/2026/06/BC115JSTD-1.webp","Chrysler 5.7L Main Bearing (0.25mm) – fits Chrysler / Mopar. Chrysler 5.7L Main Bearing (0.25mm). Precision engine bearings that meet or exceed OE specifi…","Chrysler 5.7L Main Bearing (0.25mm). Precision engine bearings that meet or exceed OE specifications for correct clearance and long service life. Engineered to fit Chrysler / Mopar applications. A reliable Enginetech choice for your American muscle or hot-rod project. Brand: Enginetech Application: Chrysler / Mopar Part No: BC115J25"
"2251","EP68","Enginetech Ford 289 302 Oil Pump","enginetech-ford-289-302-oil-pump","https://allamericanmuscle.co.za/product/enginetech-ford-289-302-oil-pump/","simple","2430.17","2430.17","2430.17","no","yes","","Engines & Components","engines-components","https://allamericanmuscle.co.za/wp-content/uploads/2026/06/EP68.webp|https://allamericanmuscle.co.za/wp-content/uploads/2026/06/ep68_1.webp","Enginetech standard volume oil pump for Ford 289 and 302 Windsor Small Block engines. Direct replacement for reliable lubrication.","Enginetech Ford 289 302 oil pump ensures reliable lubrication for your Ford Small Block Windsor engine. This EP68 Standard oil pump is specifically designed for the Ford 289 and 302 cubic inch Windsor V8s. It delivers consistent oil pressure and flow, which are crucial for protecting vital engine components during operation. Consequently, selecting a high-quality oil pump like this one becomes paramount for any rebuild or maintenance project. Precision Engineering for Optimal Oil Flow Furthermore, Enginetech manufactures this Ford 289 302 oil pump to exacting standards. It consistently meets or exceeds OEM specifications for performance and durability. Indeed, robust materials expertly craft the pump’s housing and internal gears, ensuring efficient oil delivery and long-lasting reliability. Moreover, choosing a standard volume and pressure pump like the EP68 means you restore factory specifications, crucial for street applications. Why Choose the Enginetech EP68 Oil Pump? The Enginetech EP68 oil pump offers a direct fit replacement for your Ford 289 or 302 Windsor engine. It comes complete with necessary gaskets (as seen in the image) for a straightforward installation. Therefore, this pump provides a convenient and high-quality solution for restoring your engine’s critical lubrication system. Ultimately, investing in this Enginetech Ford 289 302 oil pump means securing the very heart of your engine’s health, right here in Alberton, South Africa. Key Features: Enginetech Qual"
"2252","P1501-8-00","Enginetech Piston Ford Flat Top 4BBL 289/302 Winds","enginetech-piston-ford-flat-top-4bbl-289-302-winds","https://allamericanmuscle.co.za/product/enginetech-piston-ford-flat-top-4bbl-289-302-winds/","simple","2910.57","2910.57","2910.57","no","no","0","Engines & Components","engines-components","https://allamericanmuscle.co.za/wp-content/uploads/2026/06/2619f71f-6b7b-4063-9e4b-81f5c4b7a061.webp","Piston Ford Flat Top 4BBL 289/302 Winds – fits Ford Small Block (Windsor). Fit your build with the Piston Ford Flat Top 4BBL 289/302 Winds. Quality piston…","Fit your build with the Piston Ford Flat Top 4BBL 289/302 Winds. Quality pistons and rings for dependable compression and cylinder sealing in rebuilds and performance builds. Engineered to fit Ford Small Block (Windsor) applications. Genuine Enginetech quality, in stock and ready to ship. Brand: Enginetech Application: Ford Small Block (Windsor) Part No: P1501-8-00"
"2253","P1501-8-20","PISTON FORD 4.7L 289 5.0L 302 FLAT TOP 4BBL","piston-ford-4-7l-289-5-0l-302-flat-top-4bbl","https://allamericanmuscle.co.za/product/piston-ford-4-7l-289-5-0l-302-flat-top-4bbl/","simple","8879.52","8879.52","8879.52","no","yes","","Engines & Components","engines-components","https://allamericanmuscle.co.za/wp-content/uploads/2026/06/0bb257a6-773d-41f7-b93a-f8e567aeb867.webp","PISTON FORD 4.7L 289 5.0L 302 FLAT TOP 4BBL – fits Ford Small Block (Windsor). Shop the PISTON FORD 4.7L 289 5.0L 302 FLAT TOP 4BBL at All American Muscle…","Shop the PISTON FORD 4.7L 289 5.0L 302 FLAT TOP 4BBL at All American Muscle. Quality pistons and rings for dependable compression and cylinder sealing in rebuilds and performance builds. Engineered to fit Ford Small Block (Windsor) applications. Backed by Enginetech and ideal for street and performance use. Brand: Enginetech Application: Ford Small Block (Windsor) Part No: P1501-8-20"
"2254","P1526-8-0","Enginetech Piston Ford Flat Top 4BBL 289/302 Winds","enginetech-piston-ford-flat-top-4bbl-289-302-winds-2","https://allamericanmuscle.co.za/product/enginetech-piston-ford-flat-top-4bbl-289-302-winds-2/","simple","4066.78","4066.78","4066.78","no","no","0","Engines & Components","engines-components","https://allamericanmuscle.co.za/wp-content/uploads/2026/06/2619f71f-6b7b-4063-9e4b-81f5c4b7a061.webp","Piston Ford Flat Top 4BBL 289/302 Winds – fits Ford Small Block (Windsor). Upgrade with the Piston Ford Flat Top 4BBL 289/302 Winds. Quality pistons and r…","Upgrade with the Piston Ford Flat Top 4BBL 289/302 Winds. Quality pistons and rings for dependable compression and cylinder sealing in rebuilds and performance builds. Engineered to fit Ford Small Block (Windsor) applications. A reliable Enginetech choice for your American muscle or hot-rod project. Brand: Enginetech Application: Ford Small Block (Windsor) Part No: P1526-8-0"
"2255","P1526-8-20","Enginetech Piston Ford 351 Windsor","enginetech-piston-ford-351-windsor","https://allamericanmuscle.co.za/product/enginetech-piston-ford-351-windsor/","simple","4066.78","4066.78","4066.78","no","no","0","Engines & Components","engines-components","https://allamericanmuscle.co.za/wp-content/uploads/2026/06/egn-p15268020_xl.webp","Piston Ford 351 Windsor – fits Ford Small Block (Windsor). Piston Ford 351 Windsor. Quality pistons and rings for dependable compression and cylinder seal…","Piston Ford 351 Windsor. Quality pistons and rings for dependable compression and cylinder sealing in rebuilds and performance builds. Engineered to fit Ford Small Block (Windsor) applications. Enginetech performance you can count on, shipped fast across South Africa. Brand: Enginetech Application: Ford Small Block (Windsor) Part No: P1526-8-20"
"2256","P1526-8-30","Enginetech Piston Ford 351 Windsor","enginetech-piston-ford-351-windsor-2","https://allamericanmuscle.co.za/product/enginetech-piston-ford-351-windsor-2/","simple","4066.78","4066.78","4066.78","no","no","0","Engines & Components","engines-components","https://allamericanmuscle.co.za/wp-content/uploads/2026/06/egn-p15268020_xl.webp","Piston Ford 351 Windsor – fits Ford Small Block (Windsor). The Piston Ford 351 Windsor from All American Muscle. Quality pistons and rings for dependable…","The Piston Ford 351 Windsor from All American Muscle. Quality pistons and rings for dependable compression and cylinder sealing in rebuilds and performance builds. Engineered to fit Ford Small Block (Windsor) applications. Genuine Enginetech quality, in stock and ready to ship. Brand: Enginetech Application: Ford Small Block (Windsor) Part No: P1526-8-30"
"2257","P1526-8-40","Enginetech Piston Ford Flat Top 4BBL 289/302 Winds","enginetech-piston-ford-flat-top-4bbl-289-302-winds-3","https://allamericanmuscle.co.za/product/enginetech-piston-ford-flat-top-4bbl-289-302-winds-3/","simple","4066.78","4066.78","4066.78","no","no","0","Engines & Components","engines-components","https://allamericanmuscle.co.za/wp-content/uploads/2026/06/2619f71f-6b7b-4063-9e4b-81f5c4b7a061.webp","Piston Ford Flat Top 4BBL 289/302 Winds – fits Ford Small Block (Windsor). Fit your build with the Piston Ford Flat Top 4BBL 289/302 Winds. Quality piston…","Fit your build with the Piston Ford Flat Top 4BBL 289/302 Winds. Quality pistons and rings for dependable compression and cylinder sealing in rebuilds and performance builds. Engineered to fit Ford Small Block (Windsor) applications. Backed by Enginetech and ideal for street and performance use. Brand: Enginetech Application: Ford Small Block (Windsor) Part No: P1526-8-40"
"2258","BC307J10","Enginetech Main Bearings 351 Windsor","enginetech-main-bearings-351-windsor","https://allamericanmuscle.co.za/product/enginetech-main-bearings-351-windsor/","simple","984.27","984.27","984.27","no","yes","","Engines & Components","engines-components","https://allamericanmuscle.co.za/wp-content/uploads/2026/06/BC307J30.webp","High-quality Enginetech Main Bearings for 351 Windsor engines. Ensure optimal engine performance and durability.","Are you looking for reliable main bearings for your 351 Windsor engine in South Africa? Look no further, because the Enginetech Main Bearings 351 Windsor provide you with exceptional durability and performance. They ensure your engine runs smoothly and efficiently. These bearings are designed to meet or exceed OEM specifications, which gives you precise fitment and long-lasting reliability. Consequently, they are ideal for you if you are a South African automotive enthusiast who demands quality engine components. As a trusted supplier, we provide you with top-tier parts to keep your engine performing at its best. Key Features Precision Fitment: We designed them to meet or exceed OEM specifications. This ensures a perfect fit. Enhanced Durability: It ensures long-lasting engine performance. The high-quality materials we used make these bearings stronger than standard parts. Optimal Engine Protection: It reduces friction and wear on the crankshaft. This is crucial for you in a high-performance engine. Trusted Brand: Enginetech is known for high-quality engine components. Therefore, you can trust that these bearings will perform as you expect. Nationwide Shipping: We deliver engine components across South Africa. Local Expertise: We understand the needs of South African engine builders and enthusiasts. Why Choose Enginetech Main Bearings 351 Windsor? Enginetech is a brand trusted by engine builders around the world. These main bearings are a crucial component for your engine’s h"
"2259","EP84A","Enginetech Oil Pump Ford 351 Cleveland","enginetech-oil-pump-ford-351-cleveland","https://allamericanmuscle.co.za/product/enginetech-oil-pump-ford-351-cleveland/","simple","2029.50","2029.50","2029.50","no","yes","","Engines & Components","engines-components","https://allamericanmuscle.co.za/wp-content/uploads/2026/06/EP84A.webp","Enginetech EP84A standard volume oil pump for Ford 351 Cleveland engines. Ensures reliable lubrication.","Ensure reliable oil circulation and pressure for your Ford 351 Cleveland engine with the Enginetech EP84A Oil Pump. This high-quality oil pump is designed to meet or exceed OEM specifications, providing a dependable solution for your engine rebuild or maintenance needs. The oil pump is a critical component of your engine’s lubrication system, responsible for drawing oil from the pan and circulating it throughout the engine to lubricate vital parts, reduce friction, and dissipate heat. The Enginetech EP84A is specifically engineered for the Ford 351 Cleveland V8 engine, ensuring proper fitment and performance. Enginetech is a trusted name in engine components, known for producing parts that meet the demands of various driving conditions. Replacing your oil pump during an engine rebuild or when the original pump is worn or failing is essential for maintaining engine health and preventing costly damage. The Enginetech EP84A oil pump offers a reliable and cost-effective solution. We offer nationwide delivery across South Africa from Alberton. Key Features: Enginetech Quality: A trusted brand in engine components. Direct Fit: Specifically designed for Ford 351 Cleveland V8 engines. Meets or Exceeds OEM Specs: Ensures proper fit and function. Reliable Performance: Provides consistent oil pressure and circulation. Essential for Engine Health: Protects vital engine components. Durable Construction: Built to withstand demanding engine conditions. Why Choose the Enginetech EP84A Oil Pu"
"2260","P1501-8-030","Enginetech Piston Ford Flat Top 4BBL 289/302 Winds","enginetech-piston-ford-flat-top-4bbl-289-302-winds-4","https://allamericanmuscle.co.za/product/enginetech-piston-ford-flat-top-4bbl-289-302-winds-4/","simple","2910.57","2910.57","2910.57","no","yes","","Engines & Components","engines-components","https://allamericanmuscle.co.za/wp-content/uploads/2026/06/2619f71f-6b7b-4063-9e4b-81f5c4b7a061.webp","Piston Ford Flat Top 4BBL 289/302 Winds – fits Ford Small Block (Windsor). Piston Ford Flat Top 4BBL 289/302 Winds. Quality pistons and rings for dependab…","Piston Ford Flat Top 4BBL 289/302 Winds. Quality pistons and rings for dependable compression and cylinder sealing in rebuilds and performance builds. Engineered to fit Ford Small Block (Windsor) applications. Genuine Enginetech quality, in stock and ready to ship. Brand: Enginetech Application: Ford Small Block (Windsor) Part No: P1501-8-030"
"2261","P1501-8-040","Enginetech Piston Ford Flat Top 4BBL 289/302 Winds","enginetech-piston-ford-flat-top-4bbl-289-302-winds-5","https://allamericanmuscle.co.za/product/enginetech-piston-ford-flat-top-4bbl-289-302-winds-5/","simple","2910.57","2910.57","2910.57","no","no","0","Engines & Components","engines-components","https://allamericanmuscle.co.za/wp-content/uploads/2026/06/2619f71f-6b7b-4063-9e4b-81f5c4b7a061.webp","Piston Ford Flat Top 4BBL 289/302 Winds – fits Ford Small Block (Windsor). The Piston Ford Flat Top 4BBL 289/302 Winds from All American Muscle. Quality p…","The Piston Ford Flat Top 4BBL 289/302 Winds from All American Muscle. Quality pistons and rings for dependable compression and cylinder sealing in rebuilds and performance builds. Engineered to fit Ford Small Block (Windsor) applications. Backed by Enginetech and ideal for street and performance use. Brand: Enginetech Application: Ford Small Block (Windsor) Part No: P1501-8-040"
"2262","P1501-8-060","Enginetech Piston Ford Flat Top 4BBL 289/302 Winds","enginetech-piston-ford-flat-top-4bbl-289-302-winds-6","https://allamericanmuscle.co.za/product/enginetech-piston-ford-flat-top-4bbl-289-302-winds-6/","simple","2910.57","2910.57","2910.57","no","yes","","Engines & Components","engines-components","https://allamericanmuscle.co.za/wp-content/uploads/2026/06/2619f71f-6b7b-4063-9e4b-81f5c4b7a061.webp","Piston Ford Flat Top 4BBL 289/302 Winds – fits Ford Small Block (Windsor). Fit your build with the Piston Ford Flat Top 4BBL 289/302 Winds. Quality piston…","Fit your build with the Piston Ford Flat Top 4BBL 289/302 Winds. Quality pistons and rings for dependable compression and cylinder sealing in rebuilds and performance builds. Engineered to fit Ford Small Block (Windsor) applications. A reliable Enginetech choice for your American muscle or hot-rod project. Brand: Enginetech Application: Ford Small Block (Windsor) Part No: P1501-8-060"
"2263","P1534-8-00","Enginetech SBC Flat top pistons","enginetech-sbc-flat-top-pistons","https://allamericanmuscle.co.za/product/enginetech-sbc-flat-top-pistons/","simple","7946.76","7946.76","7946.76","no","yes","","Engines & Components","engines-components","https://allamericanmuscle.co.za/wp-content/uploads/2026/06/5b57578e-f9d9-428f-8686-b7f821344029.webp","SBC Flat top pistons – fits Small Block Chevy. Shop the SBC Flat top pistons at All American Muscle. Quality pistons and rings for dependable compression…","Shop the SBC Flat top pistons at All American Muscle. Quality pistons and rings for dependable compression and cylinder sealing in rebuilds and performance builds. Engineered to fit Small Block Chevy applications. Enginetech performance you can count on, shipped fast across South Africa. Brand: Enginetech Application: Small Block Chevy Part No: P1534-8-00"
"2264","P1534-8-020","Enginetech Piston GM Chevy Flat Top 5.7L 350 0.020","enginetech-piston-gm-chevy-flat-top-5-7l-350-0-020","https://allamericanmuscle.co.za/product/enginetech-piston-gm-chevy-flat-top-5-7l-350-0-020/","simple","3162.76","3162.76","3162.76","no","no","0","Engines & Components","engines-components","https://allamericanmuscle.co.za/wp-content/uploads/2026/06/5b57578e-f9d9-428f-8686-b7f821344029.webp","Piston GM Chevy Flat Top 5.7L 350 0.020 – fits Small Block Chevy. Upgrade with the Piston GM Chevy Flat Top 5.7L 350 0.020. Quality pistons and rings for…","Upgrade with the Piston GM Chevy Flat Top 5.7L 350 0.020. Quality pistons and rings for dependable compression and cylinder sealing in rebuilds and performance builds. Engineered to fit Small Block Chevy applications. Genuine Enginetech quality, in stock and ready to ship. Brand: Enginetech Application: Small Block Chevy Part No: P1534-8-020"
"2265","P1534-8-060","PISTON GM Chevy 5.7L 350 FLAT TOP","piston-gm-chevy-5-7l-350-flat-top","https://allamericanmuscle.co.za/product/piston-gm-chevy-5-7l-350-flat-top/","simple","7788.38","7788.38","7788.38","no","yes","","Engines & Components","engines-components","https://allamericanmuscle.co.za/wp-content/uploads/2026/06/5b57578e-f9d9-428f-8686-b7f821344029.webp","PISTON GM Chevy 5.7L 350 FLAT TOP – fits Small Block Chevy. PISTON GM Chevy 5.7L 350 FLAT TOP. Quality pistons and rings for dependable compression and cy…","PISTON GM Chevy 5.7L 350 FLAT TOP. Quality pistons and rings for dependable compression and cylinder sealing in rebuilds and performance builds. Engineered to fit Small Block Chevy applications. Backed by Enginetech and ideal for street and performance use. Brand: Enginetech Application: Small Block Chevy Part No: P1534-8-060"
"2266","BB214 STD","Enginetech Ford 289302 Windsor Rod Bearing (Standa","enginetech-ford-289302-windsor-rod-bearing-standa","https://allamericanmuscle.co.za/product/enginetech-ford-289302-windsor-rod-bearing-standa/","simple","986.41","986.41","986.41","no","no","0","Engines & Components","engines-components","https://allamericanmuscle.co.za/wp-content/uploads/2026/06/86a77015-6707-45c6-841c-0e5c5c325391.webp","Ford 289302 Windsor Rod Bearing (Standa – fits Ford Small Block (Windsor). The Ford 289302 Windsor Rod Bearing (Standa from All American Muscle. Precision…","The Ford 289302 Windsor Rod Bearing (Standa from All American Muscle. Precision engine bearings that meet or exceed OE specifications for correct clearance and long service life. Engineered to fit Ford Small Block (Windsor) applications. A reliable Enginetech choice for your American muscle or hot-rod project. Brand: Enginetech Application: Ford Small Block (Windsor) Part No: BB214 STD"
"2267","BC306J40","Enginetech Ford 351 Windsor Main bearings","enginetech-ford-351-windsor-main-bearings-3","https://allamericanmuscle.co.za/product/enginetech-ford-351-windsor-main-bearings-3/","simple","984.25","984.25","984.25","no","no","0","Engines & Components","engines-components","https://allamericanmuscle.co.za/wp-content/uploads/2026/06/da0962df-09fc-4fd4-abc3-09f98c23be21.webp","Ford 351 Windsor Main bearings – fits Ford Small Block (Windsor). Fit your build with the Ford 351 Windsor Main bearings. Precision engine bearings that m…","Fit your build with the Ford 351 Windsor Main bearings. Precision engine bearings that meet or exceed OE specifications for correct clearance and long service life. Engineered to fit Ford Small Block (Windsor) applications. Enginetech performance you can count on, shipped fast across South Africa. Brand: Enginetech Application: Ford Small Block (Windsor) Part No: BC306J40"
"2268","C350LM-24","EngineTech oil pan gasket GM CHEV 5.7L 350 UMB VSS","enginetech-oil-pan-gasket-gm-chev-5-7l-350-umb-vss","https://allamericanmuscle.co.za/product/enginetech-oil-pan-gasket-gm-chev-5-7l-350-umb-vss/","simple","2695.85","2695.85","2695.85","no","yes","2","Engines & Components","engines-components","https://allamericanmuscle.co.za/wp-content/uploads/2026/06/C350LM-24-1.webp","Premium EngineTech one-piece oil pan gasket for GM/Chevrolet 5.7L 350 engines, featuring UMB VSS technology for superior leak prevention.","Ensure a leak-free seal for the oil pan of your General Motors (GM) or Chevrolet (Chev) 5.7L 350 cubic inch engine with this premium one-piece EngineTech oil pan gasket GM. Designed for superior sealing and durability, this gasket utilizes advanced materials and a one-piece construction to eliminate potential leak points common with multi-piece gaskets. The “UMB VSS” likely refers to specific features or materials of this premium gasket, ensuring a reliable seal against oil leaks. Whether you are performing routine maintenance or an engine rebuild on your 5.7L 350 engine in Pretoria, Gauteng, or across South Africa, this EngineTech premium one-piece oil pan gasket is an excellent choice for a long-lasting and leak-free solution. Get your EngineTech oil pan gasket GM now! Key Features: Brand: EngineTech: A trusted manufacturer of premium engine gaskets and seals. Application: Specifically designed for GM/Chevrolet 5.7L 350 cubic inch engines. Type: One-Piece Oil Pan Gasket: Eliminates multiple potential leak points. Premium Construction: Utilizes advanced materials for superior sealing. UMB VSS Technology: Indicates specific premium features for enhanced sealing and durability. Prevents Oil Leaks: Ensures a tight and reliable seal for your engine’s oil pan. Durable and Long-Lasting: Designed to withstand engine oil and temperatures. Essential for Maintenance & Rebuilds: A crucial component for preventing oil leaks. Available in South Africa: We supply engine gaskets to Pretori"
"2269","EP68HV","Enginetech Ford Engine Oil Pump High Volume","enginetech-ford-engine-oil-pump-high-volume","https://allamericanmuscle.co.za/product/enginetech-ford-engine-oil-pump-high-volume/","simple","1275.95","1275.95","1275.95","no","yes","","Engines & Components","engines-components","https://allamericanmuscle.co.za/wp-content/uploads/2026/06/aa813635-9134-4f1a-995c-58161374c133.webp","Ford Engine Oil Pump High Volume – fits Ford. Upgrade with the Ford Engine Oil Pump High Volume. Keeps the lubrication system working reliably to protect…","Upgrade with the Ford Engine Oil Pump High Volume. Keeps the lubrication system working reliably to protect the engine’s moving parts. Engineered to fit Ford applications. Backed by Enginetech and ideal for street and performance use. Brand: Enginetech Application: Ford Part No: EP68HV"
"2270","F351W-7","Enginetech Gasket Set 351W","enginetech-gasket-set-351w","https://allamericanmuscle.co.za/product/enginetech-gasket-set-351w/","simple","1632.71","1632.71","1632.71","no","yes","","Engines & Components","engines-components","https://allamericanmuscle.co.za/wp-content/uploads/2026/04/product20283229.webp","Enginetech Gasket Set 351W","Enginetech Gasket Set for the 351 Windsor engine. Comprehensive set of high-quality gaskets crafted from premium materials. Precision-engineered to meet or exceed OEM specifications."
"2271","PK9B","Enginetech Windsor expansion plug kit","enginetech-windsor-expansion-plug-kit","https://allamericanmuscle.co.za/product/enginetech-windsor-expansion-plug-kit/","simple","591.39","591.39","591.39","no","yes","","Engines & Components","engines-components","https://allamericanmuscle.co.za/wp-content/uploads/2026/06/PK9B.webp","The Enginetech Windsor expansion plug kit SA is a complete PK9B freeze plug set for Ford 289, 302, and 351 Windsor engines, vital for leak-free performance.","Ensure leak-free performance and critical freeze protection for your classic build with the Enginetech Windsor expansion plug kit. This high-quality kit provides all the necessary core plugs (often called freeze plugs) for a complete rebuild of your Ford 289, 302, or 351 Windsor V8 engine. Consequently, replacing old, corroded, or leaking expansion plugs becomes an indispensable step during any engine overhaul, preventing coolant loss and potential block damage. Precision Engineering & Durability from Enginetech Furthermore, Enginetech manufactures this Windsor expansion plug kit to exacting standards. It consistently meets or even exceeds OEM specifications for fitment and long-term durability. Indeed, robust materials expertly craft each plug, designed to create a tight, lasting seal within the engine block’s coolant passages. Moreover, using a complete kit like the PK9B ensures you replace all critical plugs, preventing future leaks or corrosion issues. Additionally, as a trusted Enginetech lineup component, this kit clearly represents a commitment to quality and precision engineering for dedicated engine builders. Perfect Fit for Ford 289, 302, 351 Windsor V8s This comprehensive kit (Part # PK9B) specifically serves Ford Small Block Windsor engines, including the popular 289, 302, and 351 Windsor variants. Thus, you receive the correct sizes and types of expansion plugs tailored for your specific Ford engine. Ultimately, choosing the Enginetech Windsor expansion plug kit "
"2272","TS430X","Enginetech Timing Set Ford 302 Windsor","enginetech-timing-set-ford-302-windsor","https://allamericanmuscle.co.za/product/enginetech-timing-set-ford-302-windsor/","simple","3122.61","3122.61","3122.61","no","yes","","Engines & Components","engines-components","https://allamericanmuscle.co.za/wp-content/uploads/2026/06/TS430X.webp","Enginetech timing chain set for accurate valve timing in Ford 302 Windsor engines.","Ensure accurate and reliable valve timing for your Ford 302 Windsor engine with the Enginetech Timing Set, available across South Africa. This complete set typically includes the timing chain and the necessary sprockets to synchronize the rotation of these vital engine components. Proper timing is crucial for optimal engine performance, fuel efficiency, and preventing engine damage. The Enginetech is specifically designed for Ford 302 Windsor engines and is engineered to meet or exceed OEM specifications for durability and precision, ensuring reliable operation for your engine rebuild or maintenance. Replacing your timing set is a critical part of any major engine overhaul or when recommended by the vehicle’s service manual to prevent potential timing chain failure. Key Features: Enginetech Quality: Reliable and durable engine components. Specifically for Ford 302 Windsor: Ensures correct fitment for these engines. Complete Set: Includes the timing chain and necessary sprockets. Ensures Accurate Valve Timing: Crucial for optimal engine performance. Meets or Exceeds OEM Specs: Provides reliable and long-lasting operation. Essential for Engine Rebuilds: A key component for a successful engine overhaul. Nationwide Delivery Across South Africa: We ship engine timing sets nationwide from Pretoria. Expert Support Available: Our team in Pretoria can assist with fitment inquiries. Why Choose the Enginetech Timing Set for Your Ford 302 Windsor Engine in South Africa? If you are rebuil"
"2273","BC307 STD","Rod Bearings Ford 5.8L 351","rod-bearings-ford-5-8l-351","https://allamericanmuscle.co.za/product/rod-bearings-ford-5-8l-351/","simple","650.00","650.00","650.00","no","yes","","Engines & Components","engines-components","https://allamericanmuscle.co.za/wp-content/uploads/2026/06/03ea3bf4-3ff6-4e68-9d8b-9a701d7cbc65.webp","Rod Bearings Ford 5.8L 351 – fits Ford. Shop the Rod Bearings Ford 5.8L 351 at All American Muscle. Precision engine bearings that meet or exceed OE speci…","Shop the Rod Bearings Ford 5.8L 351 at All American Muscle. Precision engine bearings that meet or exceed OE specifications for correct clearance and long service life. Engineered to fit Ford applications. Backed by Enginetech and ideal for street and performance use. Brand: Enginetech Application: Ford Part No: BC307 STD"
"2274","P1526-8-60","Enginetech Pistons Ford 351 Windsor","enginetech-pistons-ford-351-windsor","https://allamericanmuscle.co.za/product/enginetech-pistons-ford-351-windsor/","simple","4066.78","4066.78","4066.78","no","no","0","Engines & Components","engines-components","https://allamericanmuscle.co.za/wp-content/uploads/2026/06/5b57578e-f9d9-428f-8686-b7f821344029.webp","Pistons Ford 351 Windsor – fits Ford Small Block (Windsor). Upgrade with the Pistons Ford 351 Windsor. Quality pistons and rings for dependable compressio…","Upgrade with the Pistons Ford 351 Windsor. Quality pistons and rings for dependable compression and cylinder sealing in rebuilds and performance builds. Engineered to fit Ford Small Block (Windsor) applications. A reliable Enginetech choice for your American muscle or hot-rod project. Brand: Enginetech Application: Ford Small Block (Windsor) Part No: P1526-8-60"
"2275","P1534-8-040","Enginetech Chevy 350 Flat Top Piston Set 0.040inch","enginetech-chevy-350-flat-top-piston-set-0-040inch","https://allamericanmuscle.co.za/product/enginetech-chevy-350-flat-top-piston-set-0-040inch/","simple","9308.47","9308.47","9308.47","no","yes","","Engines & Components","engines-components","https://allamericanmuscle.co.za/wp-content/uploads/2026/06/5b57578e-f9d9-428f-8686-b7f821344029.webp","Chevy 350 Flat Top Piston Set 0.040inch – fits Small Block Chevy. Chevy 350 Flat Top Piston Set 0.040inch. Quality pistons and rings for dependable compre…","Chevy 350 Flat Top Piston Set 0.040inch. Quality pistons and rings for dependable compression and cylinder sealing in rebuilds and performance builds. Engineered to fit Small Block Chevy applications. Enginetech performance you can count on, shipped fast across South Africa. Brand: Enginetech Application: Small Block Chevy Part No: P1534-8-040"
"2276","BB214J010","Enginetech Ford 289302 Windsor Rod Bearing (0.10mm","enginetech-ford-289302-windsor-rod-bearing-0-10mm","https://allamericanmuscle.co.za/product/enginetech-ford-289302-windsor-rod-bearing-0-10mm/","simple","1081.60","1081.60","1081.60","no","yes","","Engines & Components","engines-components","https://allamericanmuscle.co.za/wp-content/uploads/2026/06/79065757-4757-48d0-ac01-b8c113b742d9.webp","Ford 289302 Windsor Rod Bearing (0.10mm – fits Ford Small Block (Windsor). The Ford 289302 Windsor Rod Bearing (0.10mm from All American Muscle. Precision…","The Ford 289302 Windsor Rod Bearing (0.10mm from All American Muscle. Precision engine bearings that meet or exceed OE specifications for correct clearance and long service life. Engineered to fit Ford Small Block (Windsor) applications. Genuine Enginetech quality, in stock and ready to ship. Brand: Enginetech Application: Ford Small Block (Windsor) Part No: BB214J010"
"2277","BC296J010","Enginetech SBC Main Bearing Large Journal (0.10mm)","enginetech-sbc-main-bearing-large-journal-0-10mm","https://allamericanmuscle.co.za/product/enginetech-sbc-main-bearing-large-journal-0-10mm/","simple","1293.83","1293.83","1293.83","no","yes","","Engines & Components","engines-components","https://allamericanmuscle.co.za/wp-content/uploads/2026/06/9bd0a7c8-d1c0-4466-b270-b6781765ac73.webp","SBC Main Bearing Large Journal (0.10mm) – fits Small Block Chevy. Fit your build with the SBC Main Bearing Large Journal (0.10mm). Precision engine bearin…","Fit your build with the SBC Main Bearing Large Journal (0.10mm). Precision engine bearings that meet or exceed OE specifications for correct clearance and long service life. Engineered to fit Small Block Chevy applications. Backed by Enginetech and ideal for street and performance use. Brand: Enginetech Application: Small Block Chevy Part No: BC296J010"
"2278","R40058-STD","Enginetech Piston Ring Set 4 inch Bore (Standard)","enginetech-piston-ring-set-4-inch-bore-standard","https://allamericanmuscle.co.za/product/enginetech-piston-ring-set-4-inch-bore-standard/","simple","1215.98","1215.98","1215.98","no","yes","","Engines & Components","engines-components","https://allamericanmuscle.co.za/wp-content/uploads/2026/06/173b6d09-2cf3-484a-a0c8-92525514602f.webp","Piston Ring Set 4 inch Bore (Standard). Shop the Piston Ring Set 4 inch Bore (Standard) at All American Muscle. Quality pistons and rings for dependable c…","Shop the Piston Ring Set 4 inch Bore (Standard) at All American Muscle. Quality pistons and rings for dependable compression and cylinder sealing in rebuilds and performance builds. A reliable Enginetech choice for your American muscle or hot-rod project. Brand: Enginetech Part No: R40058-STD"
"2279","F302-4","GASKET FORD 4.3L 260 4.7L 289 5.0L 302 OE UMB VSS","gasket-ford-4-3l-260-4-7l-289-5-0l-302-oe-umb-vss","https://allamericanmuscle.co.za/product/gasket-ford-4-3l-260-4-7l-289-5-0l-302-oe-umb-vss/","simple","1740.10","1740.10","1740.10","no","yes","","Gaskets & Seals","gaskets-seals","https://allamericanmuscle.co.za/wp-content/uploads/2026/06/5bcc5b7e-e0b1-44dd-9df4-0ceecda097ff.webp","GASKET FORD 4.3L 260 4.7L 289 5.0L 302 OE UMB VSS – fits Ford Small Block (Windsor). Upgrade with the GASKET FORD 4.3L 260 4.7L 289 5.0L 302 OE UMB VSS. P…","Upgrade with the GASKET FORD 4.3L 260 4.7L 289 5.0L 302 OE UMB VSS. Provides a durable, leak-free seal and is made to meet or exceed OE specifications. Engineered to fit Ford Small Block (Windsor) applications. Enginetech performance you can count on, shipped fast across South Africa. Brand: Enginetech Application: Ford Small Block (Windsor) Part No: F302-4"
"2280","P1534-8-030","Enginetech Chevy 350 Flat Top Engine Piston Set 0.0","enginetech-chevy-350-flat-top-engine-piston-set-0-0","https://allamericanmuscle.co.za/product/enginetech-chevy-350-flat-top-engine-piston-set-0-0/","simple","4370.00","4370.00","4370.00","no","yes","1","Engines & Components","engines-components","https://allamericanmuscle.co.za/wp-content/uploads/2026/06/5b57578e-f9d9-428f-8686-b7f821344029.webp","Chevy 350 Flat Top Engine Piston Set 0.0 – fits Small Block Chevy. Chevy 350 Flat Top Engine Piston Set 0.0. Quality pistons and rings for dependable comp…","Chevy 350 Flat Top Engine Piston Set 0.0. Quality pistons and rings for dependable compression and cylinder sealing in rebuilds and performance builds. Engineered to fit Small Block Chevy applications. Genuine Enginetech quality, in stock and ready to ship. Brand: Enginetech Application: Small Block Chevy Part No: P1534-8-030"
"2281","BB253JSTD","Enginetech Rod Bearing GM Chevy Small Block Large J","enginetech-rod-bearing-gm-chevy-small-block-large-j","https://allamericanmuscle.co.za/product/enginetech-rod-bearing-gm-chevy-small-block-large-j/","simple","764.81","764.81","764.81","no","yes","","Engines & Components","engines-components","https://allamericanmuscle.co.za/wp-content/uploads/2026/06/35883487-5078-4d69-8114-eb47097432bb.webp","Rod Bearing GM Chevy Small Block Large J – fits GM / Chevrolet. The Rod Bearing GM Chevy Small Block Large J from All American Muscle. Precision engine be…","The Rod Bearing GM Chevy Small Block Large J from All American Muscle. Precision engine bearings that meet or exceed OE specifications for correct clearance and long service life. Engineered to fit GM / Chevrolet applications. Backed by Enginetech and ideal for street and performance use. Brand: Enginetech Application: GM / Chevrolet Part No: BB253JSTD"
"2282","BB607J020","Enginetech Ford 351 Cleveland Rod Bearing (0.20mm)","enginetech-ford-351-cleveland-rod-bearing-0-20mm","https://allamericanmuscle.co.za/product/enginetech-ford-351-cleveland-rod-bearing-0-20mm/","simple","598.69","598.69","598.69","no","yes","","Engines & Components","engines-components","https://allamericanmuscle.co.za/wp-content/uploads/2026/06/cf71908a-d8d2-4b3c-9c76-492ae782aebf.webp","Ford 351 Cleveland Rod Bearing (0.20mm) – fits Ford 351 Cleveland. Fit your build with the Ford 351 Cleveland Rod Bearing (0.20mm). Precision engine beari…","Fit your build with the Ford 351 Cleveland Rod Bearing (0.20mm). Precision engine bearings that meet or exceed OE specifications for correct clearance and long service life. Engineered to fit Ford 351 Cleveland applications. A reliable Enginetech choice for your American muscle or hot-rod project. Brand: Enginetech Application: Ford 351 Cleveland Part No: BB607J020"
"2283","BB607J030","Enginetech Ford 351 Cleveland Rod Bearing (0.30mm)","enginetech-ford-351-cleveland-rod-bearing-0-30mm","https://allamericanmuscle.co.za/product/enginetech-ford-351-cleveland-rod-bearing-0-30mm/","simple","598.69","598.69","598.69","no","yes","","Engines & Components","engines-components","https://allamericanmuscle.co.za/wp-content/uploads/2026/06/cf71908a-d8d2-4b3c-9c76-492ae782aebf.webp","Ford 351 Cleveland Rod Bearing (0.30mm) – fits Ford 351 Cleveland. Shop the Ford 351 Cleveland Rod Bearing (0.30mm) at All American Muscle. Precision engi…","Shop the Ford 351 Cleveland Rod Bearing (0.30mm) at All American Muscle. Precision engine bearings that meet or exceed OE specifications for correct clearance and long service life. Engineered to fit Ford 351 Cleveland applications. Enginetech performance you can count on, shipped fast across South Africa. Brand: Enginetech Application: Ford 351 Cleveland Part No: BB607J030"
"2284","CC440","Enginetech Ford Windsor Cam Bearing","enginetech-ford-windsor-cam-bearing","https://allamericanmuscle.co.za/product/enginetech-ford-windsor-cam-bearing/","simple","727.13","727.13","727.13","no","yes","","Engines & Components","engines-components","https://allamericanmuscle.co.za/wp-content/uploads/2026/04/product20283429.webp","Ford Windsor Cam Bearing – fits Ford Small Block (Windsor). High-quality materials with a precise fit and optimal support for your camshaft. Reduced frict…","High-quality materials with a precise fit and optimal support for your camshaft. Reduced friction and reliable performance."
"2285","BB253J010","Enginetech SBC Rod Bearing Set (0.10mm)","enginetech-sbc-rod-bearing-set-0-10mm","https://allamericanmuscle.co.za/product/enginetech-sbc-rod-bearing-set-0-10mm/","simple","650.00","650.00","650.00","no","yes","","Engines & Components","engines-components","https://allamericanmuscle.co.za/wp-content/uploads/2026/06/35883487-5078-4d69-8114-eb47097432bb.webp","SBC Rod Bearing Set (0.10mm) – fits Small Block Chevy. SBC Rod Bearing Set (0.10mm). Precision engine bearings that meet or exceed OE specifications for c…","SBC Rod Bearing Set (0.10mm). Precision engine bearings that meet or exceed OE specifications for correct clearance and long service life. Engineered to fit Small Block Chevy applications. Backed by Enginetech and ideal for street and performance use. Brand: Enginetech Application: Small Block Chevy Part No: BB253J010"
"2286","R40058-030","Enginetech 4 inch Bore Rings For AMC Chrysler (4.03","enginetech-4-inch-bore-rings-for-amc-chrysler-4-03","https://allamericanmuscle.co.za/product/enginetech-4-inch-bore-rings-for-amc-chrysler-4-03/","simple","1215.98","1215.98","1215.98","no","yes","1","Engines & Components","engines-components","https://allamericanmuscle.co.za/wp-content/uploads/2026/06/6ac176ec-a495-4824-88a0-96dc5f1c11dc.webp","4 inch Bore Rings For AMC Chrysler (4.03 – fits Chrysler / Mopar. The 4 inch Bore Rings For AMC Chrysler (4.03 from All American Muscle. Quality pistons a…","The 4 inch Bore Rings For AMC Chrysler (4.03 from All American Muscle. Quality pistons and rings for dependable compression and cylinder sealing in rebuilds and performance builds. Engineered to fit Chrysler / Mopar applications. A reliable Enginetech choice for your American muscle or hot-rod project. Brand: Enginetech Application: Chrysler / Mopar Part No: R40058-030"
"2287","BB214J020","Enginetech Ford 289302 Windsor Rod Bearing Set (0.","enginetech-ford-289302-windsor-rod-bearing-set-0","https://allamericanmuscle.co.za/product/enginetech-ford-289302-windsor-rod-bearing-set-0/","simple","1071.10","1071.10","1071.10","no","yes","","Engines & Components","engines-components","https://allamericanmuscle.co.za/wp-content/uploads/2026/06/79065757-4757-48d0-ac01-b8c113b742d9.webp","Ford 289302 Windsor Rod Bearing Set (0. – fits Ford Small Block (Windsor). Fit your build with the Ford 289302 Windsor Rod Bearing Set (0.. Precision engi…","Fit your build with the Ford 289302 Windsor Rod Bearing Set (0.. Precision engine bearings that meet or exceed OE specifications for correct clearance and long service life. Engineered to fit Ford Small Block (Windsor) applications. Enginetech performance you can count on, shipped fast across South Africa. Brand: Enginetech Application: Ford Small Block (Windsor) Part No: BB214J020"
"2288","BB253J030","Enginetech SBC Rod Bearing Large Journal (0.30mm)","enginetech-sbc-rod-bearing-large-journal-0-30mm","https://allamericanmuscle.co.za/product/enginetech-sbc-rod-bearing-large-journal-0-30mm/","simple","670.71","670.71","670.71","no","yes","","Engines & Components","engines-components","https://allamericanmuscle.co.za/wp-content/uploads/2026/06/79065757-4757-48d0-ac01-b8c113b742d9.webp","SBC Rod Bearing Large Journal (0.30mm) – fits Small Block Chevy. Shop the SBC Rod Bearing Large Journal (0.30mm) at All American Muscle. Precision engine…","Shop the SBC Rod Bearing Large Journal (0.30mm) at All American Muscle. Precision engine bearings that meet or exceed OE specifications for correct clearance and long service life. Engineered to fit Small Block Chevy applications. Genuine Enginetech quality, in stock and ready to ship. Brand: Enginetech Application: Small Block Chevy Part No: BB253J030"
"2289","BB608J00","Enginetech Big end Bearing 351 Windsor","enginetech-big-end-bearing-351-windsor","https://allamericanmuscle.co.za/product/enginetech-big-end-bearing-351-windsor/","simple","593.48","593.48","593.48","no","yes","","Engines & Components","engines-components","https://allamericanmuscle.co.za/wp-content/uploads/2026/06/de10896c-ca4c-42d6-b6e1-9d3faa898c8c.webp","Big end Bearing 351 Windsor – fits Ford Small Block (Windsor). Upgrade with the Big end Bearing 351 Windsor. Precision engine bearings that meet or exceed…","Upgrade with the Big end Bearing 351 Windsor. Precision engine bearings that meet or exceed OE specifications for correct clearance and long service life. Engineered to fit Ford Small Block (Windsor) applications. Backed by Enginetech and ideal for street and performance use. Brand: Enginetech Application: Ford Small Block (Windsor) Part No: BB608J00"
"2290","BC293J020","MAIN BEARING FORD 5.8L 351 CLEVELAND","main-bearing-ford-5-8l-351-cleveland","https://allamericanmuscle.co.za/product/main-bearing-ford-5-8l-351-cleveland/","simple","1281.20","1281.20","1281.20","no","yes","","Engines & Components","engines-components","https://allamericanmuscle.co.za/wp-content/uploads/2026/06/9bd0a7c8-d1c0-4466-b270-b6781765ac73.webp","MAIN BEARING FORD 5.8L 351 CLEVELAND – fits Ford 351 Cleveland. MAIN BEARING FORD 5.8L 351 CLEVELAND. Precision engine bearings that meet or exceed OE spe…","MAIN BEARING FORD 5.8L 351 CLEVELAND. Precision engine bearings that meet or exceed OE specifications for correct clearance and long service life. Engineered to fit Ford 351 Cleveland applications. A reliable Enginetech choice for your American muscle or hot-rod project. Brand: Enginetech Application: Ford 351 Cleveland Part No: BC293J020"
"2291","BC293J030","Enginetech Ford 351 Cleveland Main Bearing (0.30mm","enginetech-ford-351-cleveland-main-bearing-0-30mm","https://allamericanmuscle.co.za/product/enginetech-ford-351-cleveland-main-bearing-0-30mm/","simple","1432.41","1432.41","1432.41","no","yes","","Engines & Components","engines-components","https://allamericanmuscle.co.za/wp-content/uploads/2026/06/03ea3bf4-3ff6-4e68-9d8b-9a701d7cbc65.webp","Ford 351 Cleveland Main Bearing (0.30mm – fits Ford 351 Cleveland. The Ford 351 Cleveland Main Bearing (0.30mm from All American Muscle. Precision engine…","The Ford 351 Cleveland Main Bearing (0.30mm from All American Muscle. Precision engine bearings that meet or exceed OE specifications for correct clearance and long service life. Engineered to fit Ford 351 Cleveland applications. Enginetech performance you can count on, shipped fast across South Africa. Brand: Enginetech Application: Ford 351 Cleveland Part No: BC293J030"
"2292","BC296J040","Enginetech SBC Main Bearing Large Journal (0.40mm)","enginetech-sbc-main-bearing-large-journal-0-40mm","https://allamericanmuscle.co.za/product/enginetech-sbc-main-bearing-large-journal-0-40mm/","simple","850.00","850.00","850.00","no","yes","","Engines & Components","engines-components","https://allamericanmuscle.co.za/wp-content/uploads/2026/06/9bd0a7c8-d1c0-4466-b270-b6781765ac73.webp","SBC Main Bearing Large Journal (0.40mm) – fits Small Block Chevy. Fit your build with the SBC Main Bearing Large Journal (0.40mm). Precision engine bearin…","Fit your build with the SBC Main Bearing Large Journal (0.40mm). Precision engine bearings that meet or exceed OE specifications for correct clearance and long service life. Engineered to fit Small Block Chevy applications. Genuine Enginetech quality, in stock and ready to ship. Brand: Enginetech Application: Small Block Chevy Part No: BC296J040"
"2293","EP83","Enginetech Oil Pump 351 Windsor","enginetech-oil-pump-351-windsor","https://allamericanmuscle.co.za/product/enginetech-oil-pump-351-windsor/","simple","3438.29","3438.29","3438.29","no","yes","","Engines & Components","engines-components","https://allamericanmuscle.co.za/wp-content/uploads/2026/06/EP83.webp","Enginetech standard volume oil pump for Ford 351 Windsor Small Block engines. Direct replacement for reliable lubrication.","You can ensure consistent and reliable lubrication for your Ford 351 Windsor (351W) engine with this standard volume oil pump from Enginetech. A vital component for you to maintain engine health and performance, this oil pump is engineered to meet or exceed OEM specifications. Consequently, it provides the necessary oil circulation to all critical engine parts. Furthermore, it serves as a direct replacement for the factory oil pump. This simplifies installation during engine rebuilds or routine maintenance. Ultimately, this pump gives you peace of mind and protection for your engine. Key Features Enginetech Quality: We engineered it to provide you with reliable engine components that meet or exceed OEM standards. Specifically for Ford 351 Windsor: We designed it for you to use with these Small Block Ford engines. Standard Volume Output: It provides the necessary lubrication for most applications. This prevents you from having too much pressure and aeration. Direct Replacement: It makes installation easy as a direct factory replacement. Durable Construction: We built it to withstand normal operating conditions. Essential for Engine Longevity: It ensures you have proper lubrication of vital parts. Maintains Optimal Oil Pressure: It is crucial for you to prevent engine wear. Why Choose the Enginetech Ford 351 Windsor Standard Volume Oil Pump in South Africa? If you’re rebuilding or maintaining a Ford 351 Windsor engine in South Africa and need a reliable, standard volume oil pum"
"2294","IS84A","Enginetech Ford 351 Cleveland Oil Pump Shaft","enginetech-ford-351-cleveland-oil-pump-shaft","https://allamericanmuscle.co.za/product/enginetech-ford-351-cleveland-oil-pump-shaft/","simple","217.22","217.22","217.22","no","yes","","Engines & Components","engines-components","https://allamericanmuscle.co.za/wp-content/uploads/2026/06/IS84A.webp","Enginetech oil pump shaft specifically for Ford 351 Cleveland engines, ensuring reliable oil circulation.","Maintain consistent oil pressure in your Ford 351 Cleveland engine with this dependable Enginetech oil pump shaft. This essential component links the engine’s distributor to the oil pump, providing the necessary drive to circulate oil throughout the engine. A strong and accurately machined oil pump shaft is critical for ensuring proper lubrication and protecting vital engine parts from wear and tear. When servicing or rebuilding your Ford 351 Cleveland engine, rely on Enginetech for quality replacement parts like this oil pump shaft. Key Features: Enginetech Quality: Produced by a reputable manufacturer of engine components. Direct Fit: Specifically designed for Ford 351 Cleveland engines. Drives the Oil Pump: Ensures proper oil circulation for engine lubrication. Durable Construction: Manufactured with quality materials for lasting reliability. Vital for Engine Lubrication: Crucial for maintaining oil pressure and engine health. Ideal for Engine Service: A necessary part for any 351 Cleveland engine work. Why Choose the Enginetech Oil Pump Shaft for Ford 351 Cleveland in South Africa? If you are working on a Ford 351 Cleveland engine in South Africa and require a reliable replacement oil pump shaft to guarantee proper oil flow and engine protection, this Enginetech part is a quality choice. Specifications: Brand: Enginetech Application: Ford 351 Cleveland Engines Function: Connects and drives the oil pump Frequently Asked Questions: What is the role of the oil pump shaft in "
"2295","BB253J020","Enginetech SBC Rod Bearing Large Journal (0.20mm)","enginetech-sbc-rod-bearing-large-journal-0-20mm","https://allamericanmuscle.co.za/product/enginetech-sbc-rod-bearing-large-journal-0-20mm/","simple","650.00","650.00","650.00","no","yes","","Engines & Components","engines-components","https://allamericanmuscle.co.za/wp-content/uploads/2026/06/35883487-5078-4d69-8114-eb47097432bb.webp","SBC Rod Bearing Large Journal (0.20mm) – fits Small Block Chevy. SBC Rod Bearing Large Journal (0.20mm). Precision engine bearings that meet or exceed OE…","SBC Rod Bearing Large Journal (0.20mm). Precision engine bearings that meet or exceed OE specifications for correct clearance and long service life. Engineered to fit Small Block Chevy applications. Enginetech performance you can count on, shipped fast across South Africa. Brand: Enginetech Application: Small Block Chevy Part No: BB253J020"
"2296","R40058-060","Enginetech 4 inch Bore Rings For AMC Chrysler (4.06","enginetech-4-inch-bore-rings-for-amc-chrysler-4-06","https://allamericanmuscle.co.za/product/enginetech-4-inch-bore-rings-for-amc-chrysler-4-06/","simple","1215.98","1215.98","1215.98","no","yes","","Engines & Components","engines-components","https://allamericanmuscle.co.za/wp-content/uploads/2026/06/94fe3494-4c2f-4c90-9052-804313375304.webp","4 inch Bore Rings For AMC Chrysler (4.06 – fits Chrysler / Mopar. The 4 inch Bore Rings For AMC Chrysler (4.06 from All American Muscle. Quality pistons a…","The 4 inch Bore Rings For AMC Chrysler (4.06 from All American Muscle. Quality pistons and rings for dependable compression and cylinder sealing in rebuilds and performance builds. Engineered to fit Chrysler / Mopar applications. Genuine Enginetech quality, in stock and ready to ship. Brand: Enginetech Application: Chrysler / Mopar Part No: R40058-060"
"2297","S55S1","Enginetech Oil Pump Pickup Screen GM SBC","enginetech-oil-pump-pickup-screen-gm-sbc","https://allamericanmuscle.co.za/product/enginetech-oil-pump-pickup-screen-gm-sbc/","simple","431.25","431.25","431.25","no","yes","","Engines & Components","engines-components","https://allamericanmuscle.co.za/wp-content/uploads/2026/06/S55S1.webp","Enginetech S55S1 oil pump pickup screen for reliable oil filtration in GM Small Block Chevy (SBC) engines.","Ensure clean and consistent oil flow to your Small Block Chevy (SBC) engine’s oil pump with the Enginetech Oil Pump Pickup Screen, available across South Africa from Pretoria. We design this essential component to filter out debris and contaminants from the engine oil. Consequently, it prevents them from entering the oil pump and causing damage or reduced performance. The oil pump pickup screen is a crucial part of maintaining proper oil pressure and lubrication throughout your engine. We specifically designed the Enginetech for various Small Block Chevy engines, and we build it to meet or exceed OEM specifications for reliable filtration and durability. Therefore, we highly recommend replacing your pickup screen during an engine rebuild or when you install a new oil pump. This ensures optimal engine health. Key Features Enginetech Quality: Reliable and durable engine components. Designed for SBC Engines: Precise fitment for various Small Block Chevy engines. Prevents Debris Entry: Filters contaminants from the engine oil. Maintains Oil Pressure: Ensures consistent oil flow to the pump. Durable Construction: Built to withstand engine oil and temperatures. Essential for Engine Health: Protects the oil pump from damage. Recommended for Engine Rebuilds: A key component for long-term reliability. Nationwide Delivery Across South Africa: We ship engine oil pump screens nationwide from Pretoria. Expert Support Available: Our team in Pretoria can assist with any questions. Why Choos"
"2298","TS494C","Enginetech Timing Set Ford 351 Cleveland","enginetech-timing-set-ford-351-cleveland","https://allamericanmuscle.co.za/product/enginetech-timing-set-ford-351-cleveland/","simple","1600.00","1600.00","1600.00","no","yes","","Engines & Components","engines-components","https://allamericanmuscle.co.za/wp-content/uploads/2026/06/TS494C.webp","Enginetech timing chain set for accurate valve timing in Ford 351 Cleveland engines.","Ensure accurate and reliable valve timing for your Ford 351 Cleveland engine with the Enginetech Timing Set, available across South Africa. This complete set typically includes the timing chain and the necessary sprockets to synchronize the rotation of these vital engine components. Proper timing is crucial for optimal engine performance, fuel efficiency, and preventing engine damage. The Enginetech is specifically designed for Ford 351 Cleveland engines and is engineered to meet or exceed OEM specifications for durability and precision, ensuring reliable operation for your engine rebuild or maintenance. Replacing your timing set is a critical part of any major engine overhaul or when recommended by the vehicle’s service manual to prevent potential timing chain failure. Key Features: Enginetech Quality: Reliable and durable engine components. Specifically for Ford 351 Cleveland: Ensures correct fitment for these engines. Complete Set: Includes the timing chain and necessary sprockets. Ensures Accurate Valve Timing: Crucial for optimal engine performance. Meets or Exceeds OEM Specs: Provides reliable and long-lasting operation. Essential for Engine Rebuilds: A key component for a successful engine overhaul. Nationwide Delivery Across South Africa: We ship engine timing sets nationwide from Pretoria. Expert Support Available: Our team in Pretoria can assist with fitment inquiries. Why Choose the Enginetech Timing Set for Your Ford 351 Cleveland Engine in South Africa? If you ar"
"2299","BB214J030","Enginetech Ford 289382 Windsor Rod Bearing Set (0.","enginetech-ford-289382-windsor-rod-bearing-set-0","https://allamericanmuscle.co.za/product/enginetech-ford-289382-windsor-rod-bearing-set-0/","simple","650.00","650.00","650.00","no","yes","","Engines & Components","engines-components","https://allamericanmuscle.co.za/wp-content/uploads/2026/06/a25d4290-0c55-454f-9ce0-f818723a9b8a.webp","Ford 289382 Windsor Rod Bearing Set (0. – fits Ford Small Block (Windsor). Upgrade with the Ford 289382 Windsor Rod Bearing Set (0.. Precision engine bear…","Upgrade with the Ford 289382 Windsor Rod Bearing Set (0.. Precision engine bearings that meet or exceed OE specifications for correct clearance and long service life. Engineered to fit Ford Small Block (Windsor) applications. Enginetech performance you can count on, shipped fast across South Africa. Brand: Enginetech Application: Ford Small Block (Windsor) Part No: BB214J030"
"2300","BB253J040","Enginetech SBC Rod Bearing Set (0.40mm)","enginetech-sbc-rod-bearing-set-0-40mm","https://allamericanmuscle.co.za/product/enginetech-sbc-rod-bearing-set-0-40mm/","simple","650.00","650.00","650.00","no","yes","","Engines & Components","engines-components","https://allamericanmuscle.co.za/wp-content/uploads/2026/06/d2e24273-9a2a-49e9-9f92-263f2d644c11.webp","SBC Rod Bearing Set (0.40mm) – fits Small Block Chevy. SBC Rod Bearing Set (0.40mm). Precision engine bearings that meet or exceed OE specifications for c…","SBC Rod Bearing Set (0.40mm). Precision engine bearings that meet or exceed OE specifications for correct clearance and long service life. Engineered to fit Small Block Chevy applications. Genuine Enginetech quality, in stock and ready to ship. Brand: Enginetech Application: Small Block Chevy Part No: BB253J040"
"2301","BB608J10","Enginetech Big end Bearing 351 Windsor","enginetech-big-end-bearing-351-windsor-2","https://allamericanmuscle.co.za/product/enginetech-big-end-bearing-351-windsor-2/","simple","593.48","593.48","593.48","no","no","0","Engines & Components","engines-components","https://allamericanmuscle.co.za/wp-content/uploads/2026/06/f029e05d-c41d-492c-97b3-2edccf711ca6.webp","Big end Bearing 351 Windsor – fits Ford Small Block (Windsor). The Big end Bearing 351 Windsor from All American Muscle. Precision engine bearings that me…","The Big end Bearing 351 Windsor from All American Muscle. Precision engine bearings that meet or exceed OE specifications for correct clearance and long service life. Engineered to fit Ford Small Block (Windsor) applications. Backed by Enginetech and ideal for street and performance use. Brand: Enginetech Application: Ford Small Block (Windsor) Part No: BB608J10"
"2302","BB608J30","Enginetech Big end Bearing 351 Windsor","enginetech-big-end-bearing-351-windsor-3","https://allamericanmuscle.co.za/product/enginetech-big-end-bearing-351-windsor-3/","simple","593.48","593.48","593.48","no","yes","","Engines & Components","engines-components","https://allamericanmuscle.co.za/wp-content/uploads/2026/06/cf71908a-d8d2-4b3c-9c76-492ae782aebf.webp","Big end Bearing 351 Windsor – fits Ford Small Block (Windsor). Fit your build with the Big end Bearing 351 Windsor. Precision engine bearings that meet or…","Fit your build with the Big end Bearing 351 Windsor. Precision engine bearings that meet or exceed OE specifications for correct clearance and long service life. Engineered to fit Ford Small Block (Windsor) applications. A reliable Enginetech choice for your American muscle or hot-rod project. Brand: Enginetech Application: Ford Small Block (Windsor) Part No: BB608J30"
"2303","BC240J020","Enginetech Ford 289302 Windsor Main Bearing (0.20m","enginetech-ford-289302-windsor-main-bearing-0-20m","https://allamericanmuscle.co.za/product/enginetech-ford-289302-windsor-main-bearing-0-20m/","simple","850.00","850.00","850.00","no","yes","","Engines & Components","engines-components","https://allamericanmuscle.co.za/wp-content/uploads/2026/06/86a77015-6707-45c6-841c-0e5c5c325391.webp","Ford 289302 Windsor Main Bearing (0.20m – fits Ford Small Block (Windsor). Shop the Ford 289302 Windsor Main Bearing (0.20m at All American Muscle. Precis…","Shop the Ford 289302 Windsor Main Bearing (0.20m at All American Muscle. Precision engine bearings that meet or exceed OE specifications for correct clearance and long service life. Engineered to fit Ford Small Block (Windsor) applications. Enginetech performance you can count on, shipped fast across South Africa. Brand: Enginetech Application: Ford Small Block (Windsor) Part No: BC240J020"
"2304","BC240J030","Enginetech Ford 289302 Windsor Main Bearing (0.30m","enginetech-ford-289302-windsor-main-bearing-0-30m","https://allamericanmuscle.co.za/product/enginetech-ford-289302-windsor-main-bearing-0-30m/","simple","850.00","850.00","850.00","no","yes","","Engines & Components","engines-components","https://allamericanmuscle.co.za/wp-content/uploads/2026/06/97068f0a-d4a6-4f05-ba45-bb6532e5f9bd.webp","Ford 289302 Windsor Main Bearing (0.30m – fits Ford Small Block (Windsor). Upgrade with the Ford 289302 Windsor Main Bearing (0.30m. Precision engine bear…","Upgrade with the Ford 289302 Windsor Main Bearing (0.30m. Precision engine bearings that meet or exceed OE specifications for correct clearance and long service life. Engineered to fit Ford Small Block (Windsor) applications. Genuine Enginetech quality, in stock and ready to ship. Brand: Enginetech Application: Ford Small Block (Windsor) Part No: BC240J030"
"2305","BC296JSTD","Enginetech Main Bearing GM Chevy Small Block Large","enginetech-main-bearing-gm-chevy-small-block-large","https://allamericanmuscle.co.za/product/enginetech-main-bearing-gm-chevy-small-block-large/","simple","618.90","618.90","618.90","no","yes","","Engines & Components","engines-components","https://allamericanmuscle.co.za/wp-content/uploads/2026/06/6f619792-4eb6-48f2-986b-1ac8e3e05480.webp","Main Bearing GM Chevy Small Block Large – fits GM / Chevrolet. Main Bearing GM Chevy Small Block Large. Precision engine bearings that meet or exceed OE s…","Main Bearing GM Chevy Small Block Large. Precision engine bearings that meet or exceed OE specifications for correct clearance and long service life. Engineered to fit GM / Chevrolet applications. Backed by Enginetech and ideal for street and performance use. Brand: Enginetech Application: GM / Chevrolet Part No: BC296JSTD"
"2306","BC306J30","Enginetech Ford 351 Windsor Main bearings","enginetech-ford-351-windsor-main-bearings-4","https://allamericanmuscle.co.za/product/enginetech-ford-351-windsor-main-bearings-4/","simple","984.25","984.25","984.25","no","yes","","Engines & Components","engines-components","https://allamericanmuscle.co.za/wp-content/uploads/2026/06/e53cf686-cafc-4017-b68f-c9bf7dc2686b.webp","Ford 351 Windsor Main bearings – fits Ford Small Block (Windsor). The Ford 351 Windsor Main bearings from All American Muscle. Precision engine bearings t…","The Ford 351 Windsor Main bearings from All American Muscle. Precision engine bearings that meet or exceed OE specifications for correct clearance and long service life. Engineered to fit Ford Small Block (Windsor) applications. A reliable Enginetech choice for your American muscle or hot-rod project. Brand: Enginetech Application: Ford Small Block (Windsor) Part No: BC306J30"
"2307","CC448","Enginetech camshaft bearing 351 Cleveland","enginetech-camshaft-bearing-351-cleveland","https://allamericanmuscle.co.za/product/enginetech-camshaft-bearing-351-cleveland/","simple","591.39","591.39","591.39","no","yes","","Engines & Components","engines-components","https://allamericanmuscle.co.za/wp-content/uploads/2026/06/CC448-1.webp","Enginetech CC448 camshaft bearing set for Ford 351 Cleveland engines. Essential for smooth valvetrain operation.","Enginetech camshaft bearing 351 Cleveland ensures precise cam operation for your Ford 351 Cleveland engine. This high-quality camshaft bearing set is vital for any engine rebuild, providing the crucial support necessary for the camshaft to rotate smoothly and accurately within the engine block. Consequently, selecting a reliable set like the CC448 becomes paramount for maintaining valve timing and overall engine performance. Furthermore, Enginetech specifically engineers this camshaft bearing set for Ford 351 Cleveland V8 engines. Each bearing consistently meets or exceeds OEM specifications for fitment and durability. Indeed, robust materials expertly craft these bearings, allowing them to withstand the demanding conditions within your engine’s valvetrain. Moreover, proper camshaft bearing installation is crucial for accurate valve lift and duration, directly impacting power output and efficiency. Why Choose Enginetech CC448 Camshaft Bearings? The Enginetech CC448 set offers a direct fit replacement, making it an ideal choice for both professional engine builders and serious DIY enthusiasts. It provides the essential support to ensure your camshaft spins freely, reducing friction and preventing premature wear. Therefore, investing in the Enginetech CC448 camshaft bearing 351 Cleveland SA means securing a foundational component for a successful and long-lasting engine rebuild, available right here in Alberton, South Africa. Key Features: Enginetech Quality: A trusted brand fo"
"2308","BC296J030","EngineTech Main Bearing GM Chevy","enginetech-main-bearing-gm-chevy","https://allamericanmuscle.co.za/product/enginetech-main-bearing-gm-chevy/","simple","847.73","847.73","847.73","no","yes","","Engines & Components","engines-components","https://allamericanmuscle.co.za/wp-content/uploads/2026/06/a17e96ba-b402-4fd8-9c39-ae9c272bc17b.webp","Main Bearing GM Chevy – fits GM / Chevrolet. Shop the Main Bearing GM Chevy at All American Muscle. Precision engine bearings that meet or exceed OE speci…","Shop the Main Bearing GM Chevy at All American Muscle. Precision engine bearings that meet or exceed OE specifications for correct clearance and long service life. Engineered to fit GM / Chevrolet applications. Genuine Enginetech quality, in stock and ready to ship. Brand: Enginetech Application: GM / Chevrolet Part No: BC296J030"
"2309","TS163X","Tim Set GM Chevy 283 305 327 350 383 400 Dbl Rl 3 K","tim-set-gm-chevy-283-305-327-350-383-400-dbl-rl-3-k","https://allamericanmuscle.co.za/product/tim-set-gm-chevy-283-305-327-350-383-400-dbl-rl-3-k/","simple","2436.86","2436.86","2436.86","no","yes","","Engines & Components","engines-components","https://allamericanmuscle.co.za/wp-content/uploads/2026/06/bba41697-737e-4345-8195-dd95485cb279.webp","Tim Set GM Chevy 283 305 327 350 383 400 Dbl Rl 3 K – fits Small Block Chevy. Upgrade with the Tim Set GM Chevy 283 305 327 350 383 400 Dbl Rl 3 K. Manufa…","Upgrade with the Tim Set GM Chevy 283 305 327 350 383 400 Dbl Rl 3 K. Manufactured to meet or exceed OE specifications for a dependable, budget-friendly rebuild. Engineered to fit Small Block Chevy applications. Backed by Enginetech and ideal for street and performance use. Brand: Enginetech Application: Small Block Chevy Part No: TS163X"
"2310","BB214J040","Enginetech Ford 289302 Windsor Rod Bearing (0.40mm","enginetech-ford-289302-windsor-rod-bearing-0-40mm","https://allamericanmuscle.co.za/product/enginetech-ford-289302-windsor-rod-bearing-0-40mm/","simple","650.00","650.00","650.00","no","yes","","Engines & Components","engines-components","https://allamericanmuscle.co.za/wp-content/uploads/2026/06/85a30140-7249-4f6a-85e2-404e51c2235a.webp","Ford 289302 Windsor Rod Bearing (0.40mm – fits Ford Small Block (Windsor). Ford 289302 Windsor Rod Bearing (0.40mm. Precision engine bearings that meet or…","Ford 289302 Windsor Rod Bearing (0.40mm. Precision engine bearings that meet or exceed OE specifications for correct clearance and long service life. Engineered to fit Ford Small Block (Windsor) applications. A reliable Enginetech choice for your American muscle or hot-rod project. Brand: Enginetech Application: Ford Small Block (Windsor) Part No: BB214J040"
"2311","BC240J040","Enginetech Ford 289302 Windsor Main Bearing (0.40m","enginetech-ford-289302-windsor-main-bearing-0-40m","https://allamericanmuscle.co.za/product/enginetech-ford-289302-windsor-main-bearing-0-40m/","simple","850.00","850.00","850.00","no","yes","","Engines & Components","engines-components","https://allamericanmuscle.co.za/wp-content/uploads/2026/06/de10896c-ca4c-42d6-b6e1-9d3faa898c8c.webp","Ford 289302 Windsor Main Bearing (0.40m – fits Ford Small Block (Windsor). The Ford 289302 Windsor Main Bearing (0.40m from All American Muscle. Precision…","The Ford 289302 Windsor Main Bearing (0.40m from All American Muscle. Precision engine bearings that meet or exceed OE specifications for correct clearance and long service life. Engineered to fit Ford Small Block (Windsor) applications. Enginetech performance you can count on, shipped fast across South Africa. Brand: Enginetech Application: Ford Small Block (Windsor) Part No: BC240J040"
"2312","BC293JSTD","Enginetech Ford 351C Main Bearing (Standard)","enginetech-ford-351c-main-bearing-standard","https://allamericanmuscle.co.za/product/enginetech-ford-351c-main-bearing-standard/","simple","775.79","775.79","775.79","no","yes","","Engines & Components","engines-components","https://allamericanmuscle.co.za/wp-content/uploads/2026/06/092a4c46-7822-432a-9755-7c7bf273571f.webp","Ford 351C Main Bearing (Standard) – fits Ford 351 Cleveland. Fit your build with the Ford 351C Main Bearing (Standard). Precision engine bearings that mee…","Fit your build with the Ford 351C Main Bearing (Standard). Precision engine bearings that meet or exceed OE specifications for correct clearance and long service life. Engineered to fit Ford 351 Cleveland applications. Genuine Enginetech quality, in stock and ready to ship. Brand: Enginetech Application: Ford 351 Cleveland Part No: BC293JSTD"
"2313","R40058-040","Enginetech 4 inch Bore Piston Rings For AMC Chrysler","enginetech-4-inch-bore-piston-rings-for-amc-chrysler","https://allamericanmuscle.co.za/product/enginetech-4-inch-bore-piston-rings-for-amc-chrysler/","simple","1215.98","1215.98","1215.98","no","yes","","Engines & Components","engines-components","https://allamericanmuscle.co.za/wp-content/uploads/2026/06/42b1e07d-1418-4d1d-8254-49df05ba0dde.webp","4 inch Bore Piston Rings For AMC Chrysler – fits Chrysler / Mopar. Shop the 4 inch Bore Piston Rings For AMC Chrysler at All American Muscle. Quality pist…","Shop the 4 inch Bore Piston Rings For AMC Chrysler at All American Muscle. Quality pistons and rings for dependable compression and cylinder sealing in rebuilds and performance builds. Engineered to fit Chrysler / Mopar applications. Backed by Enginetech and ideal for street and performance use. Brand: Enginetech Application: Chrysler / Mopar Part No: R40058-040"
"2314","BB608J020","ROD BRNG FORD 5.8L 351 WINDSOR","rod-brng-ford-5-8l-351-windsor","https://allamericanmuscle.co.za/product/rod-brng-ford-5-8l-351-windsor/","simple","1414.68","1414.68","1414.68","no","no","0","Engines & Components","engines-components","https://allamericanmuscle.co.za/wp-content/uploads/2026/06/98312370-b869-4542-8259-fcf1252c0266.webp","ROD BRNG FORD 5.8L 351 WINDSOR – fits Ford Small Block (Windsor). Upgrade with the ROD BRNG FORD 5.8L 351 WINDSOR. Manufactured to meet or exceed OE speci…","Upgrade with the ROD BRNG FORD 5.8L 351 WINDSOR. Manufactured to meet or exceed OE specifications for a dependable, budget-friendly rebuild. Engineered to fit Ford Small Block (Windsor) applications. A reliable Enginetech choice for your American muscle or hot-rod project. Brand: Enginetech Application: Ford Small Block (Windsor) Part No: BB608J020"
"2315","BB607J10","Enginetech Ford 351 Cleveland Rod Bearing (0.10mm)","enginetech-ford-351-cleveland-rod-bearing-0-10mm","https://allamericanmuscle.co.za/product/enginetech-ford-351-cleveland-rod-bearing-0-10mm/","simple","598.69","598.69","598.69","no","yes","","Engines & Components","engines-components","https://allamericanmuscle.co.za/wp-content/uploads/2026/06/BB607J020-scaled-2.webp","Ford 351 Cleveland Rod Bearing (0.10mm) – fits Ford 351 Cleveland. Ford 351 Cleveland Rod Bearing (0.10mm). Precision engine bearings that meet or exceed…","Ford 351 Cleveland Rod Bearing (0.10mm). Precision engine bearings that meet or exceed OE specifications for correct clearance and long service life. Engineered to fit Ford 351 Cleveland applications. Enginetech performance you can count on, shipped fast across South Africa. Brand: Enginetech Application: Ford 351 Cleveland Part No: BB607J10"
"2316","BB608J40","Enginetech Big end Bearing 351 Windsor","enginetech-big-end-bearing-351-windsor-4","https://allamericanmuscle.co.za/product/enginetech-big-end-bearing-351-windsor-4/","simple","593.48","593.48","593.48","no","no","0","Engines & Components","engines-components","https://allamericanmuscle.co.za/wp-content/uploads/2026/06/66c99109-f1fe-46f8-b0fc-d1181d684299.webp","Big end Bearing 351 Windsor – fits Ford Small Block (Windsor). The Big end Bearing 351 Windsor from All American Muscle. Precision engine bearings that me…","The Big end Bearing 351 Windsor from All American Muscle. Precision engine bearings that meet or exceed OE specifications for correct clearance and long service life. Engineered to fit Ford Small Block (Windsor) applications. Genuine Enginetech quality, in stock and ready to ship. Brand: Enginetech Application: Ford Small Block (Windsor) Part No: BB608J40"
"2317","BC296J020","Enginetech Main Bearing Chevy Small Block Large Jou","enginetech-main-bearing-chevy-small-block-large-jou","https://allamericanmuscle.co.za/product/enginetech-main-bearing-chevy-small-block-large-jou/","simple","1293.83","1293.83","1293.83","no","yes","","Engines & Components","engines-components","https://allamericanmuscle.co.za/wp-content/uploads/2026/06/89cb6906-ac78-4d3a-8b92-61fa4d18c6a8.webp","Main Bearing Chevy Small Block Large Jou – fits GM / Chevrolet. Fit your build with the Main Bearing Chevy Small Block Large Jou. Precision engine bearing…","Fit your build with the Main Bearing Chevy Small Block Large Jou. Precision engine bearings that meet or exceed OE specifications for correct clearance and long service life. Engineered to fit GM / Chevrolet applications. Backed by Enginetech and ideal for street and performance use. Brand: Enginetech Application: GM / Chevrolet Part No: BC296J020"
"2318","C350-1","Gasket GM Chevy","gasket-gm-chevy","https://allamericanmuscle.co.za/product/gasket-gm-chevy/","simple","1556.04","1556.04","1556.04","no","yes","","Gaskets & Seals","gaskets-seals","https://allamericanmuscle.co.za/wp-content/uploads/2026/06/29652e8c-f651-4eec-a3a0-a183e335948e.webp","Gasket GM Chevy – fits GM / Chevrolet. Shop the Gasket GM Chevy at All American Muscle. Provides a durable, leak-free seal and is made to meet or exceed O…","Shop the Gasket GM Chevy at All American Muscle. Provides a durable, leak-free seal and is made to meet or exceed OE specifications. Engineered to fit GM / Chevrolet applications. A reliable Enginetech choice for your American muscle or hot-rod project. Brand: Enginetech Application: GM / Chevrolet Part No: C350-1"
"2319","CC400","Cam Bearing Chevy","cam-bearing-chevy","https://allamericanmuscle.co.za/product/cam-bearing-chevy/","simple","575.14","575.14","575.14","no","yes","","Engines & Components","engines-components","https://allamericanmuscle.co.za/wp-content/uploads/2026/06/cac3df5b-fc38-45d3-b578-c34cea7fc262.webp","Cam Bearing Chevy – fits GM / Chevrolet. Upgrade with the Cam Bearing Chevy. Precision engine bearings that meet or exceed OE specifications for correct c…","Upgrade with the Cam Bearing Chevy. Precision engine bearings that meet or exceed OE specifications for correct clearance and long service life. Engineered to fit GM / Chevrolet applications. Enginetech performance you can count on, shipped fast across South Africa. Brand: Enginetech Application: GM / Chevrolet Part No: CC400"
"2320","PK10B","Enginetech Cleveland Plug Kit","enginetech-cleveland-plug-kit","https://allamericanmuscle.co.za/product/enginetech-cleveland-plug-kit/","simple","307.42","307.42","307.42","no","yes","","Engines & Components","engines-components","https://allamericanmuscle.co.za/wp-content/uploads/2026/06/PK10B.webp","Enginetech Plug Kit for Ford 351C/351M/400 engines. Durable, corrosion-resistant plugs for reliable engine sealing.","Introducing the Enginetech Cleveland plug kit, an essential component for your Ford 351 Cleveland engine. This PK10B plug kit is specifically designed to ensure the critical sealing of coolant passages in your engine block, preventing leaks and maintaining the structural integrity of your engine. Consequently, installing this new, high-quality plug kit becomes paramount for a reliable and leak-free engine rebuild or major service. Precision Fit for Ford 351 Cleveland Engines Specifically designed for Ford 351 Cleveland V8 engines, this Enginetech plug kit provides a direct and precise fit for all necessary block openings. Enginetech is a trusted name in engine components, known for producing parts that consistently meet or exceed OEM specifications. Indeed, each plug in the PK10B kit is manufactured from durable materials (typically steel or brass, depending on specific application and manufacturer design) to resist corrosion and thermal expansion, ensuring a long-lasting seal. Why Replace Your Engine Block Plugs? Over time, original engine block plugs (also known as freeze plugs or core plugs) can corrode, leak, or even fail, leading to significant coolant loss and potential engine damage. Replacing these plugs with a new Enginetech Cleveland plug kit SA during an engine rebuild guarantees a fresh, reliable seal, protecting your investment. Therefore, choose the PK10B kit for peace of mind and superior engine sealing. Key Features: Brass Construction: Offers superior corrosi"
"2321","SO144","Enginetech Ford Rear Main Seal","enginetech-ford-rear-main-seal","https://allamericanmuscle.co.za/product/enginetech-ford-rear-main-seal/","simple","336.38","336.38","336.38","no","yes","","Engines & Components","engines-components","https://allamericanmuscle.co.za/wp-content/uploads/2026/06/b33fa8e5-4c80-4081-9bfc-08e50679e1e8.webp","Ford Rear Main Seal – fits Ford. The Ford Rear Main Seal from All American Muscle. Provides a durable, leak-free seal and is made to meet or exceed OE spe…","The Ford Rear Main Seal from All American Muscle. Provides a durable, leak-free seal and is made to meet or exceed OE specifications. Engineered to fit Ford applications. Backed by Enginetech and ideal for street and performance use. Brand: Enginetech Application: Ford Part No: SO144"
"2322","R40058-020","Enginetech 4 inch Bore Rings For AMC Chrysler (4.02","enginetech-4-inch-bore-rings-for-amc-chrysler-4-02","https://allamericanmuscle.co.za/product/enginetech-4-inch-bore-rings-for-amc-chrysler-4-02/","simple","1215.98","1215.98","1215.98","no","yes","","Engines & Components","engines-components","https://allamericanmuscle.co.za/wp-content/uploads/2026/06/173b6d09-2cf3-484a-a0c8-92525514602f.webp","4 inch Bore Rings For AMC Chrysler (4.02 – fits Chrysler / Mopar. Fit your build with the 4 inch Bore Rings For AMC Chrysler (4.02. Quality pistons and ri…","Fit your build with the 4 inch Bore Rings For AMC Chrysler (4.02. Quality pistons and rings for dependable compression and cylinder sealing in rebuilds and performance builds. Engineered to fit Chrysler / Mopar applications. A reliable Enginetech choice for your American muscle or hot-rod project. Brand: Enginetech Application: Chrysler / Mopar Part No: R40058-020"
"2323","FEL-1211","Fel-Pro Performance Intake Manifold Gasket Sets","fel-pro-performance-intake-manifold-gasket-sets","https://allamericanmuscle.co.za/product/fel-pro-performance-intake-manifold-gasket-sets/","simple","1021.43","1021.43","1021.43","no","no","0","Gaskets & Seals","gaskets-seals","https://allamericanmuscle.co.za/wp-content/uploads/2026/06/1211.webp","Fel-Pro Performance Intake Manifold Gasket Sets for superior sealing and enhanced engine performance.","Ensure a reliable and leak-free seal for your performance engine with Fel-Pro Performance Intake Manifold Gasket Sets. These high-quality gaskets are designed to withstand the demands of high-performance applications, providing superior sealing and preventing leaks. Ideal for South African automotive enthusiasts who demand the best for their engines. As a trusted supplier, we provide top-tier engine components to maximize your vehicle’s performance and longevity. Key Features: Superior Sealing: Prevents leaks and maintains optimal engine performance. High-Performance Design: Withstands the demands of performance engines. Durable Construction: Built to last under high temperatures and pressures. Precise Fit: Ensures easy installation and reliable sealing. Trusted Fel-Pro Quality: Known for high-quality gaskets and engine components. Nationwide Delivery: We ship engine components across South Africa. Local Expertise: Expert assistance available. Why Choose Fel-Pro Performance Intake Manifold Gasket Sets? These gasket sets are essential for maintaining optimal engine performance and preventing leaks in high-performance applications. They provide a reliable seal, ensuring your engine runs smoothly and efficiently. Specifications: Type: Performance Intake Manifold Gasket Set Application: Small Block Chevrolet (SBC) Engines with Rectangular Intake Ports Material: High-Quality Gasket Material (e.g., Printoseal, specific Fel-Pro performance composite) Part Number: 1211 Brand: Fel-Pro"
"2324","FEL-1901","Fel Pro Performance Carb 4 Hole Gaskets","fel-pro-performance-carb-4-hole-gaskets","https://allamericanmuscle.co.za/product/fel-pro-performance-carb-4-hole-gaskets/","simple","50.00","50.00","50.00","no","yes","1","Gaskets & Seals","gaskets-seals","https://allamericanmuscle.co.za/wp-content/uploads/2026/06/39269d48-68c3-4a19-8ea3-82c4d28bf003.webp","Fel Pro Performance Carb 4 Hole Gaskets. Fel-Pro performance carburetor base gaskets, 4-barrel 4-hole pattern. Premium materials seal the carburetor to th…","Fel-Pro performance carburetor base gaskets, 4-barrel 4-hole pattern. Premium materials seal the carburetor to the manifold and resist fuel and heat. 4-barrel, 4-hole carburetor base gasket Fuel- and heat-resistant material Fel-Pro performance quality"
"2325","OS13881C-1","Fel-Pro 6 Cylinder GMC Oil Pan Gasket","fel-pro-6-cylinder-gmc-oil-pan-gasket","https://allamericanmuscle.co.za/product/fel-pro-6-cylinder-gmc-oil-pan-gasket/","simple","650.00","650.00","650.00","no","yes","1","Gaskets & Seals","gaskets-seals","https://allamericanmuscle.co.za/wp-content/uploads/2026/06/26b32637-777f-4e96-b380-9c03938b2fa0.webp","Fel-Pro 6 Cylinder GMC Oil Pan Gasket. Fel-Pro oil pan gasket set for inline 6-cylinder GMC engines. Engineered for a leak-free seal with excellent torque…","Fel-Pro oil pan gasket set for inline 6-cylinder GMC engines. Engineered for a leak-free seal with excellent torque retention and easy installation. Application: GMC 6-cylinder Complete oil pan gasket set Fel-Pro sealing technology"
"2326","VS30055R","Fel-Pro Valve Cover Gasket BBC","fel-pro-valve-cover-gasket-bbc","https://allamericanmuscle.co.za/product/fel-pro-valve-cover-gasket-bbc/","simple","650.00","650.00","650.00","no","no","0","Gaskets & Seals","gaskets-seals","https://allamericanmuscle.co.za/wp-content/uploads/2026/06/a1e8e8ef-a13e-4e01-874e-82cea908f4fe.webp","Fel-Pro Valve Cover Gasket BBC – fits Big Block Chevy. Fel-Pro valve cover gasket set for the Big Block Chevy. Durable, reusable material delivers a depen…","Fel-Pro valve cover gasket set for the Big Block Chevy. Durable, reusable material delivers a dependable, leak-free seal between the valve covers and cylinder heads. Application: Big Block Chevy Valve cover gasket set Reusable, leak-resistant"
"2327","VS50007C","Valve Cover Gaskets For Hemi Gen II Set","valve-cover-gaskets-for-hemi-gen-ii-set","https://allamericanmuscle.co.za/product/valve-cover-gaskets-for-hemi-gen-ii-set/","simple","1200.00","1200.00","1200.00","no","yes","1","Gaskets & Seals","gaskets-seals","https://allamericanmuscle.co.za/wp-content/uploads/2026/06/519d7c5f-09bc-40b2-9a65-91c524ff6522.webp","Valve Cover Gaskets For Hemi Gen II Set – fits Chrysler / Mopar. Fel-Pro valve cover gasket set for the Chrysler Gen II Hemi. Provides a reliable, reusabl…","Fel-Pro valve cover gasket set for the Chrysler Gen II Hemi. Provides a reliable, reusable seal that stands up to heat and oil. Application: Chrysler Gen II Hemi Valve cover gasket set Fel-Pro quality"
"2328","302-100","Ford Windsor Racing Stamped Steel Valve Covers SA","ford-windsor-racing-stamped-steel-valve-covers-sa","https://allamericanmuscle.co.za/product/ford-windsor-racing-stamped-steel-valve-covers-sa/","simple","4494.61","4494.61","4494.61","no","yes","1","Engines & Components","engines-components","https://allamericanmuscle.co.za/wp-content/uploads/2026/06/302-100.webp","The Ford Windsor racing stamped steel valve covers SA are heavy-gauge, durable steel covers that provide authentic racing style and a leak-free seal for your Small Block Ford V8.","The Ford Windsor racing stamped steel valve covers SA are the ultimate classic dress-up component for your performance-built Small Block Ford Windsor engine (289, 302, 351W). These covers combine the authentic look of classic Ford performance with modern, heavy-gauge construction. They deliver a perfect blend of nostalgia and durability, making them ideal for race cars, street rods, and any engine demanding a superior aesthetic. Consequently, they are a mandatory upgrade for showcasing your Ford power. Heavy-Gauge Construction for Reliability We manufacture these covers from high-quality, heavy-gauge stamped steel, which provides superior strength compared to thin, factory units. This enhanced rigidity is vital as it resists warping, ensuring a reliable, leak-free seal against the cylinder heads. A proper seal is critical for maintaining a clean engine bay and preventing oil consumption, especially during high-RPM operation. Authentic Racing Style These Ford Windsor racing stamped steel valve covers SA typically feature the iconic “Ford Racing” logo or similar high-performance branding, instantly signaling quality under your bonnet. They are available in finishes like brilliant chrome and sleek black, allowing you to perfectly match your engine’s theme. The robust steel construction also helps dampen the internal valvetrain noise, giving your engine a tighter, more professional sound. Therefore, these covers are a straightforward and essential upgrade for any Windsor V8. Key "
"2329","302-135","Ford Racing Slant Edge Valve Covers Black Crinkle","ford-racing-slant-edge-valve-covers-black-crinkle","https://allamericanmuscle.co.za/product/ford-racing-slant-edge-valve-covers-black-crinkle/","simple","10504.36","10504.36","10504.36","no","yes","","Engines & Components","engines-components","https://allamericanmuscle.co.za/wp-content/uploads/2026/04/product20287629.webp","Ford Racing Slant Edge Valve Covers Black Crinkle","Aggressive and modern Mustang Ford Racing Valve Covers. Die-cast valve covers offer more internal clearance for larger valve-train applications. 3.35 inch tall design with removable baffle."
"2330","125-25","Holley Single Stage Valve STD","holley-single-stage-valve-std","https://allamericanmuscle.co.za/product/holley-single-stage-valve-std/","simple","511.29","511.29","511.29","no","no","0","Air & Fuel Delivery","air-fuel-delivery","https://allamericanmuscle.co.za/wp-content/uploads/2026/06/de590d6f-1d1a-46d2-9c89-de084eec3c31.webp","Holley Single Stage Valve STD. Holley single-stage power valve. Controls the transition into the carburetor’s power-enrichment circuit based on manifold v…","Holley single-stage power valve. Controls the transition into the carburetor’s power-enrichment circuit based on manifold vacuum, delivering the right fuel under load. Standard Holley replacement part. Holley single-stage power valve Restores correct power-circuit operation Holley 4150/4160-style carburetors"
"2331","HLY-6-519-2","HOLLEY Needle Steel Seat Size 0.150, Adjustable","holley-needle-steel-seat-size-0-150-adjustable","https://allamericanmuscle.co.za/product/holley-needle-steel-seat-size-0-150-adjustable/","simple","1376.63","1376.63","1376.63","no","no","0","Air & Fuel Delivery","air-fuel-delivery","https://allamericanmuscle.co.za/wp-content/uploads/2026/06/bd6990aa-6e3b-471f-869b-d4e767a79184.webp","HOLLEY Needle Steel Seat Size 0.150, Adjustable. Holley adjustable needle and seat assembly with a 0.150″ steel seat. The larger seat supports higher fuel…","Holley adjustable needle and seat assembly with a 0.150″ steel seat. The larger seat supports higher fuel demand, and the adjustable design makes setting float level quick and precise. Adjustable needle & seat, 0.150″ steel seat High fuel-flow capacity Holley 4150/4160-style carburetors"
"2332","HLY-302-16","Holley GM LS Dipstick and Tube Kit","holley-gm-ls-dipstick-and-tube-kit","https://allamericanmuscle.co.za/product/holley-gm-ls-dipstick-and-tube-kit/","simple","1650.00","1650.00","1650.00","no","yes","1","Engines & Components","engines-components","https://allamericanmuscle.co.za/wp-content/uploads/2026/06/85db47fb-e75d-4d49-b00c-00cfcfea1373.webp","Holley GM LS Dipstick and Tube Kit – fits GM LS. Holley engine oil dipstick and tube kit for GM LS engines – ideal for LS swaps where the factory dipstick…","Holley engine oil dipstick and tube kit for GM LS engines – ideal for LS swaps where the factory dipstick no longer fits. Gives accurate oil-level measurement with a clean, secure installation. Application: GM LS / LS swap Dipstick and tube included Holley quality"
"2333","HLY-26-105","Holley Performance Vacuum Cap Assortment","holley-performance-vacuum-cap-assortment","https://allamericanmuscle.co.za/product/holley-performance-vacuum-cap-assortment/","simple","1013.33","1013.33","1013.33","no","yes","","Air & Fuel Delivery","air-fuel-delivery","https://allamericanmuscle.co.za/wp-content/uploads/2026/06/b42f1d67-eed5-444a-a08f-13d8dde03f0f.webp","Holley Performance Vacuum Cap Assortment. Holley assortment of vacuum caps for blocking off unused vacuum ports on carburetors, intakes and fittings. A ha…","Holley assortment of vacuum caps for blocking off unused vacuum ports on carburetors, intakes and fittings. A handy kit of multiple sizes for clean, leak-free vacuum management. Assorted vacuum cap sizes Seals unused vacuum ports Holley quality"
"2334","HUS-3162014","Hurst Pistol-Grip Quarter Stick Shifter C4/C6","hurst-pistol-grip-quarter-stick-shifter-c4-c6","https://allamericanmuscle.co.za/product/hurst-pistol-grip-quarter-stick-shifter-c4-c6/","simple","11343.44","11343.44","11343.44","no","yes","2","Exterior & Accessories","exterior-accessories","https://allamericanmuscle.co.za/wp-content/uploads/2026/06/HUU-3162014.webp","Hurst Pistol-Grip Quarter Stick shifter for Ford C4 and C6 automatic transmissions, offering precise and positive gear changes.","Experience precise and positive gear changes with the iconic Hurst Pistol-Grip Quarter Stick Shifter, specifically designed for Ford C4 and C6 automatic transmissions. This legendary shifter combines race-proven performance with a comfortable and ergonomic pistol-grip handle, providing confident control during spirited driving or drag racing. The Quarter Stick’s compact design and precise gate action ensure quick and accurate gear selection, eliminating missed shifts. Its durable construction and classic Hurst styling make it a popular choice for enthusiasts looking to enhance their vehicle’s performance and interior. Key Features: Hurst Quality: A trusted brand in performance shifting for decades. Pistol-Grip Handle: Provides a firm and comfortable grip for confident shifting. Quarter Stick Design: Compact and precise for quick gear changes. C4/C6 Compatibility: Specifically designed for Ford C4 and C6 automatic transmissions. Race-Proven Performance: Ideal for drag racing and performance driving. Positive Gate Action: Ensures accurate and consistent gear selection. Durable Construction: Built to withstand the rigors of performance use. Classic Hurst Styling: Enhances the interior of any performance vehicle. Why Choose the Hurst Pistol-Grip Quarter Stick Shifter for C4/C6 in South Africa? If you own a Ford vehicle with a C4 or C6 automatic transmission in South Africa and are looking for a high-performance shifter that offers precise control and a classic look, the Hurst Pis"
"2335","LOK-X 70-EHBF","Lokar Midnight Series Parking Brake Handle Boots","lokar-midnight-series-parking-brake-handle-boots","https://allamericanmuscle.co.za/product/lokar-midnight-series-parking-brake-handle-boots/","simple","1600.00","1600.00","1600.00","no","yes","1","Ignitions & Electrical","ignitions-electrical","https://allamericanmuscle.co.za/wp-content/uploads/2026/06/b25cdfd5-91f0-4038-abf5-4c34027d85eb.webp","Lokar Midnight Series Parking Brake Handle Boots. Lokar Midnight Series parking brake handle boot. Adds a finished, OE-style look to Lokar floor-mount e-b…","Lokar Midnight Series parking brake handle boot. Adds a finished, OE-style look to Lokar floor-mount e-brake handles with durable, blacked-out Midnight Series construction. Lokar Midnight Series (black) Parking brake handle boot Fits Lokar e-brake handles"
"2336","LOK-KDP-2350HT","Lokar Hi-Tech Chevy Carburetor TH350 Automatic Kickdown","lokar-hi-tech-chevy-carburetor-th350-automatic-kickdown","https://allamericanmuscle.co.za/product/lokar-hi-tech-chevy-carburetor-th350-automatic-kickdown/","simple","3087.05","3087.05","3087.05","no","no","0","Transmission & Drivetrain","transmission-drivetrain","https://allamericanmuscle.co.za/wp-content/uploads/2026/06/33e48b5a-8c9a-40a5-a1ed-8ead07fe9c6f.webp","Lokar Hi-Tech Chevy Carburetor TH350 Automatic Kickdown – fits GM TH350. Lokar Hi-Tech kickdown (detent) cable kit for GM TH350 automatics behind a carbur…","Lokar Hi-Tech kickdown (detent) cable kit for GM TH350 automatics behind a carbureted engine. Ensures correct, repeatable kickdown action and proper transmission line pressure, with Lokar’s braided stainless Hi-Tech finish that resists heat. Application: GM TH350 with carburetor Stainless braided Hi-Tech kickdown cable Sets correct detent/line pressure"
"2337","LOK-KDP-2400HT","Lokar Hi-Tech Chevy Carburetor TH400 Automatic","lokar-hi-tech-chevy-carburetor-th400-automatic","https://allamericanmuscle.co.za/product/lokar-hi-tech-chevy-carburetor-th400-automatic/","simple","4110.43","4110.43","4110.43","no","no","0","Transmission & Drivetrain","transmission-drivetrain","https://allamericanmuscle.co.za/wp-content/uploads/2026/06/LOK-KDP-2400HT.webp","Lokar Hi-Tech kickdown cable kit for Chevrolet TH400 automatic transmissions with aftermarket carburetors.","You can ensure precise and reliable kickdown operation for your Chevrolet TH400 automatic transmission when you use an aftermarket carburetor with this Lokar Hi-Tech Chevy Carburetor kit. Specifically, we designed this kit to provide a smooth and accurate linkage between your carburetor and the transmission’s kickdown cable. Lokar’s Hi-Tech series is renowned for its quality construction and ease of installation. This offers you a durable and aesthetically pleasing solution for your transmission linkage needs. Ultimately, this kit helps you guarantee proper downshifting for optimal performance and the longevity of your TH400 transmission. Get your Lokar Hi-Tech Chevy Carburetor now! Key Features Lokar Hi-Tech Series: We renowned it for quality and a user-friendly design. Specifically for Chevy TH400: We engineered it for a proper fitment and function with TH400 transmissions. Designed for Aftermarket Carbs: It ensures you have a correct linkage with a wide range of carburetors. Precise Kickdown Operation: It guarantees accurate downshifting for optimal performance. Durable Construction: We made it from high-quality materials for you to get long-lasting reliability. Smooth Linkage: It provides consistent and dependable operation. Easy Installation: We designed it for a straightforward setup. Enhances Transmission Performance: It ensures correct downshifting under acceleration. Why Choose the Lokar Hi-Tech Carburetor Kickdown Kit in South Africa? If you’ve installed an aftermar"
"2338","LOK-KDP-20C6HT","Lokar Hi-Tech Ford Carburetor C6 Automatic Kickdown","lokar-hi-tech-ford-carburetor-c6-automatic-kickdown","https://allamericanmuscle.co.za/product/lokar-hi-tech-ford-carburetor-c6-automatic-kickdown/","simple","3087.05","3087.05","3087.05","no","no","0","Transmission & Drivetrain","transmission-drivetrain","https://allamericanmuscle.co.za/wp-content/uploads/2026/06/335f0e6a-a4d4-4aa0-9683-0cb3879c8288.webp","Lokar Hi-Tech Ford Carburetor C6 Automatic Kickdown – fits Ford C6. Lokar Hi-Tech kickdown cable kit for Ford C6 automatics behind a carbureted engine. Pr…","Lokar Hi-Tech kickdown cable kit for Ford C6 automatics behind a carbureted engine. Provides precise kickdown actuation and correct line pressure, finished in Lokar’s braided stainless Hi-Tech style. Application: Ford C6 with carburetor Stainless braided Hi-Tech kickdown cable Correct detent/line-pressure control"
"2339","LOK-KDP-2727HT","Lokar Hi-Tech kickdown kit – Chrysler Carburetor Torqueflite 727","lokar-hi-tech-kickdown-kit-chrysler-carburetor-torqueflite-727","https://allamericanmuscle.co.za/product/lokar-hi-tech-kickdown-kit-chrysler-carburetor-torqueflite-727/","simple","3147.90","3147.90","3147.90","no","no","0","Transmission & Drivetrain","transmission-drivetrain","https://allamericanmuscle.co.za/wp-content/uploads/2026/06/LOK-KDP-2727HT.webp","Lokar Hi-Tech kickdown cable kit for Chrysler Torqueflite 727 automatic transmissions with aftermarket carburetors.","Ensure precise and reliable kickdown operation for your Chrysler Torqueflite 727 automatic transmission when using an aftermarket carburetor with this Lokar Hi-Tech kickdown kit. This kit is specifically designed to provide a smooth and accurate linkage between your carburetor and the transmission’s kickdown lever. Lokar’s Hi-Tech series is known for its quality construction and ease of installation, offering a durable and aesthetically pleasing solution for your transmission linkage needs. This kit helps guarantee proper downshifting for optimal performance and the longevity of your Torqueflite 727 transmission. Get your Lokar Hi-Tech kickdown kit now! Key Features: Lokar Hi-Tech Series: Renowned for quality and user-friendly design. Specifically for Chrysler 727: Engineered for proper fitment and function with Torqueflite 727 transmissions. Designed for Aftermarket Carbs: Ensures correct linkage with a wide range of carburetors. Precise Kickdown Operation: Guarantees accurate downshifting for optimal performance. Durable Construction: Made from high-quality materials for long-lasting reliability. Smooth Linkage: Provides consistent and dependable operation. Easy Installation: Designed for a straightforward setup. Enhances Transmission Performance: Ensures correct downshifting under acceleration. Why Choose the Lokar Hi-Tech Carburetor Kickdown Kit for Chrysler Torqueflite 727 in South Africa? If you’ve installed an aftermarket carburetor on your Chrysler vehicle with a Torq"
"2340","MA-OS3020Y","Mahle BBC Sump Gasket","mahle-bbc-sump-gasket","https://allamericanmuscle.co.za/product/mahle-bbc-sump-gasket/","simple","1800.00","1800.00","1800.00","no","yes","1","Gaskets & Seals","gaskets-seals","https://allamericanmuscle.co.za/wp-content/uploads/2026/06/cfd8e571-98ed-4a93-a7be-75615edb2cf9.webp","Mahle BBC Sump Gasket – fits Big Block Chevy. Mahle oil pan (sump) gasket set for the Big Block Chevy. Premium Mahle sealing materials deliver a durable,…","Mahle oil pan (sump) gasket set for the Big Block Chevy. Premium Mahle sealing materials deliver a durable, leak-free seal with excellent torque retention. Application: Big Block Chevy Oil pan / sump gasket set Mahle OE-grade sealing"
"2341","MY-308","Mallory Rotor Screw Down Cap SBC","mallory-rotor-screw-down-cap-sbc","https://allamericanmuscle.co.za/product/mallory-rotor-screw-down-cap-sbc/","simple","850.00","850.00","850.00","no","yes","2","Ignitions & Electrical","ignitions-electrical","https://allamericanmuscle.co.za/wp-content/uploads/2026/06/1568892e-1905-4ecc-9a20-60d8779e0520.webp","Mallory Rotor Screw Down Cap SBC – fits Small Block Chevy. Mallory screw-down distributor cap for Small Block Chevy ignitions. The screw-down design provi…","Mallory screw-down distributor cap for Small Block Chevy ignitions. The screw-down design provides a secure, vibration-resistant connection for reliable spark distribution in high-performance setups. Mallory screw-down distributor cap Secure, vibration-resistant fitment Performance ignition"
"2342","MMR-150103","Mastodon Racing Mini Starter SB/BB Chevy","mastodon-racing-mini-starter-sb-bb-chevy","https://allamericanmuscle.co.za/product/mastodon-racing-mini-starter-sb-bb-chevy/","simple","3680.02","3680.02","3680.02","no","yes","","Engines & Components","engines-components","https://allamericanmuscle.co.za/wp-content/uploads/2026/06/150103.webp","High-performance Mastodon Racing mini high torque starter for Small Block (SB) and Big Block (BB) Chevrolet engines, delivering powerful and reliable starting.","Get your Small Block (SB) or Big Block (BB) Chevrolet engine started quickly and reliably with the high-performance Mastodon Racing Mini Hight Torque Starter. This starter from Mastodon Racing delivers powerful cranking in a small and lightweight package. Its compact size means it fits easily, even if you have limited space in your engine bay. This makes it a great upgrade for performance cars and custom engine swaps. You can count on this robust starter to fire up your engine every time. Key Features: Top-Quality from Mastodon Racing: Built for excellent performance and long life. Strong Starting Power: Provides the torque needed for fast engine starts. Small and Light: Saves space and reduces overall weight. Fits SB/BB Chevy Engines: Designed for a wide range of Small and Big Block Chevrolet engines. Starts Reliably: Gives you consistent and dependable starting. Delivered Across South Africa: We ship starters to you, wherever you are in SA. Support Available: Our team is here to help with any questions. Why Choose the Mastodon Racing Mini High Torque Starter for Your Chevy SB/BB in SA? If you need a powerful, space-saving, and dependable starter for your Small or Big Block Chevy engine in South Africa, this Mastodon Racing mini high torque starter is the perfect choice. Specifications: Application: Small Block Chevy (SBC) and Big Block Chevy (BBC) Engines Type: Mini High Torque Starter Brand: Mastodon Racing Upgrade your Chevy’s starting power with the Mastodon Racing Mini "
"2343","MMR-1112-P","Mastodon 600CFM Carburetor [Holley-Style]","mastodon-600cfm-carburetor-holley-style","https://allamericanmuscle.co.za/product/mastodon-600cfm-carburetor-holley-style/","simple","6891.61","6891.61","6891.61","no","no","0","Air & Fuel Delivery","air-fuel-delivery","https://allamericanmuscle.co.za/wp-content/uploads/2026/06/4259834_L1600_3ea06578-2502-4c18-9b13-d712b09702c0.webp","600CFM Carburetor [Holley-Style]. Shop the 600CFM Carburetor [Holley-Style] at All American Muscle. Meters fuel and air for crisp throttle response and de…","Shop the 600CFM Carburetor [Holley-Style] at All American Muscle. Meters fuel and air for crisp throttle response and dependable running. Mastodon performance you can count on, shipped fast across South Africa. Brand: Mastodon Part No: MMR-1112-P"
"2344","MMR-5124-B","Mastodon Chevy LS 8mm 135 Degree Plug Boots BLACK","mastodon-chevy-ls-8mm-135-degree-plug-boots-black","https://allamericanmuscle.co.za/product/mastodon-chevy-ls-8mm-135-degree-plug-boots-black/","simple","660.96","660.96","660.96","no","no","0","Ignitions & Electrical","ignitions-electrical","https://allamericanmuscle.co.za/wp-content/uploads/2026/06/51245B-1.webp","Chevy LS 8mm 135 Degree Plug Boots BLACK – fits GM LS. Upgrade with the Chevy LS 8mm 135 Degree Plug Boots BLACK. A quality piece for classic American mus…","Upgrade with the Chevy LS 8mm 135 Degree Plug Boots BLACK. A quality piece for classic American muscle-car and hot-rod builds. Engineered to fit GM LS applications. Genuine Mastodon quality, in stock and ready to ship. Brand: Mastodon Application: GM LS Part No: MMR-5124-B"
"2345","MMR-1076-SR","Mastodon Chevy LS Adapter,Cathedral Port to Rectangular","mastodon-chevy-ls-adaptercathedral-port-to-rectangular","https://allamericanmuscle.co.za/product/mastodon-chevy-ls-adaptercathedral-port-to-rectangular/","simple","4500.00","4500.00","4500.00","no","no","0","Engines & Components","engines-components","https://allamericanmuscle.co.za/wp-content/uploads/2026/06/491GMLS3003_L1600_ae6eaa9b-9b49-425d-a3c4-9fe7ffad5b1e.webp","Chevy LS Adapter,Cathedral Port to Rectangular – fits GM LS. Chevy LS Adapter,Cathedral Port to Rectangular. A quality piece for classic American muscle-c…","Chevy LS Adapter,Cathedral Port to Rectangular. A quality piece for classic American muscle-car and hot-rod builds. Engineered to fit GM LS applications. Backed by Mastodon and ideal for street and performance use. Brand: Mastodon Application: GM LS Part No: MMR-1076-SR"
"2346","MMR-25048","Mastodon LS Rocker Arms Trunnion Kit for Chevy","mastodon-ls-rocker-arms-trunnion-kit-for-chevy","https://allamericanmuscle.co.za/product/mastodon-ls-rocker-arms-trunnion-kit-for-chevy/","simple","3235.62","3235.62","3235.62","no","yes","1","Engines & Components","engines-components","https://allamericanmuscle.co.za/wp-content/uploads/2026/06/MMSI-AT25048-1.webp","High-strength Mastodon rocker arm trunnion kit for improved reliability in Chevrolet LS engines.","Upgrade the durability and stability of your Chevrolet LS engine’s valvetrain with the Mastodon LS Rocker Arms Trunnion Kit. This high-quality kit replaces the factory rocker arm trunnions with stronger, more robust components, significantly reducing the risk of failure under high RPM and aggressive use. Designed for all Gen III and Gen IV LS series engines, this kit provides increased rigidity and improved valvetrain geometry, leading to enhanced engine reliability and potentially increased performance. The Mastodon trunnion kit is a direct bolt-in upgrade and is essential for anyone looking to improve the longevity and strength of their LS engine’s rocker arm system, whether for performance driving, racing, or general reliability. Get your Mastodon LS Rocker Arms Trunnion Kit now! Key Features: Designed for Chevrolet LS Engines: Compatible with all Gen III and Gen IV LS series engines. Upgraded Trunnion Material: Typically made from hardened steel for increased strength and durability. Reduces Risk of Trunnion Failure: A common weak point in the factory LS valvetrain. Enhances Valvetrain Stability: Provides more consistent and reliable valve operation. Improved Valvetrain Geometry: Can lead to better performance and reduced wear. Direct Bolt-In Replacement: Easy to install with no machining required. Ideal for Performance and Reliability: Suitable for street performance, racing, and daily driving. Includes All Necessary Hardware: Comes with trunnions, bearings, and bolts fo"
"2347","MMR-43011-Bk","Mastodon Chevy Engine Mounting Black Polyurethane 3 Bolt","mastodon-chevy-engine-mounting-black-polyurethane-3-bolt","https://allamericanmuscle.co.za/product/mastodon-chevy-engine-mounting-black-polyurethane-3-bolt/","simple","1600.00","1600.00","1600.00","no","yes","1","Engines & Components","engines-components","https://allamericanmuscle.co.za/wp-content/uploads/2026/06/91018040_L1600_fdf8f2d8-a285-49d4-b7dc-67652cb0f1d8.webp","Chevy Engine Mounting Black Polyurethane 3 Bolt – fits GM / Chevrolet. Fit your build with the Chevy Engine Mounting Black Polyurethane 3 Bolt. Locates th…","Fit your build with the Chevy Engine Mounting Black Polyurethane 3 Bolt. Locates the engine or driveline securely while damping vibration. Engineered to fit GM / Chevrolet applications. Mastodon performance you can count on, shipped fast across South Africa. Brand: Mastodon Application: GM / Chevrolet Part No: MMR-43011-Bk"
"2348","MMR-5090-BK","Mastodon Radiator Coolant Water Tank","mastodon-radiator-coolant-water-tank","https://allamericanmuscle.co.za/product/mastodon-radiator-coolant-water-tank/","simple","1600.00","1600.00","1600.00","no","yes","","Cooling & Heating","cooling-heating","https://allamericanmuscle.co.za/wp-content/uploads/2026/06/91015710_L1600_6fee8f66-866a-4d17-8fbf-8dd0fc2f7f43.webp","Radiator Coolant Water Tank. Shop the Radiator Coolant Water Tank at All American Muscle. High-capacity cooling to keep temperatures in check, even in tra…","Shop the Radiator Coolant Water Tank at All American Muscle. High-capacity cooling to keep temperatures in check, even in traffic or under load. Genuine Mastodon quality, in stock and ready to ship. Brand: Mastodon Part No: MMR-5090-BK"
"2349","MMR-8591","Mastodon Short Shift Gear Lever Kit","mastodon-short-shift-gear-lever-kit","https://allamericanmuscle.co.za/product/mastodon-short-shift-gear-lever-kit/","simple","1392.43","1392.43","1392.43","no","no","0","Interior & Accessories","interior-accessories","","Short Shift Gear Lever Kit. Upgrade with the Short Shift Gear Lever Kit. A quality driveline/transmission component for smooth, reliable operation.Backed…","Upgrade with the Short Shift Gear Lever Kit. A quality driveline/transmission component for smooth, reliable operation. Backed by Mastodon and ideal for street and performance use. Brand: Mastodon Part No: MMR-8591"
"2350","MMR-FO-007","Mastodon Block Hugger Headers,Ford Windsor 289-351","mastodon-block-hugger-headersford-windsor-289-351","https://allamericanmuscle.co.za/product/mastodon-block-hugger-headersford-windsor-289-351/","simple","5390.63","5390.63","5390.63","no","yes","2","Exhaust","exhaust","https://allamericanmuscle.co.za/wp-content/uploads/2026/04/Mastodon20Block20Hugger20Headers2CFord20Windsor20289-351.webp","Block Hugger Headers,Ford Windsor 289-351 – fits Ford Small Block (Windsor). Elevate your Ford Windsor engine’s performance with this premium Stainless St…","Elevate your Ford Windsor engine’s performance with this premium Stainless Steel Header Set, meticulously designed for maximum efficiency and durability. Ideal for 289, 302, and 351 engine configurations, these headers ensure optimal exhaust flow, boosting horsepower and torque while providing a sleek, race-ready look."
"2351","MMR-LY-7-2G-004","Mastodon 7inch LED Headlight Black","mastodon-7inch-led-headlight-black","https://allamericanmuscle.co.za/product/mastodon-7inch-led-headlight-black/","simple","1341.13","1341.13","1341.13","no","yes","1","Lights & Lighting","lights-lighting","https://allamericanmuscle.co.za/wp-content/uploads/2026/04/product20285229.webp","Mastodon 7 inch LED Headlight Black","7-inch LED Headlights are multi-function. Halo can be white or amber. Amber for turn signal, white for DRL. Faster on/off response time, weatherproof, low power consumption."
"2352","MMR-LY-HL-001-X-CH","Mastodon Chrome 7 inch LED Headlight","mastodon-chrome-7-inch-led-headlight","https://allamericanmuscle.co.za/product/mastodon-chrome-7-inch-led-headlight/","simple","1106.67","1106.67","1106.67","no","yes","1","Lights & Lighting","lights-lighting","https://allamericanmuscle.co.za/wp-content/uploads/2026/06/LY-5080-7-CH-1.webp","Chrome 7 inch LED Headlight. Fit your build with the Chrome 7 inch LED Headlight. Bright, reliable lighting with a clean, period-correct look.Genuine Mast…","Fit your build with the Chrome 7 inch LED Headlight. Bright, reliable lighting with a clean, period-correct look. Genuine Mastodon quality, in stock and ready to ship. Brand: Mastodon Part No: MMR-LY-HL-001-X-CH"
"2353","MMR-25-284967-1","Mastodon Corvette Tach Circuit Board 80-’82 Green","mastodon-corvette-tach-circuit-board-80-82-green","https://allamericanmuscle.co.za/product/mastodon-corvette-tach-circuit-board-80-82-green/","simple","500.00","500.00","500.00","no","yes","1","Ignitions & Electrical","ignitions-electrical","https://allamericanmuscle.co.za/wp-content/uploads/2026/06/188TB2102_L850_cd48b0fd-2fc9-44bc-b048-c7a71077409e.webp","Corvette Tach Circuit Board 80-’82 Green – fits Chevrolet Corvette. Shop the Corvette Tach Circuit Board 80-’82 Green at All American Muscle. A quality pi…","Shop the Corvette Tach Circuit Board 80-’82 Green at All American Muscle. A quality piece for classic American muscle-car and hot-rod builds. Engineered to fit Chevrolet Corvette applications. Backed by Mastodon and ideal for street and performance use. Brand: Mastodon Application: Chevrolet Corvette Part No: MMR-25-284967-1"
"2355","MMR-5F02S","Mastodon Carb Air Scoop","mastodon-carb-air-scoop","https://allamericanmuscle.co.za/product/mastodon-carb-air-scoop/","simple","6500.00","6500.00","6500.00","no","yes","1","Air & Fuel Delivery","air-fuel-delivery","https://allamericanmuscle.co.za/wp-content/uploads/2026/06/92511900_L1600_9a029127-f9f1-4f02-953a-9d9341fcee7b.webp","Bolt-on carburettor air scoop — feeds cooler air to the carb and adds classic hot-rod style.","Carb Air Scoop. A bolt-on air scoop that sits on top of the carburettor, feeding it cooler outside air and finishing off the engine bay with classic hot-rod attitude. Mastodon performance you can count on, shipped fast across South Africa. Brand: Mastodon Part No: MMR-5F02S"
"2357","MMR-SBC 195-PRO","Mastodon Pro Series SBC Cylinder Heads 195cc Intake (Pair)","mastodon-pro-series-sbc-cylinder-heads-195cc-intake-pair","https://allamericanmuscle.co.za/product/mastodon-pro-series-sbc-cylinder-heads-195cc-intake-pair/","simple","30509.07","30509.07","30509.07","no","no","0","Engines & Components","engines-components","https://allamericanmuscle.co.za/wp-content/uploads/2026/06/MM-SBC195-PRO-2.webp|https://allamericanmuscle.co.za/wp-content/uploads/2026/06/MM-SBC195-PRO-3.webp|https://allamericanmuscle.co.za/wp-content/uploads/2026/06/MM-SBC195-PRO-4.webp|https://allamericanmuscle.co.za/wp-content/uploads/2026/06/MM-SBC195-PRO.webp","High-performance Mastodon Pro Series cylinder heads for Small Block Chevy engines with 195cc intake runners, delivering significant power gains. (Pair)","Unleash the full potential of your Small Block Chevy (SBC) engine with the Mastodon Pro Series Cylinder Heads featuring 195cc intake runners. These high-performance cylinder heads are engineered for optimal airflow and combustion efficiency, leading to significant gains in horsepower and torque. The 195cc intake runner volume is ideal for a wide range of applications, from high-performance street builds to aggressive naturally aspirated engines. Constructed from high-quality materials with precision machining, these cylinder heads offer improved flow characteristics over stock heads, allowing your engine to breathe better and produce more power. Sold as a pair, these Mastodon Pro Series cylinder heads are a premium upgrade for any serious SBC enthusiast looking for maximum performance. Key Features: Mastodon Pro Series: Engineered for maximum performance and airflow. 195cc Intake Runners: Optimized for strong mid-range and top-end power. Improved Airflow: Enhanced port design for increased engine breathing. High-Quality Construction: Durable materials and precision machining. Increased Horsepower and Torque: Significant performance gains over stock heads. Enhanced Combustion Efficiency: Promotes better fuel utilization. Ideal for Performance Builds: Suitable for street, strip, and track applications. Sold as a Pair: Includes two complete cylinder heads. Why Choose Mastodon Pro Series 195cc SBC Cylinder Heads in South Africa? If you’re building a high-performance Small Block C"
"2359","MMR-2001","Mastodon Chevy LS Starter 12V 9T 10MT Chevrolet","mastodon-chevy-ls-starter-12v-9t-10mt-chevrolet","https://allamericanmuscle.co.za/product/mastodon-chevy-ls-starter-12v-9t-10mt-chevrolet/","simple","8067.62","8067.62","8067.62","no","yes","1","Engines & Components","engines-components","https://allamericanmuscle.co.za/wp-content/uploads/2026/06/2897002-BLK_L1600_e8d7af5b-08e3-4d66-844b-408f678388ff.webp","Chevy LS Starter 12V 9T 10MT Chevrolet – fits GM LS. Upgrade with the Chevy LS Starter 12V 9T 10MT Chevrolet. High-torque starting power for dependable cr…","Upgrade with the Chevy LS Starter 12V 9T 10MT Chevrolet. High-torque starting power for dependable cranking, hot or cold. Engineered to fit GM LS applications. Mastodon performance you can count on, shipped fast across South Africa. Brand: Mastodon Application: GM LS Part No: MMR-2001"
"2360","MMR-0S01280-SR","Mastodon SBC Pulley Kit (D)","mastodon-sbc-pulley-kit-d","https://allamericanmuscle.co.za/product/mastodon-sbc-pulley-kit-d/","simple","8518.49","8518.49","8518.49","no","yes","1","Engines & Components","engines-components","https://allamericanmuscle.co.za/wp-content/uploads/2026/06/466364015_L_502992e5-3c27-403d-b2d6-640756f46cff.webp","SBC Pulley Kit (D) – fits Small Block Chevy. SBC Pulley Kit (D). Maintains correct drive-belt alignment and turns the engine accessories smoothly.Engineer…","SBC Pulley Kit (D). Maintains correct drive-belt alignment and turns the engine accessories smoothly. Engineered to fit Small Block Chevy applications. Genuine Mastodon quality, in stock and ready to ship. Brand: Mastodon Application: Small Block Chevy Part No: MMR-0S01280-SR"
"2361","MMR-1009-SL","Mastodon Throttle Body GM, LS 92mm, for LSXR Intake","mastodon-throttle-body-gm-ls-92mm-for-lsxr-intake","https://allamericanmuscle.co.za/product/mastodon-throttle-body-gm-ls-92mm-for-lsxr-intake/","simple","3676.60","3676.60","3676.60","no","yes","1","Air & Fuel Delivery","air-fuel-delivery","https://allamericanmuscle.co.za/wp-content/uploads/2026/06/MM-KD1009-1.jpg","Throttle Body GM, LS 92mm, for LSXR Intake – fits GM LS. The Throttle Body GM, LS 92mm, for LSXR Intake from All American Muscle. Controls airflow into th…","The Throttle Body GM, LS 92mm, for LSXR Intake from All American Muscle. Controls airflow into the engine for smooth, responsive throttle. Engineered to fit GM LS applications. Backed by Mastodon and ideal for street and performance use. Brand: Mastodon Application: GM LS Part No: MMR-1009-SL"
"2362","MMR-1023-BK","Mastodon Aluminum Billet Drive-By-Wire Throttle Body","mastodon-aluminum-billet-drive-by-wire-throttle-body","https://allamericanmuscle.co.za/product/mastodon-aluminum-billet-drive-by-wire-throttle-body/","simple","7496.30","7496.30","7496.30","no","yes","1","Air & Fuel Delivery","air-fuel-delivery","https://allamericanmuscle.co.za/wp-content/uploads/2026/06/MM-KD1023BK.webp","High-quality Mastodon billet aluminum drive-by-wire throttle body for improved throttle response and performance in modern vehicles.","Upgrade to the precision and performance of the Mastodon Aluminum Billet Drive-By-Wire Throttle Body. Crafted from high-quality billet aluminum, this throttle body offers enhanced durability and improved throttle response for modern drive-by-wire systems. Experience smoother acceleration and optimized airflow, leading to potential gains in horsepower and torque. Ideal for enthusiasts looking for a reliable and high-performance upgrade for their electronic throttle control system. Key Features: Billet Aluminum Construction: Provides superior strength and durability. Drive-By-Wire Compatibility: Designed for modern electronic throttle control systems. Enhanced Throttle Response: Delivers quicker and more precise acceleration. Optimized Airflow: Improves engine breathing for potential performance gains. Precision Engineering: Ensures accurate and consistent throttle control. Ideal for Performance Upgrades: A significant enhancement for drive-by-wire equipped vehicles. Specifications: Type: Drive-By-Wire Throttle Body Material: Billet Aluminum Brand: Mastodon Frequently Asked Questions: What is a drive-by-wire throttle body? A drive-by-wire (DBW) throttle body uses an electronic sensor instead of a mechanical cable to control the throttle plate. The accelerator pedal sends an electronic signal to the engine control unit (ECU), which then controls the throttle body. What are the benefits of a billet aluminum throttle body? Billet aluminum offers increased strength and rigidity com"
"2364","MMR-0132-S","LS V8 Aluminum High Performance Intake Manifold","ls-v8-aluminum-high-performance-intake-manifold","https://allamericanmuscle.co.za/product/ls-v8-aluminum-high-performance-intake-manifold/","simple","7977.68","7977.68","7977.68","no","yes","1","Air & Fuel Delivery","air-fuel-delivery","https://allamericanmuscle.co.za/wp-content/uploads/2026/06/IM0132S.webp","Aftermarket aluminum high-performance intake manifold for V8 engines, designed for increased airflow and power.","Boost the performance of your V8 engine with this high-quality aftermarket aluminum intake manifold. Designed for enhanced airflow and improved fuel distribution, this intake manifold is a significant upgrade over stock manifolds. Its lightweight aluminum construction helps reduce overall engine weight while providing excellent heat dissipation. This high-performance manifold is engineered to optimize power and torque across the RPM range, making it ideal for street performance, racing, or anyone looking to get the most out of their V8 engine. Please ensure compatibility with your specific V8 engine make and model before purchasing. Key Features: High-Performance Design: Engineered for maximum airflow and fuel distribution. Lightweight Aluminum: Reduces engine weight and improves heat dissipation. Enhanced Power and Torque: Optimizes engine output across the RPM range. Durable Construction: Built to withstand the demands of high-performance engines. Aftermarket Upgrade: A significant improvement over stock intake manifolds. Ideal for Performance Applications: Suitable for street, track, and off-road use. Why Choose This V8 Aluminum High Performance Intake Manifold in South Africa? If you’re looking to increase the power and torque of your V8 engine in South Africa, this aftermarket aluminum high-performance intake manifold offers a significant upgrade in airflow and fuel delivery, leading to noticeable performance gains. Specifications: Engine Type: V8 Material: Aluminum Type"
"2365","MMR-1626","Mastodon Racing Radiator Cap","mastodon-racing-radiator-cap","https://allamericanmuscle.co.za/product/mastodon-racing-radiator-cap/","simple","106.48","106.48","106.48","no","yes","1","Cooling & Heating","cooling-heating","https://allamericanmuscle.co.za/wp-content/uploads/2026/06/KD1610-1.webp","Racing Radiator Cap. Racing Radiator Cap. High-capacity cooling to keep temperatures in check, even in traffic or under load.Backed by Mastodon and ideal…","Racing Radiator Cap. High-capacity cooling to keep temperatures in check, even in traffic or under load. Backed by Mastodon and ideal for street and performance use. Brand: Mastodon Part No: MMR-1626"
"2366","MMR-6081","Mastodon Quick Release Kit Hood Pin Pattern","mastodon-quick-release-kit-hood-pin-pattern","https://allamericanmuscle.co.za/product/mastodon-quick-release-kit-hood-pin-pattern/","simple","149.07","149.07","149.07","no","yes","1","Exterior & Accessories","exterior-accessories","https://allamericanmuscle.co.za/wp-content/uploads/2026/06/2611011_L1600_a018b3f7-026a-44d3-975c-a4832412dcc6.webp","Quick Release Kit Hood Pin Pattern. The Quick Release Kit Hood Pin Pattern from All American Muscle. A quality piece for classic American muscle-car and h…","The Quick Release Kit Hood Pin Pattern from All American Muscle. A quality piece for classic American muscle-car and hot-rod builds. A reliable Mastodon choice for your American muscle or hot-rod project. Brand: Mastodon Part No: MMR-6081"
"2367","MMR-2853","Mastodon BBC Valve Cover Cork Gasket","mastodon-bbc-valve-cover-cork-gasket","https://allamericanmuscle.co.za/product/mastodon-bbc-valve-cover-cork-gasket/","simple","450.00","450.00","450.00","no","yes","1","Gaskets & Seals","gaskets-seals","https://allamericanmuscle.co.za/wp-content/uploads/2026/06/VS-30055-R-1.webp","BBC Valve Cover Cork Gasket – fits Big Block Chevy. Fit your build with the BBC Valve Cover Cork Gasket. Provides a durable, leak-free seal and is made to…","Fit your build with the BBC Valve Cover Cork Gasket. Provides a durable, leak-free seal and is made to meet or exceed OE specifications. Engineered to fit Big Block Chevy applications. Mastodon performance you can count on, shipped fast across South Africa. Brand: Mastodon Application: Big Block Chevy Part No: MMR-2853"
"2368","MMR-3257564","Mastodon RPM Air Gap Intake Manifold Ford 351C","mastodon-rpm-air-gap-intake-manifold-ford-351c","https://allamericanmuscle.co.za/product/mastodon-rpm-air-gap-intake-manifold-ford-351c/","simple","11121.57","11121.57","11121.57","no","yes","1","Air & Fuel Delivery","air-fuel-delivery","https://allamericanmuscle.co.za/wp-content/uploads/2026/06/3257564.webp","High-performance Mastodon RPM Air Gap intake manifold designed for Ford 351 Cleveland (351C) engines, delivering cooler air for increased power.","Boost the power of your Ford 351 Cleveland (351C) engine with the Mastodon RPM Air Gap Intake Manifold, available in South Africa. This high-performance manifold from Mastodon features a special “Air Gap” design. This design keeps the intake runners cooler by separating them from the hot engine block. The result is a denser air charge, which means more horsepower and torque for your engine. This manifold works well across a wide range of engine speeds, making it great for both street driving and some racing. If you’re in SA and want to upgrade your 351C, this is a fantastic choice. Key Features: Mastodon Performance: Engineered for better airflow and more power. RPM Air Gap Design: Keeps intake air cooler for increased performance. More Horsepower & Torque: Improves engine output at different speeds. Made for Ford 351C: Fits 351 Cleveland engines perfectly. Strong Build: Designed to handle performance driving. Delivered Across South Africa: We ship intake manifolds nationwide. Support Available: Our team can answer any questions you have. Why Choose the Mastodon RPM Air Gap Intake Manifold for Your Ford 351C in SA? If you own a Ford 351C in South Africa and want a noticeable increase in engine power and better throttle response, the Mastodon RPM Air Gap intake manifold is a top-quality upgrade. Specifications: Application: Ford 351 Cleveland (351C) Engines Type: RPM Air Gap Intake Manifold Brand: Mastodon Unleash the full potential of your Ford 351C engine in South Africa wit"
"2369","MMR-36-43050","Mastodon 0.25mm oversized Jeep 3.6 Main Bearing","mastodon-0-25mm-oversized-jeep-3-6-main-bearing","https://allamericanmuscle.co.za/product/mastodon-0-25mm-oversized-jeep-3-6-main-bearing/","simple","1437.50","1437.50","1437.50","no","yes","1","Engines & Components","engines-components","https://allamericanmuscle.co.za/wp-content/uploads/2026/06/757M909H_L_81b30685-ad33-4275-8b10-1b6a5f2c4315.webp","0.25mm oversized Jeep 3.6 Main Bearing – fits Chrysler / Mopar. Upgrade with the 0.25mm oversized Jeep 3.6 Main Bearing. Precision engine bearings that me…","Upgrade with the 0.25mm oversized Jeep 3.6 Main Bearing. Precision engine bearings that meet or exceed OE specifications for correct clearance and long service life. Engineered to fit Chrysler / Mopar applications. Backed by Mastodon and ideal for street and performance use. Brand: Mastodon Application: Chrysler / Mopar Part No: MMR-36-43050"
"2370","MMR-36423","Mastodon C6 Transmission Filter","mastodon-c6-transmission-filter","https://allamericanmuscle.co.za/product/mastodon-c6-transmission-filter/","simple","300.00","300.00","300.00","no","yes","1","Transmission & Drivetrain","transmission-drivetrain","https://allamericanmuscle.co.za/wp-content/uploads/2026/06/G26422A-1.webp","C6 Transmission Filter – fits Ford C6. C6 Transmission Filter. A quality driveline/transmission component for smooth, reliable operation.Engineered to fit…","C6 Transmission Filter. A quality driveline/transmission component for smooth, reliable operation. Engineered to fit Ford C6 applications. A reliable Mastodon choice for your American muscle or hot-rod project. Brand: Mastodon Application: Ford C6 Part No: MMR-36423"
"2371","MMR-4142","Mastodon 2inch Stainless Steel V-Band Flange Clamp","mastodon-2inch-stainless-steel-v-band-flange-clamp","https://allamericanmuscle.co.za/product/mastodon-2inch-stainless-steel-v-band-flange-clamp/","simple","647.40","647.40","647.40","no","yes","1","Exhaust","exhaust","https://allamericanmuscle.co.za/wp-content/uploads/2026/06/MM-KD4142.webp","Durable Mastodon 2-inch stainless steel V-band flange clamp for secure and leak-proof exhaust connections.","Secure exhaust connections with the robust Mastodon 2-inch Stainless Steel V-Band Flange Clamp. Constructed from high-quality stainless steel, this clamp provides a durable and leak-proof seal for exhaust pipes, turbo outlets, and other automotive applications utilizing a 2-inch V-band flange. Its quick-release design allows for easy installation and removal, making it ideal for performance builds and maintenance. Key Features: 2-inch Size: Specifically designed for 2-inch V-band flange connections. Stainless Steel Construction: Offers excellent corrosion resistance and durability. Secure and Leak-Proof Seal: Ensures a tight connection, preventing exhaust leaks. Quick-Release Design: Allows for easy and fast installation and removal. Versatile Application: Suitable for exhaust systems, turbochargers, and more. Ideal for Performance and Maintenance: A reliable component for various automotive needs. Specifications: Size: 2 inch Material: Stainless Steel Type: V-Band Flange Clamp Brand: Mastodon Frequently Asked Questions: What is a V-band clamp? A V-band clamp is a fastening system consisting of two flanges and a clamp that securely seals and connects pipes or components, often used in exhaust and turbo systems. What are the benefits of stainless steel? Stainless steel offers superior resistance to rust and corrosion, ensuring a long lifespan even in harsh undercarriage environments. Is this easy to install? V-band clamps are known for their relatively easy installation and re"
"2372","MMR-4146","Mastodon 3 inch Stainless Steel V-Band Flange Clamp","mastodon-3-inch-stainless-steel-v-band-flange-clamp","https://allamericanmuscle.co.za/product/mastodon-3-inch-stainless-steel-v-band-flange-clamp/","simple","749.63","749.63","749.63","no","yes","1","Exhaust","exhaust","https://allamericanmuscle.co.za/wp-content/uploads/2026/06/MM-KD4142-1.webp","3 inch Stainless Steel V-Band Flange Clamp. Fit your build with the 3 inch Stainless Steel V-Band Flange Clamp. Improves exhaust flow for better performan…","Fit your build with the 3 inch Stainless Steel V-Band Flange Clamp. Improves exhaust flow for better performance and a great sound. Genuine Mastodon quality, in stock and ready to ship. Brand: Mastodon Part No: MMR-4146"
"2373","MMR-58002","Mastodon SBC 80-85 Oil Pan Gasket 1 Piece Rubber","mastodon-sbc-80-85-oil-pan-gasket-1-piece-rubber","https://allamericanmuscle.co.za/product/mastodon-sbc-80-85-oil-pan-gasket-1-piece-rubber/","simple","735.39","735.39","735.39","no","no","0","Gaskets & Seals","gaskets-seals","https://allamericanmuscle.co.za/wp-content/uploads/2026/06/MMSI-AT58001-1.webp","SBC 80-85 Oil Pan Gasket 1 Piece Rubber – fits Small Block Chevy. Shop the SBC 80-85 Oil Pan Gasket 1 Piece Rubber at All American Muscle. Provides a dura…","Shop the SBC 80-85 Oil Pan Gasket 1 Piece Rubber at All American Muscle. Provides a durable, leak-free seal and is made to meet or exceed OE specifications. Engineered to fit Small Block Chevy applications. Backed by Mastodon and ideal for street and performance use. Brand: Mastodon Application: Small Block Chevy Part No: MMR-58002"
"2374","MMR-58024-B","Mastodon Carburetor Spacer, 4 BBL, 2″ Ported Pheno","mastodon-carburetor-spacer-4-bbl-2-ported-pheno","https://allamericanmuscle.co.za/product/mastodon-carburetor-spacer-4-bbl-2-ported-pheno/","simple","564.77","564.77","564.77","no","yes","1","Air & Fuel Delivery","air-fuel-delivery","https://allamericanmuscle.co.za/wp-content/uploads/2026/06/SI-AT58024-1.webp","2"" four-hole phenolic carburettor spacer — adds plenum volume and insulates the carb from engine heat.","Upgrade with the Carburetor Spacer, 4 BBL, 2"" Ported Phenolic. A 2-inch four-hole (ported) spacer that lifts the carburettor off the intake manifold — the extra plenum volume helps top-end response, while the phenolic material insulates the carburettor from engine heat to keep the fuel cooler. A reliable Mastodon choice for your American muscle or hot-rod project. Brand: Mastodon Part No: MMR-58024-B"
"2375","MMR-5840-SI","Mastodon Main Bearing Set – Mopar 5.7L HEMI","mastodon-main-bearing-set-mopar-5-7l-hemi","https://allamericanmuscle.co.za/product/mastodon-main-bearing-set-mopar-5-7l-hemi/","simple","1284.17","1284.17","1284.17","no","yes","1","Engines & Components","engines-components","https://allamericanmuscle.co.za/wp-content/uploads/2026/06/MB5840SI-3.webp","High-quality 0.25mm oversized main bearing set for 2003-21 Mopar 5.7L HEMI engines, providing precise crankshaft support for engine rebuilds.","Ensure precision and longevity during your engine rebuild with this high-quality Mastodon 0.25mm Oversized Main Bearing Set for 2003-2021 Mopar 5.7L HEMI Engines. First, we meticulously engineer these main bearings to exacting specifications, providing the critical interface between your engine block and crankshaft. This consequently allows for a precise fit on crankshafts that require a 0.25mm oversize due to machining or wear. Moreover, this Mastodon main bearing set plays a vital role in supporting the crankshaft’s rotation, minimizing friction, and managing oil flow within the engine’s bottom end. It is specifically designed for a wide range of Mopar vehicles equipped with the powerful 5.7L HEMI engine, spanning model years 2003 through 2021. Furthermore, durable materials and precision manufacturing processes ensure these bearings withstand the demanding conditions of high-performance engines, delivering reliable operation for years. Ultimately, installing a new Mastodon 0.25mm Oversized Main Bearing Set contributes significantly to a successful engine rebuild, restoring proper oil pressure and smooth crankshaft rotation. Accordingly, we make this essential engine component readily available across South Africa, shipping it directly from Alberton, Gauteng. Key Features: Mastodon Quality: We provide this main bearing set from Mastodon, a trusted brand in automotive engine components, ensuring high standards of precision and durability. Oversized Specification: This set of"
"2376","MMR-7601","Mastodon C6 Transmission Pan Chrome","mastodon-c6-transmission-pan-chrome","https://allamericanmuscle.co.za/product/mastodon-c6-transmission-pan-chrome/","simple","450.00","450.00","450.00","no","no","0","Transmission & Drivetrain","transmission-drivetrain","https://allamericanmuscle.co.za/wp-content/uploads/2026/06/91603204_L1600_4785aedf-f143-4852-a0f1-f8944d7514e9.webp","C6 Transmission Pan Chrome – fits Ford C6. The C6 Transmission Pan Chrome from All American Muscle. A quality driveline/transmission component for smooth,…","The C6 Transmission Pan Chrome from All American Muscle. A quality driveline/transmission component for smooth, reliable operation. Engineered to fit Ford C6 applications. Genuine Mastodon quality, in stock and ready to ship. Brand: Mastodon Application: Ford C6 Part No: MMR-7601"
"2377","MMR-300-160","Mastodon SBC Thermostat","mastodon-sbc-thermostat","https://allamericanmuscle.co.za/product/mastodon-sbc-thermostat/","simple","250.00","250.00","250.00","no","no","0","Cooling & Heating","cooling-heating","https://allamericanmuscle.co.za/wp-content/uploads/2026/06/sum-370980_eh_xl.webp","SBC Thermostat – fits Small Block Chevy. Fit your build with the SBC Thermostat. Regulates coolant flow so the engine reaches and holds its ideal temperat…","Fit your build with the SBC Thermostat. Regulates coolant flow so the engine reaches and holds its ideal temperature. Engineered to fit Small Block Chevy applications. Backed by Mastodon and ideal for street and performance use. Brand: Mastodon Application: Small Block Chevy Part No: MMR-300-160"
"2378","MMR-11291","Mastodon Stainless Engine Bolt Kit Set","mastodon-stainless-engine-bolt-kit-set","https://allamericanmuscle.co.za/product/mastodon-stainless-engine-bolt-kit-set/","simple","995.24","995.24","995.24","no","yes","","Fittings & Hoses","fittings-hoses","https://allamericanmuscle.co.za/wp-content/uploads/2026/06/MMSI-AT11291-1.webp","Stainless Engine Bolt Kit Set. Shop the Stainless Engine Bolt Kit Set at All American Muscle. A quality piece for classic American muscle-car and hot-rod…","Shop the Stainless Engine Bolt Kit Set at All American Muscle. A quality piece for classic American muscle-car and hot-rod builds. A reliable Mastodon choice for your American muscle or hot-rod project. Brand: Mastodon Part No: MMR-11291"
"2379","MMR-26317-BK","Mastodon Air Cleaner, Oval Half Finned Polished Al","mastodon-air-cleaner-oval-half-finned-polished-al","https://allamericanmuscle.co.za/product/mastodon-air-cleaner-oval-half-finned-polished-al/","simple","1780.42","1780.42","1780.42","no","no","0","Air & Fuel Delivery","air-fuel-delivery","https://allamericanmuscle.co.za/wp-content/uploads/2026/06/sum-239044b_uy_xl.webp","Air Cleaner, Oval Half Finned Polished Al. Upgrade with the Air Cleaner, Oval Half Finned Polished Al. Protects the engine by filtering intake air while a…","Upgrade with the Air Cleaner, Oval Half Finned Polished Al. Protects the engine by filtering intake air while allowing strong airflow. Mastodon performance you can count on, shipped fast across South Africa. Brand: Mastodon Part No: MMR-26317-BK"
"2380","MMR-3102","Mastodon Exhaust Flame Thrower Kit","mastodon-exhaust-flame-thrower-kit","https://allamericanmuscle.co.za/product/mastodon-exhaust-flame-thrower-kit/","simple","2239.15","2239.15","2239.15","no","yes","2","Exhaust","exhaust","https://allamericanmuscle.co.za/wp-content/uploads/2026/06/91064084_L1600_5645e6e1-e1e7-463e-a649-d359f9dc4ff1.webp","Exhaust Flame Thrower Kit. Exhaust Flame Thrower Kit. Improves exhaust flow for better performance and a great sound.Genuine Mastodon quality, in stock an…","Exhaust Flame Thrower Kit. Improves exhaust flow for better performance and a great sound. Genuine Mastodon quality, in stock and ready to ship. Brand: Mastodon Part No: MMR-3102"
"2381","MMR-6066-NE","Mastodon Fender Washer Neochrome","mastodon-fender-washer-neochrome","https://allamericanmuscle.co.za/product/mastodon-fender-washer-neochrome/","simple","73.01","73.01","73.01","no","yes","1","Fasteners & Hardware","fasteners-hardware","https://allamericanmuscle.co.za/wp-content/uploads/2026/06/480223_L700_c5bb902c-b79b-47cd-be5c-39dbcb881ff1.webp","Fender Washer Neochrome. The Fender Washer Neochrome from All American Muscle. A quality exterior/body component for a clean, finished look.Backed by Mast…","The Fender Washer Neochrome from All American Muscle. A quality exterior/body component for a clean, finished look. Backed by Mastodon and ideal for street and performance use. Brand: Mastodon Part No: MMR-6066-NE"
"2382","MMR-12037","Mastodon LS Engine 36″ Stainless Braided Throttle Cable","mastodon-ls-engine-36-stainless-braided-throttle-cable","https://allamericanmuscle.co.za/product/mastodon-ls-engine-36-stainless-braided-throttle-cable/","simple","646.55","646.55","646.55","no","no","0","Air & Fuel Delivery","air-fuel-delivery","https://allamericanmuscle.co.za/wp-content/uploads/2026/06/MMSI-AT12037.webp","Durable 36-inch stainless steel braided throttle cable specifically for LS engines, ensuring precise control.","Ensure you have precise and responsive throttle control for your LS engine with the Mastodon 36-inch Stainless Steel Braided Throttle Cable. We specifically designed this high-quality cable for LS series engines. Consequently, it offers enhanced durability and a sleek, performance-oriented look. The stainless steel braided outer layer provides superior strength and resistance to stretching and wear. This ensures consistent and accurate throttle response. The 36-inch length offers ample flexibility for various LS engine installations and intake manifold configurations. Ultimately, you can upgrade your engine’s control system with this durable and reliable throttle cable. Key Features Designed for LS Engines: We designed it to ensure optimal fit and function with LS series engines. 36-Inch Length: It provides ample length for various LS swap configurations. Durable Stainless Steel Braided Construction: This offers superior strength and resistance to stretching. Smooth Throttle Response: It ensures consistent and reliable acceleration. High-Quality Materials: We built it for long-lasting performance and durability. Easy to Install: We designed it for a straightforward installation. Enhances Engine Control: It improves the precision and feel of your throttle. Performance-Oriented Look: It adds a touch of style to your LS engine bay. Why Choose the Mastodon LS Engine 36″ Stainless Steel Braided Throttle Cable in South Africa? If you’re working on an LS engine swap or need a durabl"
"2383","MMR-SBC-180-PRO","Mastodon SBC 180CC Cylinder Head Assembled","mastodon-sbc-180cc-cylinder-head-assembled","https://allamericanmuscle.co.za/product/mastodon-sbc-180cc-cylinder-head-assembled/","simple","25523.10","25523.10","25523.10","no","no","0","Engines & Components","engines-components","https://allamericanmuscle.co.za/wp-content/uploads/2026/06/SBF-185-Cylinder-Head-Assembled-1.webp","Assembled 180cc-runner cylinder head for Small Block Chevy — complete with valves, springs, retainers and seals.","Shop the SBC 180CC Cylinder Head Assembled at All American Muscle. A fully assembled cylinder head with 180cc intake runners — supplied complete with valves, springs, retainers and seals, so it bolts straight on for a solid breathing upgrade over a stock head. Engineered to fit Small Block Chevy applications. Mastodon performance you can count on, shipped fast across South Africa. Brand: Mastodon Application: Small Block Chevy Part No: MMR-SBC-180-PRO"
"2384","MMR-80842","Mastodon GM Automatic Shifter, Pro Ratchet, Aluminum","mastodon-gm-automatic-shifter-pro-ratchet-aluminum","https://allamericanmuscle.co.za/product/mastodon-gm-automatic-shifter-pro-ratchet-aluminum/","simple","12696.72","12696.72","12696.72","no","yes","1","Interior & Accessories","interior-accessories","https://allamericanmuscle.co.za/wp-content/uploads/2026/06/20080840_L1450_8e392a51-ecd7-48cf-a643-ec0df2fcd438.webp","GM Automatic Shifter, Pro Ratchet, Aluminum – fits GM / Chevrolet. Upgrade with the GM Automatic Shifter, Pro Ratchet, Aluminum. A quality driveline/trans…","Upgrade with the GM Automatic Shifter, Pro Ratchet, Aluminum. A quality driveline/transmission component for smooth, reliable operation. Engineered to fit GM / Chevrolet applications. Genuine Mastodon quality, in stock and ready to ship. Brand: Mastodon Application: GM / Chevrolet Part No: MMR-80842"
"2385","MMR-2931","Mastodon Aluminium Radiator -3 Row Ford 30″","mastodon-aluminium-radiator-3-row-ford-30","https://allamericanmuscle.co.za/product/mastodon-aluminium-radiator-3-row-ford-30/","simple","5253.59","5253.59","5253.59","no","no","0","Cooling & Heating","cooling-heating","https://allamericanmuscle.co.za/wp-content/uploads/2026/06/100.9152-1.webp","Aluminium Radiator -3 Row Ford 30″ – fits Ford. Aluminium Radiator -3 Row Ford 30″. High-capacity cooling to keep temperatures in check, even in traffic o…","Aluminium Radiator -3 Row Ford 30″. High-capacity cooling to keep temperatures in check, even in traffic or under load. Engineered to fit Ford applications. Backed by Mastodon and ideal for street and performance use. Brand: Mastodon Application: Ford Part No: MMR-2931"
"2386","RAM-BU656","Mastodon Pilot Bushings","mastodon-pilot-bushings","https://allamericanmuscle.co.za/product/mastodon-pilot-bushings/","simple","592.12","592.12","592.12","no","no","0","Transmission & Drivetrain","transmission-drivetrain","https://allamericanmuscle.co.za/wp-content/uploads/2026/06/pio-pb-50-j_xl.webp","Pilot Bushings. The Pilot Bushings from All American Muscle. Upgrades handling and ride quality with quality suspension hardware.A reliable Mastodon choic…","The Pilot Bushings from All American Muscle. Upgrades handling and ride quality with quality suspension hardware. A reliable Mastodon choice for your American muscle or hot-rod project. Brand: Mastodon Part No: RAM-BU656"
"2387","MMR-F351C","Mastodon Ford HEI 351C","mastodon-ford-hei-351c","https://allamericanmuscle.co.za/product/mastodon-ford-hei-351c/","simple","5814.63","5814.63","5814.63","no","no","0","Ignitions & Electrical","ignitions-electrical","https://allamericanmuscle.co.za/wp-content/uploads/2026/06/2896510-BLU_L1600_6dbd1c49-e6fb-4152-a24c-de1fda263906.webp","Ford HEI 351C – fits Ford 351 Cleveland. Fit your build with the Ford HEI 351C. Delivers a strong, reliable spark for easy starting and clean running.Engi…","Fit your build with the Ford HEI 351C. Delivers a strong, reliable spark for easy starting and clean running. Engineered to fit Ford 351 Cleveland applications. Mastodon performance you can count on, shipped fast across South Africa. Brand: Mastodon Application: Ford 351 Cleveland Part No: MMR-F351C"
"2388","MMR-13265X","Mastodon C4 Transmission Gasket SBF Cork","mastodon-c4-transmission-gasket-sbf-cork","https://allamericanmuscle.co.za/product/mastodon-c4-transmission-gasket-sbf-cork/","simple","80.00","80.00","80.00","no","no","0","Gaskets & Seals","gaskets-seals","https://allamericanmuscle.co.za/wp-content/uploads/2026/06/G13265X-1.webp","C4 Transmission Gasket SBF Cork – fits Ford Small Block (Windsor). Shop the C4 Transmission Gasket SBF Cork at All American Muscle. Provides a durable, le…","Shop the C4 Transmission Gasket SBF Cork at All American Muscle. Provides a durable, leak-free seal and is made to meet or exceed OE specifications. Engineered to fit Ford Small Block (Windsor) applications. Genuine Mastodon quality, in stock and ready to ship. Brand: Mastodon Application: Ford Small Block (Windsor) Part No: MMR-13265X"
"2389","MMR-25051","Mastodon Alternator Bracket LWP Small Block Chevy","mastodon-alternator-bracket-lwp-small-block-chevy","https://allamericanmuscle.co.za/product/mastodon-alternator-bracket-lwp-small-block-chevy/","simple","615.09","615.09","615.09","no","yes","2","Engines & Components","engines-components","https://allamericanmuscle.co.za/wp-content/uploads/2026/06/MMSI-AT25051.webp","Durable Mastodon alternator bracket for Small Block Chevy (SBC) engines with a long water pump.","Ensure a secure and properly aligned mounting solution for your alternator on your Small Block Chevy (SBC) engine with the Mastodon Alternator Bracket LWP. Specifically, this is for engines equipped with a long water pump (LWP). We specifically designed this high-quality bracket for SBC engines with the long water pump configuration. Consequently, it guarantees a precise fit and optimal belt alignment for reliable charging performance. We constructed this bracket from durable materials. Therefore, it is built to withstand the stresses of engine operation. We designed this bracket to be easy to install. Ultimately, this makes it an essential component for any SBC engine build or maintenance where you utilize a long water pump. Get your Mastodon Alternator Bracket LWP now ! Key Features Designed for SBC with Long Water Pump (LWP): Ensures perfect fitment on Small Block Chevy engines using a long water pump. Durable Construction: Built from strong materials for long-lasting performance. Ensures Proper Alternator Alignment: Contributes to optimal belt wear and reliable charging. Provides Secure Mounting: Keeps the alternator stable and prevents unwanted movement. Easy Installation: Designed for a straightforward bolt-on installation. Essential for LWP SBC Engines: A necessary component for correct alternator mounting. Available in Various Finishes: May come in chrome, polished aluminum, or black (check product specifics). Why Choose the Mastodon Alternator Bracket for LWP SBC in "
"2390","MMR-3814","Mastodon Header Gasket For 58-78 Big Block Chrysler","mastodon-header-gasket-for-58-78-big-block-chrysler","https://allamericanmuscle.co.za/product/mastodon-header-gasket-for-58-78-big-block-chrysler/","simple","146.46","146.46","146.46","no","yes","1","Gaskets & Seals","gaskets-seals","https://allamericanmuscle.co.za/wp-content/uploads/2026/06/rfl-6002_xl.webp","Header Gasket For 58-78 Big Block Chrysler – fits Chrysler / Mopar. Header Gasket For 58-78 Big Block Chrysler. Improves exhaust flow for better performan…","Header Gasket For 58-78 Big Block Chrysler. Improves exhaust flow for better performance and a great sound. Engineered to fit Chrysler / Mopar applications. A reliable Mastodon choice for your American muscle or hot-rod project. Brand: Mastodon Application: Chrysler / Mopar Part No: MMR-3814"
"2391","MMR-3902-SL","Mastodon Aluminium Hood Hinges (1971-1973 Mustang)","mastodon-aluminium-hood-hinges-1971-1973-mustang","https://allamericanmuscle.co.za/product/mastodon-aluminium-hood-hinges-1971-1973-mustang/","simple","9301.71","9301.71","9301.71","no","yes","1","Exterior & Accessories","exterior-accessories","https://allamericanmuscle.co.za/wp-content/uploads/2026/06/100-3903-HINGE.webp","Pair of Mastodon Aluminium Hood Hinges for 1971-1973 Ford Mustangs, offering superior strength and style.","You can replace your worn-out factory hood hinges with the Mastodon Aluminium Hood Hinges. We designed them specifically for 1971-1973 Mustangs. They feature lightweight, durable aluminium construction and a sleek silver finish. As a result, you get both a significant weight reduction and a custom look. These hinges are a direct-fit replacement. This is why they provide a smooth and reliable hood operation. Consequently, this is an essential upgrade for you if you are a South African Mustang enthusiast who values both performance and style. As a trusted supplier in Alberton, Gauteng, we provide you with top-tier body and exterior components to enhance your classic car. Key Features Vehicle Compatibility: We engineered them as a direct-fit replacement for 1971-1973 Ford Mustangs. This ensures a perfect fit. Aluminium Construction: It provides a significant weight reduction compared to your original steel hinges. This material is lightweight and resistant to corrosion. Silver Finish: It offers a durable and stylish look. This finish is long-lasting and will complement your engine bay. Improved Functionality: It ensures smooth and reliable hood operation. This prevents the common problems of your hood sagging, binding, or not staying open. Durable Construction: We built it with high-quality materials. Consequently, you can rely on it to last a long time. Nationwide Shipping: We deliver body and exterior components across South Africa. Local Expertise: We understand the needs of "
"2392","MMR-45033","Mastodon Steering Coupler Rag Joint, Power & Manual","mastodon-steering-coupler-rag-joint-power-manual","https://allamericanmuscle.co.za/product/mastodon-steering-coupler-rag-joint-power-manual/","simple","774.10","774.10","774.10","no","yes","1","Chassis & Suspension","chassis-suspension","https://allamericanmuscle.co.za/wp-content/uploads/2026/06/brg-053449_yv_xl.webp","Flexible steering rag joint coupling the steering shaft to the box — suits power and manual steering.","Fit your build with the Steering Coupler Rag Joint, Power & Manual. The flexible coupler that joins the steering shaft to the steering box, absorbing vibration and taking up small misalignment so the wheel stays smooth. Suits both power and manual steering boxes. Genuine Mastodon quality, in stock and ready to ship. Brand: Mastodon Part No: MMR-45033"
"2393","MMR-47026","Mastodon Alternator Bracket","mastodon-alternator-bracket","https://allamericanmuscle.co.za/product/mastodon-alternator-bracket/","simple","348.35","348.35","348.35","no","no","0","Engines & Components","engines-components","https://allamericanmuscle.co.za/wp-content/uploads/2026/06/MMSI-AT25050-1.webp","Alternator Bracket. Shop the Alternator Bracket at All American Muscle. Reliable charging output to keep the battery and electrics powered.Backed by Masto…","Shop the Alternator Bracket at All American Muscle. Reliable charging output to keep the battery and electrics powered. Backed by Mastodon and ideal for street and performance use. Brand: Mastodon Part No: MMR-47026"
"2394","MMR-5090-SR","Mastodon Aluminum Radiator Coolant Water Tank, 2L","mastodon-aluminum-radiator-coolant-water-tank-2l","https://allamericanmuscle.co.za/product/mastodon-aluminum-radiator-coolant-water-tank-2l/","simple","1600.00","1600.00","1600.00","no","yes","","Cooling & Heating","cooling-heating","https://allamericanmuscle.co.za/wp-content/uploads/2026/06/91015710_L1600_6fee8f66-866a-4d17-8fbf-8dd0fc2f7f43-1.webp","Aluminum Radiator Coolant Water Tank, 2L. Upgrade with the Aluminum Radiator Coolant Water Tank, 2L. High-capacity cooling to keep temperatures in check,…","Upgrade with the Aluminum Radiator Coolant Water Tank, 2L. High-capacity cooling to keep temperatures in check, even in traffic or under load. A reliable Mastodon choice for your American muscle or hot-rod project. Brand: Mastodon Part No: MMR-5090-SR"
"2395","MMR-75009","Mastodon Valve Covers, Tall Aluminium, Satin Black LS","mastodon-valve-covers-tall-aluminium-satin-black-ls","https://allamericanmuscle.co.za/product/mastodon-valve-covers-tall-aluminium-satin-black-ls/","simple","3481.07","3481.07","3481.07","no","yes","2","Engines & Components","engines-components","https://allamericanmuscle.co.za/wp-content/uploads/2026/06/SI-AT75025-1.webp","Valve Covers, Tall Aluminium, Satin Black LS – fits GM LS. Valve Covers, Tall Aluminium, Satin Black LS. A quality valvetrain component built for dependab…","Valve Covers, Tall Aluminium, Satin Black LS. A quality valvetrain component built for dependable, high-rpm performance. Engineered to fit GM LS applications. Mastodon performance you can count on, shipped fast across South Africa. Brand: Mastodon Application: GM LS Part No: MMR-75009"
"2396","MMR-8236","Mastodon Universal Window Handles 3 inch Chrome","mastodon-universal-window-handles-3-inch-chrome","https://allamericanmuscle.co.za/product/mastodon-universal-window-handles-3-inch-chrome/","simple","292.89","292.89","292.89","no","no","0","Interior & Accessories","interior-accessories","https://allamericanmuscle.co.za/wp-content/uploads/2026/06/100-8404-1.webp","Universal Window Handles 3 inch Chrome. The Universal Window Handles 3 inch Chrome from All American Muscle. A quality interior/electrical component to fi…","The Universal Window Handles 3 inch Chrome from All American Muscle. A quality interior/electrical component to finish your build. Genuine Mastodon quality, in stock and ready to ship. Brand: Mastodon Part No: MMR-8236"
"2397","MMR-BCH","Mastodon LS3 15 degree bare cylinder head","mastodon-ls3-15-degree-bare-cylinder-head","https://allamericanmuscle.co.za/product/mastodon-ls3-15-degree-bare-cylinder-head/","simple","18774.82","18774.82","18774.82","no","yes","1","Engines & Components","engines-components","https://allamericanmuscle.co.za/wp-content/uploads/2026/06/23573000_L1600_e42c799a-690c-48c7-a037-cb6951de212c.webp","LS3 15 degree bare cylinder head – fits GM LS. Fit your build with the LS3 15 degree bare cylinder head. A quality piece for classic American muscle-car a…","Fit your build with the LS3 15 degree bare cylinder head. A quality piece for classic American muscle-car and hot-rod builds. Engineered to fit GM LS applications. Backed by Mastodon and ideal for street and performance use. Brand: Mastodon Application: GM LS Part No: MMR-BCH"
"2398","MMR-GW-63","Mastodon Exhaust Cut-Out, Stainless Steel 304, 2.5","mastodon-exhaust-cut-out-stainless-steel-304-2-5","https://allamericanmuscle.co.za/product/mastodon-exhaust-cut-out-stainless-steel-304-2-5/","simple","3984.91","3984.91","3984.91","no","no","0","Exhaust","exhaust","https://allamericanmuscle.co.za/wp-content/uploads/2026/06/GW-EW004-63-1.webp","Exhaust Cut-Out, Stainless Steel 304, 2.5. Shop the Exhaust Cut-Out, Stainless Steel 304, 2.5 at All American Muscle. Improves exhaust flow for better per…","Shop the Exhaust Cut-Out, Stainless Steel 304, 2.5 at All American Muscle. Improves exhaust flow for better performance and a great sound. A reliable Mastodon choice for your American muscle or hot-rod project. Brand: Mastodon Part No: MMR-GW-63"
"2399","MMR-6772","Mastodon Hood Hinge 67-72 Chevy Truck","mastodon-hood-hinge-67-72-chevy-truck","https://allamericanmuscle.co.za/product/mastodon-hood-hinge-67-72-chevy-truck/","simple","24646.06","24646.06","24646.06","no","yes","","Exterior & Accessories","exterior-accessories","https://allamericanmuscle.co.za/wp-content/uploads/2026/06/9100233_L1000_75afa80c-2deb-46df-bc54-c4226ad2734b.webp","Hood Hinge 67-72 Chevy Truck – fits GM / Chevrolet. Upgrade with the Hood Hinge 67-72 Chevy Truck. A quality exterior/body component for a clean, finished…","Upgrade with the Hood Hinge 67-72 Chevy Truck. A quality exterior/body component for a clean, finished look. Engineered to fit GM / Chevrolet applications. Mastodon performance you can count on, shipped fast across South Africa. Brand: Mastodon Application: GM / Chevrolet Part No: MMR-6772"
"2400","MMR-7379","Mastodon Hood Hinge 73-79 Ford Truck","mastodon-hood-hinge-73-79-ford-truck","https://allamericanmuscle.co.za/product/mastodon-hood-hinge-73-79-ford-truck/","simple","23371.27","23371.27","23371.27","no","yes","2","Exterior & Accessories","exterior-accessories","https://allamericanmuscle.co.za/wp-content/uploads/2026/06/92625378_L_853b2389-e450-44f5-aa33-853ed6014812.webp","Hood Hinge 73-79 Ford Truck – fits Ford. Hood Hinge 73-79 Ford Truck. A quality exterior/body component for a clean, finished look.Engineered to fit Ford…","Hood Hinge 73-79 Ford Truck. A quality exterior/body component for a clean, finished look. Engineered to fit Ford applications. Genuine Mastodon quality, in stock and ready to ship. Brand: Mastodon Application: Ford Part No: MMR-7379"
"2401","MMR-LY-HL-002-X-CH","Mastodon 7 inch LED Headlight White Amber Halo Chro","mastodon-7-inch-led-headlight-white-amber-halo-chro","https://allamericanmuscle.co.za/product/mastodon-7-inch-led-headlight-white-amber-halo-chro/","simple","1328.15","1328.15","1328.15","no","yes","2","Lights & Lighting","lights-lighting","https://allamericanmuscle.co.za/wp-content/uploads/2026/06/92633826_L1600_a75eb0f3-d0a0-47e3-ae91-58dedbebcdb4.webp","7 inch LED Headlight White Amber Halo Chro. The 7 inch LED Headlight White Amber Halo Chro from All American Muscle. Bright, reliable lighting with a clea…","The 7 inch LED Headlight White Amber Halo Chro from All American Muscle. Bright, reliable lighting with a clean, period-correct look. Backed by Mastodon and ideal for street and performance use. Brand: Mastodon Part No: MMR-LY-HL-002-X-CH"
"2402","MMR-LY-TL-002","Mastodon LED Turning Light with Angel eye","mastodon-led-turning-light-with-angel-eye","https://allamericanmuscle.co.za/product/mastodon-led-turning-light-with-angel-eye/","simple","604.70","604.70","604.70","no","yes","1","Lights & Lighting","lights-lighting","https://allamericanmuscle.co.za/wp-content/uploads/2026/06/92633826_L1600_a75eb0f3-d0a0-47e3-ae91-58dedbebcdb4-1.webp","LED Turning Light with Angel eye. Fit your build with the LED Turning Light with Angel eye. Bright, reliable lighting with a clean, period-correct look.A…","Fit your build with the LED Turning Light with Angel eye. Bright, reliable lighting with a clean, period-correct look. A reliable Mastodon choice for your American muscle or hot-rod project. Brand: Mastodon Part No: MMR-LY-TL-002"
"2404","MMR-91602","Mastodon GM LS Alternator","mastodon-gm-ls-alternator","https://allamericanmuscle.co.za/product/mastodon-gm-ls-alternator/","simple","3800.00","3800.00","3800.00","no","yes","2","Engines & Components","engines-components","https://allamericanmuscle.co.za/wp-content/uploads/2026/06/2891024_L1600_6422c649-67f8-4436-821b-49192f871e27.webp","GM LS Alternator – fits GM LS. Upgrade with the GM LS Alternator. Reliable charging output to keep the battery and electrics powered.Engineered to fit GM…","Upgrade with the GM LS Alternator. Reliable charging output to keep the battery and electrics powered. Engineered to fit GM LS applications. Genuine Mastodon quality, in stock and ready to ship. Brand: Mastodon Application: GM LS Part No: MMR-91602"
"2405","MMR-PW-810","Mastodon Power Window Kit, 2 Door","mastodon-power-window-kit-2-door","https://allamericanmuscle.co.za/product/mastodon-power-window-kit-2-door/","simple","2758.59","2758.59","2758.59","no","no","0","Interior & Accessories","interior-accessories","https://allamericanmuscle.co.za/wp-content/uploads/2026/06/91123332_L1600_37083fc6-9f9f-42c9-808e-b1b4ba6a97e7.webp","Power Window Kit, 2 Door. Power Window Kit, 2 Door. A quality interior/electrical component to finish your build.Backed by Mastodon and ideal for street a…","Power Window Kit, 2 Door. A quality interior/electrical component to finish your build. Backed by Mastodon and ideal for street and performance use. Brand: Mastodon Part No: MMR-PW-810"
"2406","MMR-25027","Mastodon Accessory Brackets, Gm Small Block Saginaw Adj","mastodon-accessory-brackets-gm-small-block-saginaw-adj","https://allamericanmuscle.co.za/product/mastodon-accessory-brackets-gm-small-block-saginaw-adj/","simple","603.15","603.15","603.15","no","yes","2","Engines & Components","engines-components","https://allamericanmuscle.co.za/wp-content/uploads/2026/06/9108614_L1600_c79eadbb-9237-47ec-b8b5-5fd065b52889.webp","Adjustable bracket set for mounting a Saginaw power steering pump to a GM small block.","The Accessory Brackets, GM Small Block Saginaw Adj from All American Muscle. An adjustable bracket set for mounting a Saginaw power steering pump to a GM small block, with slotted adjustment so you can set belt tension and line the pulley up with the rest of the accessory drive. Engineered to fit GM / Chevrolet applications. A reliable Mastodon choice for your American muscle or hot-rod project. Brand: Mastodon Application: GM / Chevrolet Part No: MMR-25027"
"2407","MMR-9&#8242;-411","Mastodon 9 Ford Ring & Pinion 4.11 Gear Ratio Set","mastodon-9-ford-ring-pinion-4-11-gear-ratio-set","https://allamericanmuscle.co.za/product/mastodon-9-ford-ring-pinion-4-11-gear-ratio-set/","simple","8500.00","8500.00","8500.00","no","yes","1","Transmission & Drivetrain","transmission-drivetrain","https://allamericanmuscle.co.za/wp-content/uploads/2026/06/919-19-411-1.webp","Matched 4.11:1 ring & pinion gear set for the Ford 9-inch differential.","Fit your build with the 9"" Ford Ring & Pinion 4.11 Gear Ratio Set. A matched ring-and-pinion gear set for the Ford 9-inch differential in a 4.11:1 ratio — short gearing for hard acceleration and a strong launch. Supplied as a matched pair and should be installed with correct backlash and pinion depth. Engineered to fit Ford applications. Mastodon performance you can count on, shipped fast across South Africa. Brand: Mastodon Application: Ford Part No: MMR-9′-411"
"2408","MMR-9&#8243;-28-LSD","Mastodon 9″ 28 Spline Limited Slip Carrier","mastodon-9-28-spline-limited-slip-carrier","https://allamericanmuscle.co.za/product/mastodon-9-28-spline-limited-slip-carrier/","simple","12500.00","12500.00","12500.00","no","yes","","Transmission & Drivetrain","transmission-drivetrain","https://allamericanmuscle.co.za/wp-content/uploads/2026/06/diff-9in-28-spline-lsd.webp","9″ 28 Spline Limited Slip Carrier. Shop the 9″ 28 Spline Limited Slip Carrier at All American Muscle. A quality piece for classic American muscle-car and…","Shop the 9″ 28 Spline Limited Slip Carrier at All American Muscle. A quality piece for classic American muscle-car and hot-rod builds. Genuine Mastodon quality, in stock and ready to ship. Brand: Mastodon Part No: MMR-9″-28-LSD"
"2409","MMR-25066","Mastodon Universal Steel Battery Tray Holder","mastodon-universal-steel-battery-tray-holder","https://allamericanmuscle.co.za/product/mastodon-universal-steel-battery-tray-holder/","simple","1074.87","1074.87","1074.87","no","yes","2","Ignitions & Electrical","ignitions-electrical","https://allamericanmuscle.co.za/wp-content/uploads/2026/06/MMSI-AT25066.webp","Durable steel Mastodon universal battery tray holder for secure mounting in various vehicles.","Ensure a secure and stable mounting solution for your vehicle’s battery with the Mastodon Universal Steel Battery Tray Holder. We constructed this robust tray from durable steel. Consequently, it provides a strong and reliable platform to hold your battery in place. This is critical for preventing movement and potential damage. We designed its universal shape to make it suitable for a wide range of battery sizes and vehicle applications. For example, you can use it in cars, trucks, SUVs, and off-road vehicles. We engineered the Mastodon battery tray holder for easy installation. Ultimately, this makes it an essential component for a safe and well-maintained electrical system. Key Features Universal Design: Compatible with a wide range of battery sizes and vehicle applications. Durable Steel Construction: Provides a strong and stable mounting platform. Ensures Secure Battery Mounting: Prevents battery movement and potential damage. Resistant to Corrosion: Typically features a protective coating for long-lasting durability. Easy Installation: Designed for straightforward mounting in various locations. Essential for a Safe Electrical System: Keeps the battery firmly in place. Suitable for Various Vehicle Types: Ideal for cars, trucks, SUVs, and off-road vehicles. Why Choose the Mastodon Universal Steel Battery Tray Holder in South Africa? If you need a strong and versatile battery tray to securely mount your vehicle’s battery in South Africa, the Mastodon Universal Steel Battery"
"2410","MMR-4434","Mastodon Oil Cooler Mounting Bracket","mastodon-oil-cooler-mounting-bracket","https://allamericanmuscle.co.za/product/mastodon-oil-cooler-mounting-bracket/","simple","408.89","408.89","408.89","no","yes","2","Transmission & Drivetrain","transmission-drivetrain","https://allamericanmuscle.co.za/wp-content/uploads/2026/06/MM-KD4434-1.jpg","Oil Cooler Mounting Bracket. Oil Cooler Mounting Bracket. Locates the engine or driveline securely while damping vibration.A reliable Mastodon choice for…","Oil Cooler Mounting Bracket. Locates the engine or driveline securely while damping vibration. A reliable Mastodon choice for your American muscle or hot-rod project. Brand: Mastodon Part No: MMR-4434"
"2411","MMR-3273","Mastodon Electrical EFI Fuel Pump 4 BAR Silver","mastodon-electrical-efi-fuel-pump-4-bar-silver","https://allamericanmuscle.co.za/product/mastodon-electrical-efi-fuel-pump-4-bar-silver/","simple","450.00","450.00","450.00","no","yes","2","Air & Fuel Delivery","air-fuel-delivery","https://allamericanmuscle.co.za/wp-content/uploads/2026/06/91140233_L1600_83f402ee-fb3b-40d2-9adf-a629dd50909d.webp","Electrical EFI Fuel Pump 4 BAR Silver. The Electrical EFI Fuel Pump 4 BAR Silver from All American Muscle. Delivers steady fuel volume and pressure to kee…","The Electrical EFI Fuel Pump 4 BAR Silver from All American Muscle. Delivers steady fuel volume and pressure to keep the engine fed under load. Mastodon performance you can count on, shipped fast across South Africa. Brand: Mastodon Part No: MMR-3273"
"2412","MMR-Coil-Lu","Mastodon Coilovers Set for Lumina","mastodon-coilovers-set-for-lumina","https://allamericanmuscle.co.za/product/mastodon-coilovers-set-for-lumina/","simple","37491.28","37491.28","37491.28","no","no","0","Transmission & Drivetrain","transmission-drivetrain","https://allamericanmuscle.co.za/wp-content/uploads/2026/06/58231000_L_4c36f51f-5d00-471b-a204-ae4321516022.webp","Coilovers Set for Lumina. Fit your build with the Coilovers Set for Lumina. Upgrades handling and ride quality with quality suspension hardware.Genuine Ma…","Fit your build with the Coilovers Set for Lumina. Upgrades handling and ride quality with quality suspension hardware. Genuine Mastodon quality, in stock and ready to ship. Brand: Mastodon Part No: MMR-Coil-Lu"
"2413","MMR-6291","Mastodon Casting Valve Covers For SB Ford 289/302 Polished","mastodon-casting-valve-covers-for-sb-ford-289-302-polished","https://allamericanmuscle.co.za/product/mastodon-casting-valve-covers-for-sb-ford-289-302-polished/","simple","3000.00","3000.00","3000.00","no","yes","2","Engines & Components","engines-components","https://allamericanmuscle.co.za/wp-content/uploads/2026/06/MMBK-6291.webp","Polished cast aluminum valve covers for Small Block Ford 289 and 302 engines, offering classic style.","Add a touch of classic style and a polished finish to your Small Block Ford (SBF) 289 or 302 engine with these Mastodon Casting Valve Covers. Crafted with a traditional cast design and a gleaming polished finish, these valve covers not only enhance the appearance of your engine bay but also provide reliable protection for your valvetrain. Perfect for restorations, hot rods, and custom builds, these valve covers offer a blend of vintage aesthetics and modern quality. Get your Mastodon Casting Valve Covers now! Key Features: Fits SBF 289 and 302 Engines: Specifically designed for these popular Ford small block engines. Classic Cast Design: Offers a traditional and timeless look. Polished Finish: Provides a bright and eye-catching appearance. Durable Construction: Built to protect your valvetrain from debris and the elements. Easy Installation: Designed as a direct replacement for factory valve covers. Enhances Engine Bay Aesthetics: Adds a touch of style to your engine compartment. Specifications: Application: Small Block Ford (SBF) 289 and 302 Engines Material: Cast Aluminum (implied by “Casting”) Finish: Polished Style: Traditional Cast Brand: Mastodon Frequently Asked Questions: Will these fit my Ford 351W? No, these valve covers are specifically designed for Small Block Ford 289 and 302 engines. The 351W has a taller deck height and requires different valve covers. Do these come with gaskets? Valve cover gaskets are typically sold separately to allow you to choose the type "
"2414","MMR-2561147046-STN","Mastodon Intake Manifold, Dual Plane Alum, SBF 351","mastodon-intake-manifold-dual-plane-alum-sbf-351","https://allamericanmuscle.co.za/product/mastodon-intake-manifold-dual-plane-alum-sbf-351/","simple","8370.29","8370.29","8370.29","no","yes","2","Air & Fuel Delivery","air-fuel-delivery","https://allamericanmuscle.co.za/wp-content/uploads/2026/06/2561147046-STN1-1.webp","Intake Manifold, Dual Plane Alum, SBF 351 – fits Ford Small Block (Windsor). Upgrade with the Intake Manifold, Dual Plane Alum, SBF 351. Distributes the a…","Upgrade with the Intake Manifold, Dual Plane Alum, SBF 351. Distributes the air/fuel charge evenly to the cylinders for strong throttle response and power. Engineered to fit Ford Small Block (Windsor) applications. A reliable Mastodon choice for your American muscle or hot-rod project. Brand: Mastodon Application: Ford Small Block (Windsor) Part No: MMR-2561147046-STN"
"2415","MMR-32002","Mastodon Fan Controller Kit","mastodon-fan-controller-kit","https://allamericanmuscle.co.za/product/mastodon-fan-controller-kit/","simple","1000.00","1000.00","1000.00","no","yes","2","Cooling & Heating","cooling-heating","https://allamericanmuscle.co.za/wp-content/uploads/2026/06/MMSI-AT32002-2.webp","Comprehensive Mastodon Fan Controller Kit for precise management of electric cooling fans, ensuring optimal engine temperature.","Take control of your vehicle’s cooling system with the Mastodon Fan Controller Kit. This comprehensive kit provides you with the components you need to efficiently manage your electric cooling fan(s). Consequently, this ensures your engine stays within the optimal temperature range for peak performance and longevity. The Mastodon Fan Controller Kit allows you to set the desired activation and deactivation temperatures for your fan(s). This provides consistent cooling and helps you prevent overheating, especially in demanding conditions or hot climates. We designed this kit to be versatile. Therefore, you can use it with a variety of electric fans and vehicle setups. Proper fan control can also improve your fuel efficiency and reduce unnecessary noise. Key Features Mastodon Quality: Engineered for reliable and accurate fan control. Adjustable Temperature Settings: Allows you to customize fan activation and deactivation points. Versatile Compatibility: Can be used with most electric cooling fans. Prevents Overheating: Ensures your engine stays within a safe operating temperature. Improves Fuel Efficiency: Reduces unnecessary fan operation. Reduces Fan Noise: Limits fan usage to when it’s truly needed. Comprehensive Kit: Includes necessary wiring, relays, and temperature sensor. Essential for Electric Fan Upgrades: Provides the control needed for aftermarket fan installations. Why Choose the Mastodon Fan Controller Kit in South Africa? If you’re looking for a reliable way to man"
"2416","MMR-6121","Mastodon SBC 2 Piece Rear Main Gasket set","mastodon-sbc-2-piece-rear-main-gasket-set","https://allamericanmuscle.co.za/product/mastodon-sbc-2-piece-rear-main-gasket-set/","simple","1490.39","1490.39","1490.39","no","yes","1","Gaskets & Seals","gaskets-seals","https://allamericanmuscle.co.za/wp-content/uploads/2026/06/MMR6121.webp","High-quality Mastodon 2-piece rear main gasket set for Small Block Chevy (SBC) engines, effectively preventing oil leaks.","Ensure a reliable seal at the rear of your Small Block Chevy (SBC) engine with the Mastodon 2-Piece Rear Main Gasket Set, available across South Africa. This high-quality gasket set from Mastodon is specifically designed for SBC engines utilizing a two-piece rear main seal configuration. Preventing oil leaks from the crucial rear main seal area, this set is essential for engine rebuilds, repairs, or maintenance to maintain optimal engine performance and prevent costly damage. Key Features: Mastodon Quality: Engineered for a reliable and long-lasting seal. SBC Compatibility: Specifically designed for Small Block Chevy V8 engines with a 2-piece rear main seal. Prevents Oil Leaks: Ensures the critical rear main seal is properly sealed. 2-Piece Design: Correct configuration for compatible SBC engines. Durable Construction: Made from quality materials to withstand engine oil and temperatures. Precise Fit: Designed for easy installation and a tight seal. Essential for Engine Maintenance: A key component for any SBC service or rebuild. Why Choose the Mastodon SBC 2-Piece Rear Main Gasket Set in South Africa? If you are working on an older Small Block Chevy engine in South Africa with a 2-piece rear main seal and need a reliable replacement gasket set to prevent oil leaks, this Mastodon product is a quality choice. Ensure a leak-free rear main seal on your classic SBC engine in South Africa with the Mastodon 2-Piece Rear Main Gasket Set! Order yours today! Specifications: Application"
"2417","MMR-BD-5560-","Mastodon Disc Brake Rotor (Ventilated, Drilled & Slotted)","mastodon-disc-brake-rotor-ventilated-drilled-slotted","https://allamericanmuscle.co.za/product/mastodon-disc-brake-rotor-ventilated-drilled-slotted/","simple","1752.68","1752.68","1752.68","no","no","0","Brake Systems","brake-systems","https://allamericanmuscle.co.za/wp-content/uploads/2026/06/BR-5560-10LX-Z.webp","Upgrade your stopping power with the Mastodon LH Ventilated, Drilled & Slotted Rotor. It features high-carbon iron construction and a performance design. This maximizes cooling and reduces brake fade.","You can experience a dramatic upgrade in stopping power and thermal management with the Mastodon LH Performance Brake Rotor. We engineer this rotor for drivers who demand the absolute best from their braking system. It features a robust ventilated design, combined with aggressive drilling and precision slotting. Consequently, you reduce heat buildup and improve wet-weather braking performance significantly. This is a dedicated Left Hand (LH) or right hand (RH) rotor, ensuring the vane and slot patterns rotate correctly for maximum efficiency. As a trusted supplier in Alberton, Gauteng, we deliver safety-critical, high-performance components across South Africa. Get your Mastodon Disc Brake Rotor now! Key Features Ventilated Design: Internal cooling vanes maximize the flow of air. This allows the rotor to dissipate heat quickly, preventing thermal stress. Drilled Holes: These holes accelerate the release of heat, gas, and moisture from the braking surface. This dramatically reduces the potential for brake fade. Slotted Grooves: The slots continuously wipe the brake pad surface. This removes brake dust, debris, and hot gases. Therefore, it ensures a consistent, strong bite. High-Carbon Cast Iron: Manufacturers use premium high-carbon iron. This material provides superior tensile strength and excellent resistance to cracking under repeated heavy braking. Corrosion-Resistant Coating: We apply a protective coating to the non-swept areas. This prevents rust and maintains the rotor’"
"2418","MMR-5040-SR","Mastodon Aluminum Billet Fuel Cell Cap, Silver","mastodon-aluminum-billet-fuel-cell-cap-silver","https://allamericanmuscle.co.za/product/mastodon-aluminum-billet-fuel-cell-cap-silver/","simple","1218.38","1218.38","1218.38","no","yes","2","Air & Fuel Delivery","air-fuel-delivery","","Aluminum Billet Fuel Cell Cap, Silver. Shop the Aluminum Billet Fuel Cell Cap, Silver at All American Muscle. A quality fuel-system/throttle component for…","Shop the Aluminum Billet Fuel Cell Cap, Silver at All American Muscle. A quality fuel-system/throttle component for smooth, reliable operation. A reliable Mastodon choice for your American muscle or hot-rod project. Brand: Mastodon Part No: MMR-5040-SR"
"2419","MMR-5040-BK","Mastodon Aluminum Billet Fuel Cell Cap, Black","mastodon-aluminum-billet-fuel-cell-cap-black","https://allamericanmuscle.co.za/product/mastodon-aluminum-billet-fuel-cell-cap-black/","simple","1218.38","1218.38","1218.38","no","yes","2","Air & Fuel Delivery","air-fuel-delivery","","Aluminum Billet Fuel Cell Cap, Black. Upgrade with the Aluminum Billet Fuel Cell Cap, Black. A quality fuel-system/throttle component for smooth, reliable…","Upgrade with the Aluminum Billet Fuel Cell Cap, Black. A quality fuel-system/throttle component for smooth, reliable operation. Mastodon performance you can count on, shipped fast across South Africa. Brand: Mastodon Part No: MMR-5040-BK"
"2420","MMR-16695","TF8,FMX,C6 Extension Housing Seal","tf8fmxc6-extension-housing-seal","https://allamericanmuscle.co.za/product/tf8fmxc6-extension-housing-seal/","simple","226.04","226.04","226.04","no","yes","2","Transmission & Drivetrain","transmission-drivetrain","https://allamericanmuscle.co.za/wp-content/uploads/2026/06/H16695C.webp","Aftermarket extension housing seal for Ford FMX and C6 automatic transmissions, preventing fluid leaks.","Ensure a leak-free connection between your transmission and driveshaft with this aftermarket extension housing seal, specifically designed for Ford FMX and C6 automatic transmissions. This seal provides a vital barrier, preventing fluid leaks from the rear of your transmission. A crucial component for maintaining proper transmission fluid levels and pressure, this seal helps to ensure smooth and reliable operation of your vehicle. Whether you’re performing a transmission service or replacing a worn seal, this aftermarket option offers a dependable and cost-effective solution. Key Features: Aftermarket Quality: A reliable replacement for your original extension housing seal. FMX and C6 Compatibility: Specifically designed for Ford FMX and C6 automatic transmissions. Prevents Fluid Leaks: Ensures proper sealing at the rear of the transmission. Durable Construction: Made from quality materials for longevity and performance. Essential for Transmission Health: Helps maintain proper fluid levels and pressure. Ideal for Service and Repair: A necessary part for any transmission maintenance. Why Choose This FMX/C6 Extension Housing Seal in South Africa? If you’re working on a Ford vehicle with an FMX or C6 automatic transmission in South Africa and need to address a leak at the extension housing, this aftermarket seal offers a reliable and affordable solution to restore proper sealing. Specifications: Application: Ford FMX and C6 Automatic Transmissions Type: Extension Housing Seal Br"
"2421","MMR-73001","Mastodon Intake Manifold BBC with Oval Ports","mastodon-intake-manifold-bbc-with-oval-ports","https://allamericanmuscle.co.za/product/mastodon-intake-manifold-bbc-with-oval-ports/","simple","7112.11","7112.11","7112.11","no","yes","2","Air & Fuel Delivery","air-fuel-delivery","https://allamericanmuscle.co.za/wp-content/uploads/2026/06/MMR73001.webp","Mastodon intake manifold for Big Block Chevy V8 engines with oval ports. Enhances airflow and performance.","Maximize the airflow to your Big Block Chevrolet V8 engine with the Mastodon Intake Manifold (MMR73001), specifically designed with oval ports for optimal performance. This intake manifold is engineered to enhance airflow and improve fuel distribution, leading to potential increases in horsepower and torque. Ideal for performance enthusiasts and builders working with Big Block Chevy V8 engines that utilize oval port cylinder heads, this Mastodon manifold offers a significant upgrade in engine breathing and overall efficiency. Key Features: Mastodon High Performance: Engineered for maximum airflow and power gains in Big Block Chevy V8 engines. Oval Port Design: Specifically matched to Big Block Chevy V8 cylinder heads with oval intake ports. Optimized Airflow: Designed to increase the volume and velocity of the air-fuel mixture entering the combustion chambers. Improved Fuel Distribution: Ensures consistent fuel delivery to all cylinders for balanced performance. Potential Horsepower and Torque Gains: Unlock the true potential of your BBC V8 engine. Durable Construction: Manufactured from high-quality materials for strength and longevity. Direct Fitment: Designed as a direct replacement for compatible Big Block Chevy manifolds. Why Choose the Mastodon Intake Manifold for Your Big Block Chevy V8 with Oval Ports in South Africa? If you’re in South Africa and building or upgrading a Big Block Chevy V8 engine with oval port cylinder heads, the Mastodon Intake Manifold is the perfe"
"2422","MMR-34743","Mastodon TH400/4L80E Extension Housing Oil Seal (Large) OD (pre)","mastodon-th400-4l80e-extension-housing-oil-seal-large-od-pre","https://allamericanmuscle.co.za/product/mastodon-th400-4l80e-extension-housing-oil-seal-large-od-pre/","simple","210.98","210.98","210.98","no","yes","2","Transmission & Drivetrain","transmission-drivetrain","https://allamericanmuscle.co.za/wp-content/uploads/2026/06/atp-so22_xl.webp","TH400/4L80E Extension Housing Oil Seal (Large) OD (pre) – fits GM TH400. Fit your build with the TH400/4L80E Extension Housing Oil Seal (Large) OD (pre).…","Fit your build with the TH400/4L80E Extension Housing Oil Seal (Large) OD (pre). Provides a durable, leak-free seal and is made to meet or exceed OE specifications. Engineered to fit GM TH400 applications. A reliable Mastodon choice for your American muscle or hot-rod project. Brand: Mastodon Application: GM TH400 Part No: MMR-34743"
"2423","MMR-200350","Mastodon Steering Column Floor Mount 2 Diameter","mastodon-steering-column-floor-mount-2-diameter","https://allamericanmuscle.co.za/product/mastodon-steering-column-floor-mount-2-diameter/","simple","2313.63","2313.63","2313.63","no","yes","2","Interior & Accessories","interior-accessories","https://allamericanmuscle.co.za/wp-content/uploads/2026/06/91032631_L1600_b91f3770-b316-469a-8d62-155a00dfaf97.webp","Floor mount that supports and locates the lower end of a 2-inch diameter steering column.","Shop the Steering Column Floor Mount 2"" Diameter at All American Muscle. Locates and supports the lower end of a 2-inch diameter steering column where it passes through the floor or firewall, holding the column steady and taking the flex out of the steering. Mastodon performance you can count on, shipped fast across South Africa. Brand: Mastodon Part No: MMR-200350"
"2424","MMR-6181","Mastodon Tall Alum Finned Valve Cover 1958-86 SBC w/ Hole","mastodon-tall-alum-finned-valve-cover-1958-86-sbc-w-hole","https://allamericanmuscle.co.za/product/mastodon-tall-alum-finned-valve-cover-1958-86-sbc-w-hole/","simple","3087.58","3087.58","3087.58","no","yes","","Engines & Components","engines-components","https://allamericanmuscle.co.za/wp-content/uploads/2026/06/MMR7489-1.webp","Tall Alum Finned Valve Cover 1958-86 SBC w/ Hole – fits Small Block Chevy. Upgrade with the Tall Alum Finned Valve Cover 1958-86 SBC w/ Hole. A quality va…","Upgrade with the Tall Alum Finned Valve Cover 1958-86 SBC w/ Hole. A quality valvetrain component built for dependable, high-rpm performance. Engineered to fit Small Block Chevy applications. Genuine Mastodon quality, in stock and ready to ship. Brand: Mastodon Application: Small Block Chevy Part No: MMR-6181"
"2425","MMR-10053","Mastodon H Groove Lock and Key Set for Camaro, Che","mastodon-h-groove-lock-and-key-set-for-camaro-che","https://allamericanmuscle.co.za/product/mastodon-h-groove-lock-and-key-set-for-camaro-che/","simple","915.63","915.63","915.63","no","yes","","Exterior & Accessories","exterior-accessories","https://allamericanmuscle.co.za/wp-content/uploads/2026/06/1005-1.webp","H Groove Lock and Key Set for Camaro, Che – fits Chevrolet Camaro. H Groove Lock and Key Set for Camaro, Che. A quality interior/electrical component to f…","H Groove Lock and Key Set for Camaro, Che. A quality interior/electrical component to finish your build. Engineered to fit Chevrolet Camaro applications. Backed by Mastodon and ideal for street and performance use. Brand: Mastodon Application: Chevrolet Camaro Part No: MMR-10053"
"2426","MMR-11373","Mastodon Oil Breather Cap, Twist On, Chrome,","mastodon-oil-breather-cap-twist-on-chrome","https://allamericanmuscle.co.za/product/mastodon-oil-breather-cap-twist-on-chrome/","simple","177.45","177.45","177.45","no","yes","","Engines & Components","engines-components","https://allamericanmuscle.co.za/wp-content/uploads/2026/06/spe-4273_xl.webp","Oil Breather Cap, Twist On, Chrome. The Oil Breather Cap, Twist On, Chrome from All American Muscle. A quality valvetrain component built for dependable,…","The Oil Breather Cap, Twist On, Chrome from All American Muscle. A quality valvetrain component built for dependable, high-rpm performance. A reliable Mastodon choice for your American muscle or hot-rod project. Brand: Mastodon Part No: MMR-11373"
"2427","MMR-20047-BL","Mastodon Air Cleaner Filter Element, 14″x3″ , Blue","mastodon-air-cleaner-filter-element-14x3-blue","https://allamericanmuscle.co.za/product/mastodon-air-cleaner-filter-element-14x3-blue/","simple","350.53","350.53","350.53","no","yes","2","Air & Fuel Delivery","air-fuel-delivery","https://allamericanmuscle.co.za/wp-content/uploads/2026/06/edl-43662_oh_xl-1.webp","Air Cleaner Filter Element, 14″x3″ , Blue. Fit your build with the Air Cleaner Filter Element, 14″x3″ , Blue. Protects the engine by filtering intake air…","Fit your build with the Air Cleaner Filter Element, 14″x3″ , Blue. Protects the engine by filtering intake air while allowing strong airflow. Mastodon performance you can count on, shipped fast across South Africa. Brand: Mastodon Part No: MMR-20047-BL"
"2428","MMR-25012","Power steering bracket universal","power-steering-bracket-universal","https://allamericanmuscle.co.za/product/power-steering-bracket-universal/","simple","1393.34","1393.34","1393.34","no","yes","","Engines & Components","engines-components","https://allamericanmuscle.co.za/wp-content/uploads/2026/06/SI-AT25012.webp","Durable and versatile Mastodon power steering bracket, providing a secure and precise mounting solution for various power steering pump applications.","Secure your power steering pump effectively with the versatile Mastodon Power steering bracket (universal). This essential mounting solution provides robust support, which remains crucial for ensuring proper belt alignment and reliable operation of your power steering system. We construct this bracket from durable, high-strength materials, guaranteeing long-lasting performance even under demanding engine vibrations. Consequently, it delivers stable and precise pump positioning for consistent steering assistance. This bracket is particularly useful in custom engine builds, engine swaps, or when installing an aftermarket power steering pump that requires a custom mounting solution. Installing a reliable Mastodon power steering bracket ultimately ensures smooth and responsive steering, enhancing both safety and driving comfort. This vital component is readily available across South Africa. Key Features: Mastodon Quality: We manufacture this bracket for exceptional durability and reliable pump support. Secure Mounting: It provides a stable and strong base for your power steering pump. Universal/Adaptable Design: Engineered to be versatile for various engine and pump combinations. Durable Construction: Made from robust, high-strength materials, ensuring longevity. Ensures Proper Alignment: Helps maintain correct belt alignment, which prevents premature belt wear. Enhances Steering Performance: A securely mounted pump contributes to consistent power steering assistance. Ideal for C"
"2429","MMR-3902-BK","Mastodon Hood Hinge, 1971-1973 Mustang, Billet Alu","mastodon-hood-hinge-1971-1973-mustang-billet-alu","https://allamericanmuscle.co.za/product/mastodon-hood-hinge-1971-1973-mustang-billet-alu/","simple","9301.74","9301.74","9301.74","no","yes","","Exterior & Accessories","exterior-accessories","https://allamericanmuscle.co.za/wp-content/uploads/2026/06/100-3903-HINGE-1.webp","Hood Hinge, 1971-1973 Mustang, Billet Alu – fits Ford Mustang. Upgrade with the Hood Hinge, 1971-1973 Mustang, Billet Alu. A quality exterior/body compone…","Upgrade with the Hood Hinge, 1971-1973 Mustang, Billet Alu. A quality exterior/body component for a clean, finished look. Engineered to fit Ford Mustang applications. Backed by Mastodon and ideal for street and performance use. Brand: Mastodon Application: Ford Mustang Part No: MMR-3902-BK"
"2430","MMR-45014","Mastodon Steering U Joint Coupler, 3/4-36 Spline X","mastodon-steering-u-joint-coupler-3-4-36-spline-x","https://allamericanmuscle.co.za/product/mastodon-steering-u-joint-coupler-3-4-36-spline-x/","simple","638.19","638.19","638.19","no","yes","2","Chassis & Suspension","chassis-suspension","https://allamericanmuscle.co.za/wp-content/uploads/2026/06/brg-013449_xl.webp","Universal steering U-joint coupler with 3/4""-36 splines for joining steering shaft sections.","Steering U Joint Coupler, 3/4-36 Spline. A universal steering joint with 3/4""-36 splines, used to join steering shaft sections and work around the angles between the column and the steering box. A reliable Mastodon choice for your American muscle or hot-rod project. Brand: Mastodon Part No: MMR-45014"
"2431","MMR-47025","Mastodon Alternator Bracket","mastodon-alternator-bracket-2","https://allamericanmuscle.co.za/product/mastodon-alternator-bracket-2/","simple","348.35","348.35","348.35","no","yes","2","Engines & Components","engines-components","https://allamericanmuscle.co.za/wp-content/uploads/2026/06/MMSI-AT25050-2.webp","Alternator Bracket. The Alternator Bracket from All American Muscle. Reliable charging output to keep the battery and electrics powered.Mastodon performan…","The Alternator Bracket from All American Muscle. Reliable charging output to keep the battery and electrics powered. Mastodon performance you can count on, shipped fast across South Africa. Brand: Mastodon Part No: MMR-47025"
"2432","MMR-8491-P","Mastodon 2-1/4 Inch Finned Transmission Oil Pan TH350","mastodon-2-1-4-inch-finned-transmission-oil-pan-th350","https://allamericanmuscle.co.za/product/mastodon-2-1-4-inch-finned-transmission-oil-pan-th350/","simple","2456.91","2456.91","2456.91","no","yes","1","Transmission & Drivetrain","transmission-drivetrain","https://allamericanmuscle.co.za/wp-content/uploads/2026/06/MMR8491P.webp","Mastodon 2-1/4 inch finned transmission oil pan (MMR8491P) for custom look and potential cooling benefits. Check transmission compatibility.","Upgrade your TH350 transmission with the high-performance Mastodon finned TH350 pan. This 2-1/4 inch deep pan is an essential upgrade to significantly improve cooling efficiency for your TH350 transmission fluid, ultimately extending the life of your transmission and its components. The integrated fins on this Mastodon finned TH350 pan act as a highly effective heat sink, dissipating heat much more efficiently than a standard stamped steel pan. Crafted from durable cast aluminum, it not only enhances cooling but also adds crucial rigidity to your transmission case and provides a clean, custom look to your vehicle. Ideal for street performance, towing, or any application where maintaining cooler fluid temperatures is paramount for your TH350. Explore our wide range of Transmission parts and upgrades for a complete solution. We also highly recommend using a high-quality synthetic transmission fluid or optimal performance. Available for convenient pickup or swift delivery directly from our facility in Alberton, South Africa. Key Features: Mastodon Quality: Engineered for durability and a precise fit. Stylish Finned Design: Adds a custom look and may enhance cooling. 2-1/4 Inch Depth: Please ensure this depth is compatible with your transmission. Durable Construction: Made from high-quality materials for long-lasting performance. Direct Replacement: Designed to replace your factory transmission oil pan. Improved Aesthetics: Enhances the appearance of your vehicle’s undercarriage."
"2433","MMR-5581-BK","Mastodon Universal Fuel Log 8-20 & 9/16-20 Black A","mastodon-universal-fuel-log-8-20-9-16-20-black-a","https://allamericanmuscle.co.za/product/mastodon-universal-fuel-log-8-20-9-16-20-black-a/","simple","1000.00","1000.00","1000.00","no","yes","2","Air & Fuel Delivery","air-fuel-delivery","https://allamericanmuscle.co.za/wp-content/uploads/2026/06/9104711_L_ab17001b-79e7-4f62-992e-aafe0c24d692.webp","Universal Fuel Log 8-20 & 9/16-20 Black A. Shop the Universal Fuel Log 8-20 & 9/16-20 Black A at All American Muscle. A quality fuel-system/throttle compo…","Shop the Universal Fuel Log 8-20 & 9/16-20 Black A at All American Muscle. A quality fuel-system/throttle component for smooth, reliable operation. Backed by Mastodon and ideal for street and performance use. Brand: Mastodon Part No: MMR-5581-BK"
"2434","MMR-82017","14″ billet black spoke steering wheel (9-Hole) Mastodon","14-billet-black-spoke-steering-wheel-9-hole-mastodon","https://allamericanmuscle.co.za/product/14-billet-black-spoke-steering-wheel-9-hole-mastodon/","simple","4500.00","4500.00","4500.00","no","yes","1","Interior & Accessories","interior-accessories","https://allamericanmuscle.co.za/wp-content/uploads/2026/06/14-1-scaled-1.webp","High-quality Mastodon 14-inch billet aluminum steering wheel with bold black spokes and a 9-hole bolt pattern for custom vehicle interiors.","Transform the interior of your custom hot rod, classic truck, or street machine with the striking and contemporary 14″ billet black spoke steering wheel. This premium steering wheel is meticulously crafted from solid billet aluminum, ensuring exceptional strength, lightweight performance, and a bold aesthetic. It features a comfortable 14-inch diameter, providing a precise and responsive feel for enhanced driving control. The spokes boast a sleek black finish, which consequently offers a powerful, modern look that contrasts beautifully with various interior themes. Furthermore, the 9-hole bolt pattern ensures broad compatibility with a wide range of aftermarket adapter hubs, making installation straightforward. Installing a Mastodon 14″ Billet Steering Wheel ultimately provides a significant interior upgrade, combining cutting-edge design with a superior tactile experience. This essential interior component is readily available across South Africa, shipping directly from Alberton, Gauteng. Don’t be shy, get you 14″ billet black spoke steering wheel now ! Key Features: Mastodon Quality: We manufacture this steering wheel for exceptional craftsmanship, durability, and a premium finish. 14-inch Diameter: Offers a comfortable size for modern and classic custom builds, providing excellent control. Billet Aluminum Construction: Precisely machined from solid billet aluminum for maximum strength and reduced weight. Bold Black Spoke Finish: Features a durable, sleek black finish on th"
"2435","MMR-PG-GC","Mastodon GM Powerglide Gasket Cork","mastodon-gm-powerglide-gasket-cork","https://allamericanmuscle.co.za/product/mastodon-gm-powerglide-gasket-cork/","simple","80.00","80.00","80.00","no","yes","","Gaskets & Seals","gaskets-seals","https://allamericanmuscle.co.za/wp-content/uploads/2026/06/mrg-8693_xl.webp","GM Powerglide Gasket Cork – fits GM Powerglide. GM Powerglide Gasket Cork. Provides a durable, leak-free seal and is made to meet or exceed OE specificati…","GM Powerglide Gasket Cork. Provides a durable, leak-free seal and is made to meet or exceed OE specifications. Engineered to fit GM Powerglide applications. Mastodon performance you can count on, shipped fast across South Africa. Brand: Mastodon Application: GM Powerglide Part No: MMR-PG-GC"
"2436","MMR-TH400-GR","Mastodon TH400 Sump Gasket Black Rubber","mastodon-th400-sump-gasket-black-rubber","https://allamericanmuscle.co.za/product/mastodon-th400-sump-gasket-black-rubber/","simple","150.00","150.00","150.00","no","yes","","Gaskets & Seals","gaskets-seals","https://allamericanmuscle.co.za/wp-content/uploads/2026/06/mor-93103_wk_xl.webp","TH400 Sump Gasket Black Rubber – fits GM TH400. The TH400 Sump Gasket Black Rubber from All American Muscle. Provides a durable, leak-free seal and is mad…","The TH400 Sump Gasket Black Rubber from All American Muscle. Provides a durable, leak-free seal and is made to meet or exceed OE specifications. Engineered to fit GM TH400 applications. Genuine Mastodon quality, in stock and ready to ship. Brand: Mastodon Application: GM TH400 Part No: MMR-TH400-GR"
"2437","MMR-MBP001","Mastodon Manual Brake Pedal","mastodon-manual-brake-pedal","https://allamericanmuscle.co.za/product/mastodon-manual-brake-pedal/","simple","1830.27","1830.27","1830.27","no","no","0","Brake Systems","brake-systems","https://allamericanmuscle.co.za/wp-content/uploads/2026/06/91631992_L1600_054ced7e-ef45-48e9-a7e1-8ef04cd096c7.webp","Manual Brake Pedal. Fit your build with the Manual Brake Pedal. Improves braking performance and feel for safer, more confident stops.Backed by Mastodon a…","Fit your build with the Manual Brake Pedal. Improves braking performance and feel for safer, more confident stops. Backed by Mastodon and ideal for street and performance use. Brand: Mastodon Part No: MMR-MBP001"
"2438","MMR-25091","Mastodon Steering Column Floor Mount","mastodon-steering-column-floor-mount","https://allamericanmuscle.co.za/product/mastodon-steering-column-floor-mount/","simple","1083.74","1083.74","1083.74","no","yes","2","Interior & Accessories","interior-accessories","https://allamericanmuscle.co.za/wp-content/uploads/2026/06/Mastodon-Steering-mount.webp","Floor mount that anchors the lower end of the steering column to the floor or firewall.","Shop the Steering Column Floor Mount at All American Muscle. Anchors the lower end of the steering column to the floor or firewall, keeping the column properly located and free of flex. A reliable Mastodon choice for your American muscle or hot-rod project. Brand: Mastodon Part No: MMR-25091"
"2439","MMR-SBF-185-PRO","Mastodon SBF-185 Cylinder Head Ass","mastodon-sbf-185-cylinder-head-ass","https://allamericanmuscle.co.za/product/mastodon-sbf-185-cylinder-head-ass/","simple","31851.15","31851.15","31851.15","no","yes","2","Engines & Components","engines-components","https://allamericanmuscle.co.za/wp-content/uploads/2026/06/SBF-185-Cylinder-Head-Assembled-2.webp","SBF-185 Cylinder Head Ass – fits Ford Small Block (Windsor). Upgrade with the SBF-185 Cylinder Head Ass. A quality piece for classic American muscle-car a…","Upgrade with the SBF-185 Cylinder Head Ass. A quality piece for classic American muscle-car and hot-rod builds. Engineered to fit Ford Small Block (Windsor) applications. Mastodon performance you can count on, shipped fast across South Africa. Brand: Mastodon Application: Ford Small Block (Windsor) Part No: MMR-SBF-185-PRO"
"2440","MMR-36050678","Mastodon Electric Power Steering, Volvo C30 / S40 / V50","mastodon-electric-power-steering-volvo-c30-s40-v50","https://allamericanmuscle.co.za/product/mastodon-electric-power-steering-volvo-c30-s40-v50/","simple","9811.17","9811.17","9811.17","no","no","0","Chassis & Suspension","chassis-suspension","https://allamericanmuscle.co.za/wp-content/uploads/2026/06/3951105_L1600_bb18cfbe-f91c-4283-9be5-0ba21f7da230.webp","Volvo C30 / S40 / V50 electric power steering unit — the popular EPS conversion for hot rods and customs.","Electric Power Steering, Volvo C30 / S40 / V50. The Volvo column-mounted electric power steering unit that has become the go-to assist conversion for hot rods, classics and custom builds. It gives you power assistance with no pump, pulley, hoses or belt drag on the engine, and the level of assistance can be tuned to suit the car. Genuine Mastodon quality, in stock and ready to ship. Brand: Mastodon Part No: MMR-36050678"
"2441","MMR-FSS-8001","Mastodon Starter 12V 9T Ford F100/F250 USA Short Nose","mastodon-starter-12v-9t-ford-f100-f250-usa-short-nose","https://allamericanmuscle.co.za/product/mastodon-starter-12v-9t-ford-f100-f250-usa-short-nose/","simple","6727.50","6727.50","6727.50","no","yes","1","Engines & Components","engines-components","https://allamericanmuscle.co.za/wp-content/uploads/2026/06/91067210_L1450_7489f46b-4409-4107-88a9-6069d6b2f9aa.webp","Starter 12V 9T Ford F100/F250 USA Short Nose – fits Ford. The Starter 12V 9T Ford F100/F250 USA Short Nose from All American Muscle. High-torque starting…","The Starter 12V 9T Ford F100/F250 USA Short Nose from All American Muscle. High-torque starting power for dependable cranking, hot or cold. Engineered to fit Ford applications. Backed by Mastodon and ideal for street and performance use. Brand: Mastodon Application: Ford Part No: MMR-FSS-8001"
"2442","MMR-9190","Mastodon Champion Radiator Upper Outlet Left 35 Lo","mastodon-champion-radiator-upper-outlet-left-35-lo","https://allamericanmuscle.co.za/product/mastodon-champion-radiator-upper-outlet-left-35-lo/","simple","4781.30","4781.30","4781.30","no","no","0","Cooling & Heating","cooling-heating","https://allamericanmuscle.co.za/wp-content/uploads/2026/06/100-9192-Mastodon-Radiator-Upper-Outlet-Left-40-Lower-Outlet-1.webp","Champion Radiator Upper Outlet Left 35 Lo. Fit your build with the Champion Radiator Upper Outlet Left 35 Lo. High-capacity cooling to keep temperatures i…","Fit your build with the Champion Radiator Upper Outlet Left 35 Lo. High-capacity cooling to keep temperatures in check, even in traffic or under load. A reliable Mastodon choice for your American muscle or hot-rod project. Brand: Mastodon Part No: MMR-9190"
"2443","MMR-1009-BK","Mastodon Throttle Body, 92Mm, Black","mastodon-throttle-body-92mm-black","https://allamericanmuscle.co.za/product/mastodon-throttle-body-92mm-black/","simple","2320.72","2320.72","2320.72","no","yes","","Air & Fuel Delivery","air-fuel-delivery","https://allamericanmuscle.co.za/wp-content/uploads/2026/06/MM-KD1009-2.webp","Throttle Body, 92Mm, Black. Shop the Throttle Body, 92Mm, Black at All American Muscle. Controls airflow into the engine for smooth, responsive throttle.M…","Shop the Throttle Body, 92Mm, Black at All American Muscle. Controls airflow into the engine for smooth, responsive throttle. Mastodon performance you can count on, shipped fast across South Africa. Brand: Mastodon Part No: MMR-1009-BK"
"2444","MMR-6280-B","Mastodon BBC Chevy Valve Covers","mastodon-bbc-chevy-valve-covers","https://allamericanmuscle.co.za/product/mastodon-bbc-chevy-valve-covers/","simple","5313.97","5313.97","5313.97","no","yes","","Engines & Components","engines-components","https://allamericanmuscle.co.za/wp-content/uploads/2026/06/91017164_L1600_70ae52a8-6791-4f67-8f66-4c887e0146dd.webp","BBC Chevy Valve Covers – fits Big Block Chevy. Upgrade with the BBC Chevy Valve Covers. A quality valvetrain component built for dependable, high-rpm perf…","Upgrade with the BBC Chevy Valve Covers. A quality valvetrain component built for dependable, high-rpm performance. Engineered to fit Big Block Chevy applications. Genuine Mastodon quality, in stock and ready to ship. Brand: Mastodon Application: Big Block Chevy Part No: MMR-6280-B"
"2445","MMR-11210","Mastodon Hardened Steel Pushrods, SBC","mastodon-hardened-steel-pushrods-sbc","https://allamericanmuscle.co.za/product/mastodon-hardened-steel-pushrods-sbc/","simple","1600.00","1600.00","1600.00","no","no","0","Engines & Components","engines-components","https://allamericanmuscle.co.za/wp-content/uploads/2026/06/MEL-MPR-34-B_SN.webp","Hardened Steel Pushrods, SBC – fits Small Block Chevy. Hardened Steel Pushrods, SBC. A quality valvetrain component built for dependable, high-rpm perform…","Hardened Steel Pushrods, SBC. A quality valvetrain component built for dependable, high-rpm performance. Engineered to fit Small Block Chevy applications. Backed by Mastodon and ideal for street and performance use. Brand: Mastodon Application: Small Block Chevy Part No: MMR-11210"
"2446","MMR-TH350-3-51405","Mastodon TH350 GM Filler Tube Top Hat Seal","mastodon-th350-gm-filler-tube-top-hat-seal","https://allamericanmuscle.co.za/product/mastodon-th350-gm-filler-tube-top-hat-seal/","simple","139.93","139.93","139.93","no","yes","2","Transmission & Drivetrain","transmission-drivetrain","https://allamericanmuscle.co.za/wp-content/uploads/2026/06/TH350-3-51405-1.webp","TH350 GM Filler Tube Top Hat Seal – fits GM TH350. The TH350 GM Filler Tube Top Hat Seal from All American Muscle. Provides a durable, leak-free seal and…","The TH350 GM Filler Tube Top Hat Seal from All American Muscle. Provides a durable, leak-free seal and is made to meet or exceed OE specifications. Engineered to fit GM TH350 applications. A reliable Mastodon choice for your American muscle or hot-rod project. Brand: Mastodon Application: GM TH350 Part No: MMR-TH350-3-51405"
"2447","MMR-20092","Mastodon Fuel Filter (3/8″)Inlet/Outlet","mastodon-fuel-filter-3-8inlet-outlet","https://allamericanmuscle.co.za/product/mastodon-fuel-filter-3-8inlet-outlet/","simple","151.78","151.78","151.78","no","yes","1","Air & Fuel Delivery","air-fuel-delivery","https://allamericanmuscle.co.za/wp-content/uploads/2026/06/MMR9272-1.webp","Fuel Filter (3/8″)Inlet/Outlet. Fit your build with the Fuel Filter (3/8″)Inlet/Outlet. A quality fuel-system/throttle component for smooth, reliable oper…","Fit your build with the Fuel Filter (3/8″)Inlet/Outlet. A quality fuel-system/throttle component for smooth, reliable operation. Mastodon performance you can count on, shipped fast across South Africa. Brand: Mastodon Part No: MMR-20092"
"2448","MMR-3403-CR","Mastodon T-Style Billet Steering Wheel 14×2″, Black Leather","mastodon-t-style-billet-steering-wheel-14x2-black-leather","https://allamericanmuscle.co.za/product/mastodon-t-style-billet-steering-wheel-14x2-black-leather/","simple","3654.24","3654.24","3654.24","no","yes","2","Interior & Accessories","interior-accessories","https://allamericanmuscle.co.za/wp-content/uploads/2026/06/3403-CR.webp","Mastodon Steering Wheel, Billet Chrome, Half Wrap","You can elevate your vehicle’s interior with the Mastodon T-Style Billet Steering Wheel. This premium steering wheel features a sleek, T-style design. It combines a show-quality chrome finish with a comfortable, half-wrapped black leather grip. As a result, you get both modern aesthetics and a classic feel. We designed it for you if you are a South African automotive enthusiast who demands quality, style, and a comfortable driving experience. As a trusted supplier in Alberton, Gauteng, we provide you with top-tier interior components to personalize and enhance your vehicle. Key Features Billet Chrome Finish: It provides a show-quality look that resists corrosion and wear. This finish is exceptionally durable. T-Style Design: It gives your interior a unique, modern look. This design sets your vehicle apart from the rest. Half-Wrapped Leather: It combines the classic feel of metal with the comfort and grip of black leather. This is ideal for you if you have long drives. 14″ x 2″ Dimensions: It offers a sporty size and a comfortable dish. This provides you with an enhanced feel and improved handling. Durable Construction: We built it with high-quality materials. Consequently, you can rely on it to last a long time. Nationwide Shipping: We deliver interior components across South Africa. Local Expertise: We understand the needs of South African automotive enthusiasts. Why Choose the Mastodon T-Style Billet Steering Wheel? This steering wheel is an excellent choice for you if you "
"2449","MMR-5070-SR","Mastodon Aluminum Radiator Coolant Water Tank","mastodon-aluminum-radiator-coolant-water-tank","https://allamericanmuscle.co.za/product/mastodon-aluminum-radiator-coolant-water-tank/","simple","1600.00","1600.00","1600.00","no","yes","","Cooling & Heating","cooling-heating","https://allamericanmuscle.co.za/wp-content/uploads/2026/06/91015710_L1600_6fee8f66-866a-4d17-8fbf-8dd0fc2f7f43-2.webp","Aluminum Radiator Coolant Water Tank. Upgrade with the Aluminum Radiator Coolant Water Tank. High-capacity cooling to keep temperatures in check, even in…","Upgrade with the Aluminum Radiator Coolant Water Tank. High-capacity cooling to keep temperatures in check, even in traffic or under load. Backed by Mastodon and ideal for street and performance use. Brand: Mastodon Part No: MMR-5070-SR"
"2450","MMR-28150","Mastodon Chevy hood Stopper","mastodon-chevy-hood-stopper","https://allamericanmuscle.co.za/product/mastodon-chevy-hood-stopper/","simple","317.98","317.98","317.98","no","yes","1","Exterior & Accessories","exterior-accessories","https://allamericanmuscle.co.za/wp-content/uploads/2026/06/oer-12337985_xl.webp","Chevy hood Stopper – fits GM / Chevrolet. Chevy hood Stopper. A quality piece for classic American muscle-car and hot-rod builds.Engineered to fit GM / Ch…","Chevy hood Stopper. A quality piece for classic American muscle-car and hot-rod builds. Engineered to fit GM / Chevrolet applications. A reliable Mastodon choice for your American muscle or hot-rod project. Brand: Mastodon Application: GM / Chevrolet Part No: MMR-28150"
"2451","MMR-7604","Mastodon SBF Windsor Fuel Pump Block Off Plate","mastodon-sbf-windsor-fuel-pump-block-off-plate","https://allamericanmuscle.co.za/product/mastodon-sbf-windsor-fuel-pump-block-off-plate/","simple","167.47","167.47","167.47","no","yes","","Engines & Components","engines-components","https://allamericanmuscle.co.za/wp-content/uploads/2026/06/MMR7604.webp","Durable Mastodon fuel pump block off plate for Small Block Ford Windsor engines, ensuring a leak-free seal after mechanical pump removal.","Seal off the mechanical fuel pump opening on your Small Block Ford (SBF) Windsor engine cleanly and effectively with the Mastodon Fuel Pump Block Off Plate. This precision-cut plate is designed to provide a tight and leak-free seal when converting to an electric fuel pump setup or when a mechanical fuel pump is no longer needed. Constructed from durable material, this block off plate prevents oil leaks from the engine’s timing cover area. It’s a simple yet essential component for a clean and functional engine bay. Designed specifically for SBF Windsor engines, this Mastodon block off plate ensures a proper fit and reliable seal. Key Features: Mastodon Quality: Engineered for a tight and leak-free seal. Specifically for SBF Windsor: Designed for 289, 302, and 351W Windsor engines. Seals Fuel Pump Opening: Prevents oil leaks after removing the mechanical pump. Durable Construction: Made from quality materials for long-lasting performance. Clean Engine Bay Appearance: Provides a finished look after a fuel system conversion. Easy Installation: Simple bolt-on installation. Essential for Electric Fuel Pump Conversions: A necessary component for a clean setup. Why Choose the Mastodon SBF Windsor Fuel Pump Block Off Plate in South Africa? If you’re converting to an electric fuel pump on your Small Block Ford Windsor engine in South Africa or need to seal off an unused mechanical fuel pump opening, this Mastodon block off plate provides a reliable and clean solution. Specifications: B"
"2452","MMR-3901-H","Mastodon Billet Trunk Hinges Fits 1967-1969 Camaro","mastodon-billet-trunk-hinges-fits-1967-1969-camaro","https://allamericanmuscle.co.za/product/mastodon-billet-trunk-hinges-fits-1967-1969-camaro/","simple","5625.06","5625.06","5625.06","no","no","0","Exterior & Accessories","exterior-accessories","https://allamericanmuscle.co.za/wp-content/uploads/2026/04/mastodon2028229.webp","Mastodon Billet Trunk Hinges Fits 1967-1969 Camaro","These hinges have plenty of adjustment so you can get your trunk to line up perfectly, better than original hinges. Easy to install. Shocks included are for stock steel trunk lids without spoiler."
"2453","MMR-13233","Mastodon C6 Sump Gasket Cork Ford Transmission Cor","mastodon-c6-sump-gasket-cork-ford-transmission-cor","https://allamericanmuscle.co.za/product/mastodon-c6-sump-gasket-cork-ford-transmission-cor/","simple","80.00","80.00","80.00","no","yes","","Gaskets & Seals","gaskets-seals","https://allamericanmuscle.co.za/wp-content/uploads/2026/06/TH350-3-1.webp","C6 Sump Gasket Cork Ford Transmission Cor – fits Ford C6. Shop the C6 Sump Gasket Cork Ford Transmission Cor at All American Muscle. Provides a durable, l…","Shop the C6 Sump Gasket Cork Ford Transmission Cor at All American Muscle. Provides a durable, leak-free seal and is made to meet or exceed OE specifications. Engineered to fit Ford C6 applications. Backed by Mastodon and ideal for street and performance use. Brand: Mastodon Application: Ford C6 Part No: MMR-13233"
"2454","MMR-15010","Transmission Cooler Dual Pass Finned Mastodon","transmission-cooler-dual-pass-finned-mastodon","https://allamericanmuscle.co.za/product/transmission-cooler-dual-pass-finned-mastodon/","simple","1006.32","1006.32","1006.32","no","yes","","Transmission & Drivetrain","transmission-drivetrain","https://allamericanmuscle.co.za/wp-content/uploads/2026/06/SI-AT15010.avif","High-performance Mastodon dual pass finned transmission cooler, designed for superior heat dissipation to protect and extend the life of your automatic transmission.","Protect your automatic transmission and extend its lifespan with the high-performance Mastodon Dual Pass Finned Transmission Cooler. This essential cooling solution efficiently dissipates heat from your transmission fluid, which remains crucial for preventing fluid breakdown and transmission damage, especially under heavy loads or in hot climates. We design this cooler with a “dual pass” configuration, meaning fluid travels through the cooler twice for maximum heat exchange. Furthermore, the finned design significantly increases the surface area for superior heat rejection. Installing a Mastodon transmission cooler ultimately ensures your transmission operates within optimal temperature ranges, leading to smoother shifts, improved efficiency, and prolonged component life. This vital component for any vehicle with an automatic transmission is readily available across South Africa. Key Features: Mastodon Quality: We manufacture this cooler for exceptional durability and highly efficient cooling. Dual Pass Design: Fluid travels through the cooler twice, thus maximizing heat transfer efficiency. Finned Construction: Significantly increases surface area for superior heat dissipation. Protects Transmission: Crucially prevents fluid overheating, breakdown, and premature wear. Universal Application: Designed to be adaptable for a wide range of automatic transmission vehicles. Extends Transmission Life: Maintaining optimal fluid temperatures greatly prolongs component lifespan. Improv"
"2455","MMR-15011","Mastodon Transmission Cooler, DUal Pass Finned","mastodon-transmission-cooler-dual-pass-finned","https://allamericanmuscle.co.za/product/mastodon-transmission-cooler-dual-pass-finned/","simple","1006.32","1006.32","1006.32","no","yes","2","Transmission & Drivetrain","transmission-drivetrain","https://allamericanmuscle.co.za/wp-content/uploads/2026/06/SI-AT15010-1.avif","Transmission Cooler, DUal Pass Finned. Transmission Cooler, DUal Pass Finned. A quality driveline/transmission component for smooth, reliable operation.Ma…","Transmission Cooler, DUal Pass Finned. A quality driveline/transmission component for smooth, reliable operation. Mastodon performance you can count on, shipped fast across South Africa. Brand: Mastodon Part No: MMR-15011"
"2456","MMR-20051-R","Mastodon Air Cleaner, Super Flow with Raised Top","mastodon-air-cleaner-super-flow-with-raised-top","https://allamericanmuscle.co.za/product/mastodon-air-cleaner-super-flow-with-raised-top/","simple","1664.30","1664.30","1664.30","no","no","0","Air & Fuel Delivery","air-fuel-delivery","https://allamericanmuscle.co.za/wp-content/uploads/2026/06/1612ABK-2BK-1.webp","Air Cleaner, Super Flow with Raised Top. The Air Cleaner, Super Flow with Raised Top from All American Muscle. Protects the engine by filtering intake air…","The Air Cleaner, Super Flow with Raised Top from All American Muscle. Protects the engine by filtering intake air while allowing strong airflow. Genuine Mastodon quality, in stock and ready to ship. Brand: Mastodon Part No: MMR-20051-R"
"2457","MMR-25093","Mastodon Battery Hold Down Mount Billet","mastodon-battery-hold-down-mount-billet","https://allamericanmuscle.co.za/product/mastodon-battery-hold-down-mount-billet/","simple","1487.08","1487.08","1487.08","no","yes","","Ignition & Electrical","ignition-electrical","https://allamericanmuscle.co.za/wp-content/uploads/2026/06/MMSI-AT25093.webp","Premium billet aluminum spark plug wire looms for a clean and organized look on Small Block Chevy (SBC) engines. Shipped from Alberton.","Billet aluminium battery hold-down mount. Secures your battery cleanly in custom and restomod builds."
"2458","MMR-25100","SBC 3 Groove Pulley LWP Aluminium Mastodon","sbc-3-groove-pulley-lwp-aluminium-mastodon","https://allamericanmuscle.co.za/product/sbc-3-groove-pulley-lwp-aluminium-mastodon/","simple","1016.55","1016.55","1016.55","no","yes","","Engines & Components","engines-components","https://allamericanmuscle.co.za/wp-content/uploads/2026/06/MMR8859.webp","Durable Mastodon triple groove lower crank pulley designed for Small Block Chevy engines with a long water pump, driving multiple accessories.","You can maintain a full accessory drive while reducing rotating mass with the Mastodon Aluminium Crankshaft 3 Groove Pulley LWP . This lightweight pulley features a triple V-belt groove. It is specifically machined for Long Water Pump (LWP) applications. As a result, you get both reduced rotational inertia and precise belt alignment for all your accessories. This is an essential component for you if you are running power steering, AC, and an alternator. As a trusted supplier in Alberton, Gauteng, we provide you with top-tier engine components to enhance your vehicle’s performance and reliability. Key Features Lightweight Aluminium Construction: This material significantly reduces rotating mass. Consequently, you free up latent horsepower and immediately notice improved throttle response. 3-Groove Design: This provides the necessary capacity for a full accessory drive. It allows you to run power steering, air conditioning, and an alternator simultaneously. LWP Compatibility: We engineered it for Long Water Pump setups. This ensures perfect alignment with your other LWP accessories. This is crucial for belt stability and longevity. SBC-Specific Fitment: It is designed as a direct bolt-on for Small Block Chevrolet engines. This makes the installation process straightforward for you. Durable Finish: The aluminium finish resists corrosion and wear. Therefore, it maintains its clean, custom look for a long time. Improved Throttle Response: The lighter weight allows the engine to re"
"2459","MMR-38006","Mastodon High Heat Spark Plug Wires Set","mastodon-high-heat-spark-plug-wires-set","https://allamericanmuscle.co.za/product/mastodon-high-heat-spark-plug-wires-set/","simple","678.90","678.90","678.90","no","yes","2","Ignitions & Electrical","ignitions-electrical","https://allamericanmuscle.co.za/wp-content/uploads/2026/06/MMSI-AT38006.webp","High heat resistant Mastodon spark plug ignition wires set for (Specify Engine Application), ensuring reliable performance.","Ensure optimal ignition performance and reliability under high temperatures with the Mastodon High Heat Spark Plug Ignition Wires Set. Engineered with premium materials to withstand extreme engine bay heat, these wires deliver consistent and powerful spark to your spark plugs, resulting in improved combustion, increased horsepower, and better fuel efficiency. The high heat resistance prevents premature degradation of the wires, ensuring long-lasting performance and reliable ignition. This set includes all the necessary wires for your (Specify Engine Application, e.g., V8 engine), cut to precise lengths with high-quality terminals for a secure and reliable connection. Upgrade your ignition system with the durable and high-performing Mastodon High Heat Spark Plug Wires. Key Features: Mastodon Quality: Engineered for high performance and durability. High Heat Resistance: Protects against extreme engine bay temperatures. Improved Ignition Performance: Delivers consistent and powerful spark. Enhanced Combustion: Leads to better horsepower and fuel efficiency. Durable Construction: Premium materials for long-lasting reliability. Precise Lengths and Secure Terminals: Ensures proper fitment and connection. Complete Set: Includes all necessary wires for (Specify Engine Application). Ideal for Performance and Racing: Suitable for demanding conditions. Why Choose the Mastodon High Heat Spark Plug Ignition Wires Set in South Africa? If you’re looking for a set of spark plug wires in Sout"
"2460","MMR-38026-BK","Mastodon Spark Plug Wire Set","mastodon-spark-plug-wire-set","https://allamericanmuscle.co.za/product/mastodon-spark-plug-wire-set/","simple","1045.03","1045.03","1045.03","no","yes","1","Ignitions & Electrical","ignitions-electrical","https://allamericanmuscle.co.za/wp-content/uploads/2026/06/SI-AT38021-BK-1-1.webp","Spark Plug Wire Set. Spark Plug Wire Set. Delivers a strong, reliable spark for easy starting and clean running.Genuine Mastodon quality, in stock and rea…","Spark Plug Wire Set. Delivers a strong, reliable spark for easy starting and clean running. Genuine Mastodon quality, in stock and ready to ship. Brand: Mastodon Part No: MMR-38026-BK"
"2461","MMR-3806","Mastodon Header Gasket For 65-90 Big Block Chevy 3","mastodon-header-gasket-for-65-90-big-block-chevy-3","https://allamericanmuscle.co.za/product/mastodon-header-gasket-for-65-90-big-block-chevy-3/","simple","319.53","319.53","319.53","no","yes","","Gaskets & Seals","gaskets-seals","https://allamericanmuscle.co.za/wp-content/uploads/2026/06/sch-02520_xl.webp","Header Gasket For 65-90 Big Block Chevy 3 – fits Big Block Chevy. The Header Gasket For 65-90 Big Block Chevy 3 from All American Muscle. Improves exhaust…","The Header Gasket For 65-90 Big Block Chevy 3 from All American Muscle. Improves exhaust flow for better performance and a great sound. Engineered to fit Big Block Chevy applications. Backed by Mastodon and ideal for street and performance use. Brand: Mastodon Application: Big Block Chevy Part No: MMR-3806"
"2462","MMR-3813","Mastodon Header Gasket For 75-91 Small Block Chrysler","mastodon-header-gasket-for-75-91-small-block-chrysler","https://allamericanmuscle.co.za/product/mastodon-header-gasket-for-75-91-small-block-chrysler/","simple","146.46","146.46","146.46","no","yes","","Gaskets & Seals","gaskets-seals","https://allamericanmuscle.co.za/wp-content/uploads/2026/06/MMR3813-1.webp","Header Gasket For 75-91 Small Block Chrysler – fits Chrysler / Mopar. Fit your build with the Header Gasket For 75-91 Small Block Chrysler. Improves exhau…","Fit your build with the Header Gasket For 75-91 Small Block Chrysler. Improves exhaust flow for better performance and a great sound. Engineered to fit Chrysler / Mopar applications. A reliable Mastodon choice for your American muscle or hot-rod project. Brand: Mastodon Application: Chrysler / Mopar Part No: MMR-3813"
"2463","MMR-45025","Mastodon Steering Shaft U-Joint, Steering Shaft","mastodon-steering-shaft-u-joint-steering-shaft","https://allamericanmuscle.co.za/product/mastodon-steering-shaft-u-joint-steering-shaft/","simple","1083.74","1083.74","1083.74","no","yes","","Chassis & Suspension","chassis-suspension","https://allamericanmuscle.co.za/wp-content/uploads/2026/06/uJoint.webp","Steering shaft universal joint — passes steering input through an angle without slop.","Shop the Steering Shaft U-Joint at All American Muscle. A steering shaft universal joint that lets the shaft change angle between the column and the steering box while passing steering input through smoothly and without slop. Mastodon performance you can count on, shipped fast across South Africa. Brand: Mastodon Part No: MMR-45025"
"2464","MMR-45034","Mastodon Steering Coupler Rag Joint, GM Manual & P","mastodon-steering-coupler-rag-joint-gm-manual-p","https://allamericanmuscle.co.za/product/mastodon-steering-coupler-rag-joint-gm-manual-p/","simple","774.10","774.10","774.10","no","yes","","Chassis & Suspension","chassis-suspension","https://allamericanmuscle.co.za/wp-content/uploads/2026/06/brg-053449_yv_xl-1.webp","Flexible rag joint coupler for GM manual and power steering boxes.","Upgrade with the Steering Coupler Rag Joint, GM Manual & Power. The flexible coupler between the steering shaft and a GM steering box — it isolates road vibration and takes up small misalignment so the wheel stays smooth. Suits GM manual and power steering boxes. Engineered to fit GM / Chevrolet applications. Genuine Mastodon quality, in stock and ready to ship. Brand: Mastodon Application: GM / Chevrolet Part No: MMR-45034"
"2465","MMR-8247","Mastodon Billet Steering Wheel 14″ Satin Spoke, 9","mastodon-billet-steering-wheel-14-satin-spoke-9","https://allamericanmuscle.co.za/product/mastodon-billet-steering-wheel-14-satin-spoke-9/","simple","3771.17","3771.17","3771.17","no","yes","","Interior & Accessories","interior-accessories","https://allamericanmuscle.co.za/wp-content/uploads/2026/06/9-scaled-2.webp","14"" billet steering wheel with satin spokes and the standard 9-hole bolt pattern.","Billet Steering Wheel 14"" Satin Spoke, 9-Hole. A 14-inch billet aluminium steering wheel with a satin-finished spoke centre and the standard 9-hole bolt pattern, so it mounts to any 9-hole steering wheel adapter. Backed by Mastodon and ideal for street and performance use. Brand: Mastodon Part No: MMR-8247"
"2466","MMR-91611285-BK","Mastodon Intake Manifold,SBC, Aluminum BLACK","mastodon-intake-manifoldsbc-aluminum-black","https://allamericanmuscle.co.za/product/mastodon-intake-manifoldsbc-aluminum-black/","simple","9044.36","9044.36","9044.36","no","yes","","Engines & Components","engines-components","https://allamericanmuscle.co.za/wp-content/uploads/2026/06/MMBK-1108-1.webp","Intake Manifold,SBC, Aluminum BLACK – fits Small Block Chevy. The Intake Manifold,SBC, Aluminum BLACK from All American Muscle. Distributes the air/fuel c…","The Intake Manifold,SBC, Aluminum BLACK from All American Muscle. Distributes the air/fuel charge evenly to the cylinders for strong throttle response and power. Engineered to fit Small Block Chevy applications. A reliable Mastodon choice for your American muscle or hot-rod project. Brand: Mastodon Application: Small Block Chevy Part No: MMR-91611285-BK"
"2467","MMR-LY-HL-001-X-BL","Mastodon Black 7 inch LED Headlight","mastodon-black-7-inch-led-headlight","https://allamericanmuscle.co.za/product/mastodon-black-7-inch-led-headlight/","simple","1159.88","1159.88","1159.88","no","yes","2","Lights & Lighting","lights-lighting","https://allamericanmuscle.co.za/wp-content/uploads/2026/06/LY-7-2G-004-1.webp","Black 7 inch LED Headlight. Fit your build with the Black 7 inch LED Headlight. Bright, reliable lighting with a clean, period-correct look.Mastodon perfo…","Fit your build with the Black 7 inch LED Headlight. Bright, reliable lighting with a clean, period-correct look. Mastodon performance you can count on, shipped fast across South Africa. Brand: Mastodon Part No: MMR-LY-HL-001-X-BL"
"2468","MMR-1614ACR-3RD","Mastodon Full Flow 14″Round Air Filter Assem Kit R","mastodon-full-flow-14round-air-filter-assem-kit-r","https://allamericanmuscle.co.za/product/mastodon-full-flow-14round-air-filter-assem-kit-r/","simple","2062.62","2062.62","2062.62","no","no","0","Air & Fuel Delivery","air-fuel-delivery","https://allamericanmuscle.co.za/wp-content/uploads/2026/06/1614ABK-3BK-1.webp","Full Flow 14″Round Air Filter Assem Kit R. Shop the Full Flow 14″Round Air Filter Assem Kit R at All American Muscle. Protects the engine by filtering int…","Shop the Full Flow 14″Round Air Filter Assem Kit R at All American Muscle. Protects the engine by filtering intake air while allowing strong airflow. Genuine Mastodon quality, in stock and ready to ship. Brand: Mastodon Part No: MMR-1614ACR-3RD"
"2469","MMR-PD-002-BLACK","Mastodon Pedal Bracket Assembly Black","mastodon-pedal-bracket-assembly-black","https://allamericanmuscle.co.za/product/mastodon-pedal-bracket-assembly-black/","simple","2097.69","2097.69","2097.69","no","yes","2","Interior & Accessories","interior-accessories","https://allamericanmuscle.co.za/wp-content/uploads/2026/06/PD-002-BLK-1.webp","Pedal Bracket Assembly Black. Upgrade with the Pedal Bracket Assembly Black. Improves braking performance and feel for safer, more confident stops.Backed…","Upgrade with the Pedal Bracket Assembly Black. Improves braking performance and feel for safer, more confident stops. Backed by Mastodon and ideal for street and performance use. Brand: Mastodon Part No: MMR-PD-002-BLACK"
"2470","MMR-SP010-BL-SL","Mastodon Starter Switch, Column Ignition Starter S","mastodon-starter-switch-column-ignition-starter-s","https://allamericanmuscle.co.za/product/mastodon-starter-switch-column-ignition-starter-s/","simple","408.42","408.42","408.42","no","yes","","Ignitions & Electrical","ignitions-electrical","https://allamericanmuscle.co.za/wp-content/uploads/2026/06/smp-us95_w.webp","Column-mounted ignition/starter switch with off, accessory, ignition and start positions.","Starter Switch, Column Ignition Starter. A column-mounted ignition and starter switch carrying the off, accessory, ignition and start positions, and cranking the starter motor. A straightforward universal replacement for a worn or missing column switch. A reliable Mastodon choice for your American muscle or hot-rod project. Brand: Mastodon Part No: MMR-SP010-BL-SL"
"2471","MMR-UJ002","Mastodon U-Joint, 9/16-26 X 3/4″-Dd","mastodon-u-joint-9-16-26-x-3-4-dd","https://allamericanmuscle.co.za/product/mastodon-u-joint-9-16-26-x-3-4-dd/","simple","718.04","718.04","718.04","no","yes","","Chassis & Suspension","chassis-suspension","https://allamericanmuscle.co.za/wp-content/uploads/2026/06/fla-frujkt1_xl.webp","U-Joint, 9/16-26 X 3/4″-Dd. The U-Joint, 9/16-26 X 3/4″-Dd from All American Muscle. A quality steering component for safe, precise control.Mastodon perfo…","The U-Joint, 9/16-26 X 3/4″-Dd from All American Muscle. A quality steering component for safe, precise control. Mastodon performance you can count on, shipped fast across South Africa. Brand: Mastodon Part No: MMR-UJ002"
"2472","MMR-3811","Mastodon Header Gasket BBF","mastodon-header-gasket-bbf","https://allamericanmuscle.co.za/product/mastodon-header-gasket-bbf/","simple","350.00","350.00","350.00","no","no","0","Gaskets & Seals","gaskets-seals","https://allamericanmuscle.co.za/wp-content/uploads/2026/06/fel-1442_xl.webp","Header Gasket BBF – fits Ford Big Block. Fit your build with the Header Gasket BBF. Improves exhaust flow for better performance and a great sound.Enginee…","Fit your build with the Header Gasket BBF. Improves exhaust flow for better performance and a great sound. Engineered to fit Ford Big Block applications. Genuine Mastodon quality, in stock and ready to ship. Brand: Mastodon Application: Ford Big Block Part No: MMR-3811"
"2473","MMR-3252701-BK","Mastodon Performer Intake Manifold EPS, SBC,BLOCK","mastodon-performer-intake-manifold-eps-sbcblock","https://allamericanmuscle.co.za/product/mastodon-performer-intake-manifold-eps-sbcblock/","simple","7555.48","7555.48","7555.48","no","yes","","Air & Fuel Delivery","air-fuel-delivery","https://allamericanmuscle.co.za/wp-content/uploads/2026/06/New-Project-scaled-2.webp","Performer Intake Manifold EPS, SBC,BLOCK – fits Small Block Chevy. Shop the Performer Intake Manifold EPS, SBC,BLOCK at All American Muscle. Distributes t…","Shop the Performer Intake Manifold EPS, SBC,BLOCK at All American Muscle. Distributes the air/fuel charge evenly to the cylinders for strong throttle response and power. Engineered to fit Small Block Chevy applications. Backed by Mastodon and ideal for street and performance use. Brand: Mastodon Application: Small Block Chevy Part No: MMR-3252701-BK"
"2474","MMR-58006-R","Mastodon SBF Ford Window Rubber Valve Cover Gasket","mastodon-sbf-ford-window-rubber-valve-cover-gasket","https://allamericanmuscle.co.za/product/mastodon-sbf-ford-window-rubber-valve-cover-gasket/","simple","323.28","323.28","323.28","no","no","0","Gaskets & Seals","gaskets-seals","https://allamericanmuscle.co.za/wp-content/uploads/2026/06/VS-30055-R-2.webp","SBF Ford Window Rubber Valve Cover Gasket – fits Ford Small Block (Windsor). Upgrade with the SBF Ford Window Rubber Valve Cover Gasket. Provides a durabl…","Upgrade with the SBF Ford Window Rubber Valve Cover Gasket. Provides a durable, leak-free seal and is made to meet or exceed OE specifications. Engineered to fit Ford Small Block (Windsor) applications. A reliable Mastodon choice for your American muscle or hot-rod project. Brand: Mastodon Application: Ford Small Block (Windsor) Part No: MMR-58006-R"
"2475","MMR-58060","Mastodon SBC Valve Cover Gasket, Cork/Rubber","mastodon-sbc-valve-cover-gasket-cork-rubber","https://allamericanmuscle.co.za/product/mastodon-sbc-valve-cover-gasket-cork-rubber/","simple","350.00","350.00","350.00","no","yes","","Engines & Components","engines-components","https://allamericanmuscle.co.za/wp-content/uploads/2026/06/MMR7489-2.webp","SBC Valve Cover Gasket, Cork/Rubber – fits Small Block Chevy. SBC Valve Cover Gasket, Cork/Rubber. Provides a durable, leak-free seal and is made to meet…","SBC Valve Cover Gasket, Cork/Rubber. Provides a durable, leak-free seal and is made to meet or exceed OE specifications. Engineered to fit Small Block Chevy applications. Mastodon performance you can count on, shipped fast across South Africa. Brand: Mastodon Application: Small Block Chevy Part No: MMR-58060"
"2476","MMR-74026","Mastodon Intake Manifold Small Block Ford 302 V8 – Satin","mastodon-intake-manifold-small-block-ford-302-v8-satin","https://allamericanmuscle.co.za/product/mastodon-intake-manifold-small-block-ford-302-v8-satin/","simple","7112.11","7112.11","7112.11","no","yes","","Air & Fuel Delivery","air-fuel-delivery","https://allamericanmuscle.co.za/wp-content/uploads/2026/06/MMR74026.webp","Mastodon satin finish intake manifold specifically for Small Block Ford 302 V8 engines. Improves airflow and performance.","Enhance the performance of your Small Block Ford 302 V8 engine with the Mastodon Intake Manifold (MMR74026). Featuring a durable satin finish, this intake manifold is specifically designed to improve airflow and optimize fuel distribution for Ford’s iconic 302 cubic inch V8 engine. Whether you’re looking for increased horsepower and torque for street driving or mild performance applications, this Mastodon intake manifold offers a reliable upgrade. Its design ensures proper fitment and enhanced engine breathing for a range of SBF 302 setups. Key Features: Mastodon Performance Upgrade: Engineered to improve airflow and overall engine performance for SBF 302 V8 engines. Specifically for SBF 302 V8: Designed for optimal fitment and performance on Ford 302 cubic inch V8 engines. Durable Satin Finish: Provides a lasting and appealing look under the hood. Optimized Airflow Design: Enhances the volume and velocity of the air-fuel mixture entering the cylinders. Improved Fuel Distribution: Promotes more even fuel delivery for better combustion efficiency. Potential Horsepower and Torque Gains: Unlock the performance potential of your SBF 302. High-Quality Construction: Manufactured from premium materials for durability and longevity. Direct Bolt-On Installation: Designed for easy replacement of your factory intake manifold. Why Choose the Mastodon Intake Manifold for Your Small Block Ford 302 V8 in South Africa? If you’re in South Africa and seeking to improve the performance of your "
"2477","MMR-91611285-STN","Mastodon Intake Manifold, Dual Plane SBC, Alum","mastodon-intake-manifold-dual-plane-sbc-alum","https://allamericanmuscle.co.za/product/mastodon-intake-manifold-dual-plane-sbc-alum/","simple","8161.15","8161.15","8161.15","no","yes","","Engines & Components","engines-components","https://allamericanmuscle.co.za/wp-content/uploads/2026/06/MMBK-1108-2.webp","Intake Manifold, Dual Plane SBC, Alum – fits Small Block Chevy. Fit your build with the Intake Manifold, Dual Plane SBC, Alum. Distributes the air/fuel ch…","Fit your build with the Intake Manifold, Dual Plane SBC, Alum. Distributes the air/fuel charge evenly to the cylinders for strong throttle response and power. Engineered to fit Small Block Chevy applications. Backed by Mastodon and ideal for street and performance use. Brand: Mastodon Application: Small Block Chevy Part No: MMR-91611285-STN"
"2478","MMR-293","Mastodon Timing Chain Set HD Double Roller SBC","mastodon-timing-chain-set-hd-double-roller-sbc","https://allamericanmuscle.co.za/product/mastodon-timing-chain-set-hd-double-roller-sbc/","simple","1045.48","1045.48","1045.48","no","yes","","Engines & Components","engines-components","https://allamericanmuscle.co.za/wp-content/uploads/2026/06/RH-RON-293.webp","Heavy-duty Mastodon double roller timing chain set for Small Block Chevy (SBC) engines, ensuring superior strength, precision, and reliability.","Upgrade your Small Block Chevy (SBC) engine with the robust Mastodon HD Double Roller Timing Chain Set. This high-performance timing chain assembly ensures unparalleled strength and precision, crucial for maintaining accurate valve timing under all operating conditions. We engineer this heavy-duty double roller design to significantly reduce chain stretch and deflection compared to standard timing sets. Consequently, it provides superior durability and reliability, especially beneficial for high-performance or modified SBC engines. Installing this Mastodon timing chain set means you ultimately gain peace of mind, knowing your engine’s valvetrain operates with optimal synchronization and reduced risk of failure. This essential upgrade for any serious SBC build is readily available across South Africa. Key Features: Mastodon Quality: We manufacture this set for exceptional durability and precise performance. Heavy-Duty Double Roller Design: This design significantly enhances strength and reduces chain stretch. SBC Compatibility: Specifically designed to fit Small Block Chevy engines, ensuring a perfect fit. Accurate Valve Timing: It consistently maintains precise synchronization between crankshaft and camshaft. Increased Reliability: This set offers superior longevity, particularly in demanding applications. Improved Performance: By reducing timing variances, it contributes to more consistent engine power. Essential Engine Upgrade: A critical component for both performance buil"
"2479","MMR-12036","SS Braided Flex Kickdown Transmission Cable for Chrysler 904","ss-braided-flex-kickdown-transmission-cable-for-chrysler-904","https://allamericanmuscle.co.za/product/ss-braided-flex-kickdown-transmission-cable-for-chrysler-904/","simple","646.55","646.55","646.55","no","yes","","Transmission & Drivetrain","transmission-drivetrain","https://allamericanmuscle.co.za/wp-content/uploads/2026/06/MMSI-AT12036.avif","Flexible stainless steel braided Mastodon kickdown cable for Chrysler 904 automatic transmissions, ensuring precise shifting.","Ensure smooth, reliable, and precise kickdown operation for your Chrysler 904 automatic transmission with the Mastodon SS Braided Flex Kickdown Cable. This high-quality cable is specifically designed for Chrysler 904 transmissions, providing accurate activation of the kickdown function for optimal acceleration and passing power. The stainless steel braided outer layer offers exceptional strength, flexibility, and resistance to corrosion and wear, guaranteeing long-lasting and dependable performance. This flex cable design allows for easier routing and installation, especially in tight engine bays. It serves as a direct replacement for your original kickdown cable and is crucial for maintaining the responsiveness and overall performance of your 904 transmission. Get your SS Braided Flex Kickdown now! Key Features: Precise Kickdown Activation: Delivers accurate and smooth downshifting for enhanced performance. Durable Stainless Steel Braided Construction: Provides superior strength, flexibility, and excellent resistance to corrosion. Flexible Design: Allows for easier routing and installation in various engine bay configurations. Direct Replacement: Specifically designed for a direct fit with Chrysler 904 automatic transmissions. Enhanced Reliability: Ensures consistent and dependable kickdown operation. Improved Performance: Contributes to better vehicle responsiveness and drivability. Long-Lasting Durability: Built to withstand the demanding conditions of daily use. Essential"
"2480","MMR-3905-H-BK","Mastodon Billet Hood Hinges 64-66 Mustang","mastodon-billet-hood-hinges-64-66-mustang","https://allamericanmuscle.co.za/product/mastodon-billet-hood-hinges-64-66-mustang/","simple","7312.59","7312.59","7312.59","no","yes","","Exterior & Accessories","exterior-accessories","https://allamericanmuscle.co.za/wp-content/uploads/2026/06/100-3905-HINGE.webp","Premium Mastodon billet aluminium hood hinges for 1964-1966 Ford Mustangs, providing superior strength, smooth operation, and a custom, show-quality look.","Give the hood of your 1964-1966 Ford Mustang a premium upgrade in South Africa with these Mastodon Billet Hood Hinges. Precision-machined from strong billet aluminium, these hinges offer excellent durability, smooth operation, and a custom look that’s far superior to the factory hinges. Eliminate hood flex and ensure perfect alignment with this high-quality Mastodon part for your classic Mustang in SA. Key Features: Mastodon Quality: Engineered for lasting strength and style. Billet Aluminium Build: Offers superior strength, less weight, and resists rust. Smooth Operation: Makes opening and closing your hood effortless. Precise Alignment: Ensures your hood fits perfectly. Show-Ready Appearance: Adds a high-end, custom touch under the hood. Direct Fit: Designed for all 1964, 1965, and 1966 Ford Mustang models. Nationwide Delivery Across South Africa: We ship body parts across SA. Expert Support Available: Our team can help with any questions you have. Specifications: Application: 1964-1966 Ford Mustang Material: Billet Aluminium Brand: Mastodon Upgrade the style and functionality of your classic Mustang’s hood in South Africa with Mastodon Billet Hood Hinges! Order yours today! Why Choose Mastodon Billet Hood Hinges for Your 64-66 Mustang in South Africa? For Mustang enthusiasts in South Africa looking to enhance both the visual appeal and the functionality of their hood, these Mastodon billet hinges are an excellent choice. Frequently Asked Questions: Which Mustang years do t"
"2481","MMR-11124","Mastodon Coil Mount Bracket, Black","mastodon-coil-mount-bracket-black","https://allamericanmuscle.co.za/product/mastodon-coil-mount-bracket-black/","simple","350.00","350.00","350.00","no","yes","","Ignitions & Electrical","ignitions-electrical","https://allamericanmuscle.co.za/wp-content/uploads/2026/06/ado-12580353_dx_xl.webp","Coil Mount Bracket, Black. The Coil Mount Bracket, Black from All American Muscle. Locates the engine or driveline securely while damping vibration.Backed…","The Coil Mount Bracket, Black from All American Muscle. Locates the engine or driveline securely while damping vibration. Backed by Mastodon and ideal for street and performance use. Brand: Mastodon Part No: MMR-11124"
"2482","MMR-11216","Mastodon Coil Mount Bracket, Chrome","mastodon-coil-mount-bracket-chrome","https://allamericanmuscle.co.za/product/mastodon-coil-mount-bracket-chrome/","simple","350.00","350.00","350.00","no","yes","","Ignitions & Electrical","ignitions-electrical","https://allamericanmuscle.co.za/wp-content/uploads/2026/06/MMSI-AT25025-1.webp","Coil Mount Bracket, Chrome. Fit your build with the Coil Mount Bracket, Chrome. Locates the engine or driveline securely while damping vibration.A reliabl…","Fit your build with the Coil Mount Bracket, Chrome. Locates the engine or driveline securely while damping vibration. A reliable Mastodon choice for your American muscle or hot-rod project. Brand: Mastodon Part No: MMR-11216"
"2483","MMR-11261","Mastodon LS Vent Tube Bypass Seal Gasket (LS Swap)","mastodon-ls-vent-tube-bypass-seal-gasket-ls-swap","https://allamericanmuscle.co.za/product/mastodon-ls-vent-tube-bypass-seal-gasket-ls-swap/","simple","232.55","232.55","232.55","no","yes","","Gaskets & Seals","gaskets-seals","https://allamericanmuscle.co.za/wp-content/uploads/2026/06/SI-AT11261.webp","Simplify your LS swap and eliminate clearance issues with the Mastodon LS Vent Tube Bypass Seal Gasket. This high-temp seal blocks the factory valley cover vent. It ensures a clean, leak-free seal for custom intakes.","You can streamline your engine bay and ensure a perfect seal on your valley cover with the Mastodon LS Vent Tube Bypass Seal Gasket. This specialized seal is an essential piece for LS engine swaps. Engineers designed it to perfectly seal the front-mounted vent passage on earlier LS valley covers. Consequently, you eliminate the clearance issues that the bulky factory tube often creates with low-cowl vehicles or custom intake manifolds. This is a vital component for you if you plan to simplify your PCV plumbing or run a clean engine aesthetic. As a trusted supplier in Alberton, Gauteng, we deliver top-tier swap components across South Africa. Key Features LS Swap Specific: We designed it for use on Gen III and Gen IV LS engines. This addresses the common need to bypass or delete the original valley cover breather port. Precision Sealing: The gasket provides a perfect, leak-free seal directly to the valley cover. This ensures reliable crankcase pressure management without vacuum leaks. High-Temp Gasket Material: Manufacturers use a high-density, fuel-resistant elastomer. This material ensures the seal resists hardening and shrinking under extreme engine heat. Simplifies Plumbing: Using this bypass seal allows you to remove the bulky factory vent tube entirely. This cleans up the top of the engine dramatically. Ideal for Custom Intakes: It provides the necessary clearance for many aftermarket intake manifolds. Furthermore, it assists with fitting the engine into tight chassis ap"
"2484","MMR-3016","Mastodon Steering Column Joint","mastodon-steering-column-joint","https://allamericanmuscle.co.za/product/mastodon-steering-column-joint/","simple","778.60","778.60","778.60","no","yes","","Chassis & Suspension","chassis-suspension","https://allamericanmuscle.co.za/wp-content/uploads/2026/06/uJoint.webp","Steering column joint connecting shaft sections and allowing the steering to turn through an angle.","Upgrade with the Steering Column Joint. Connects two sections of steering shaft and allows the steering to turn through an angle, keeping the movement tight and free of play. Genuine Mastodon quality, in stock and ready to ship. Brand: Mastodon Part No: MMR-3016"
"2485","MMR-45006","Round 3/4″ Steering Shaft Support Heim Joint Mastodon","round-3-4-steering-shaft-support-heim-joint-mastodon","https://allamericanmuscle.co.za/product/round-3-4-steering-shaft-support-heim-joint-mastodon/","simple","455.70","455.70","455.70","no","yes","","Chassis & Suspension","chassis-suspension","https://allamericanmuscle.co.za/wp-content/uploads/2026/06/MMSI-AT45006.webp","Durable Mastodon universal steering shaft support bracket for 3/4 inch round shafts, minimizing flex and vibration for improved steering.","You can achieve a more precise and responsive steering feel with the Mastodon Round 3/4″ Steering Shaft Support Heim Joint / Rod End. We designed this component to provide you with crucial support for your steering shaft. This eliminates excessive play and slop. Consequently, it ensures smoother and more accurate steering. We crafted this Heim joint from high-quality materials. Therefore, it provides you with the durability and strength required for performance applications. It is an essential component for custom builds, race cars, or anyone looking to upgrade their steering system for greater control and safety. Get your Mastodon Round 3/4″ Steering Shaft Support Heim Joint now! Key Features Heim Joint / Rod End Design: It provides smooth, low-friction movement for your steering shaft. 3/4-Inch ID: It is sized for a precise fit on standard 3/4-inch round steering shafts. Eliminates Play: It helps to remove unwanted slop from your steering system. Durable Construction: We made it from strong, quality materials for long-lasting reliability. Versatile Application: We designed it for you to use in various custom steering setups. Why Choose the Mastodon Steering Shaft Support in South Africa? If you are building a custom hot rod or race car in South Africa, you must use high-quality steering components. In fact, your steering system is critical for both performance and safety. Furthermore, this Mastodon Heim joint offers a reliable and robust solution for supporting your steerin"
"2486","MMR-45321","65000 Volt HEI Distributor Ignition Coil Mastodon","65000-volt-hei-distributor-ignition-coil-mastodon","https://allamericanmuscle.co.za/product/65000-volt-hei-distributor-ignition-coil-mastodon/","simple","402.02","402.02","402.02","no","no","0","Ignitions & Electrical","ignitions-electrical","https://allamericanmuscle.co.za/wp-content/uploads/2026/06/MM45321.webp","High-output Mastodon 65000 volt ignition coil for HEI distributors, delivering improved engine performance and throttle response.","Upgrade your ignition system with the high-performance Mastodon 65000 Volt HEI Distributor Ignition Coil. We designed this coil to deliver a powerful spark. This ensures efficient combustion, which leads to improved engine performance, a smoother idle, and enhanced throttle response. We consider this Mastodon coil ideal for a variety of applications that use HEI (High Energy Ignition) distributors. Furthermore, it offers reliable power and durability. Get your Mastodon 65000 Volt HEI Distributor Ignition Coil now! Key Features 65000 Volt Output: It provides a strong and consistent spark for optimal combustion. HEI Distributor Compatible: We designed it for you as a direct replacement in HEI distributor systems. Improved Engine Performance: It enhances power, torque, and overall drivability. Smoother Idle: It contributes to a more stable and consistent engine idle. Enhanced Throttle Response: It delivers quicker and more precise acceleration. Durable Construction: We built it to withstand high engine temperatures and demanding conditions. Why Choose the Mastodon 65000 Volt HEI Coil in South Africa? If you’re in South Africa and looking for a significant and reliable upgrade for your ignition system, the Mastodon 65000 Volt HEI Distributor Ignition Coil is an excellent choice. In fact, a stronger spark means a more complete burn of the air-fuel mixture. Consequently, you get better performance and efficiency. Ultimately, this simple upgrade can make a noticeable difference in h"
"2487","MMR-49012","Mastodon Ford SBF Fuel Pump","mastodon-ford-sbf-fuel-pump","https://allamericanmuscle.co.za/product/mastodon-ford-sbf-fuel-pump/","simple","969.83","969.83","969.83","no","yes","","Air & Fuel Delivery","air-fuel-delivery","https://allamericanmuscle.co.za/wp-content/uploads/2026/06/Mastodon-Windsor-Mechanical-Fuel-Pump-6-PSI-SBF-22.webp","The MMSI-AT49012 Mastodon Mechanical Fuel Pump delivers a consistent 6 PSI for Ford SBF Windsor engines, ensuring reliable fuel delivery for stock and mild performance carbureted applications.","Ensure consistent and reliable fuel delivery for your Ford Small Block Windsor (SBF) engine with the Mastodon Ford SBF Fuel Pump SA. Specifically engineered for popular Windsor-series engines, including the 289, 302, and 351W variants, this mechanical pump actively delivers a steady 6 PSI (Pounds Per Square Inch) of fuel pressure. Consequently, it provides the ideal pressure and flow rate for most stock and mild-performance carbureted applications, ensuring optimal engine response and efficiency for your Ford SBF. Furthermore, this Mastodon Ford SBF fuel pump mounts directly to the engine block, utilizing a dependable, cam-driven operation. Indeed, its robust construction resists wear and ensures a long service life, even under daily driving conditions. Moreover, it serves as an excellent direct replacement for a worn-out original equipment (OE) pump or a reliable upgrade for engines with slightly increased fuel demands. Ultimately, securing a consistent 6 PSI fuel supply helps prevent fuel starvation and maintains the peak performance of your valuable Ford Windsor engine. This essential component is readily available for enthusiasts and workshops across South Africa. Key Features: Mastodon Quality: Reliable components ensure consistent and durable performance. Optimal Fuel Pressure: Actively delivers a steady 6 PSI, ideal for carbureted SBF Windsor engines. Mechanical Operation: Provides reliable, consistent fuel delivery directly from the engine’s camshaft. Designed for For"
"2488","MMR-49014","Mastodon Mechanical Fuel Pump 6 PSI BBF 429/460","mastodon-mechanical-fuel-pump-6-psi-bbf-429-460","https://allamericanmuscle.co.za/product/mastodon-mechanical-fuel-pump-6-psi-bbf-429-460/","simple","856.53","856.53","856.53","no","yes","","Air & Fuel Delivery","air-fuel-delivery","https://allamericanmuscle.co.za/wp-content/uploads/2026/06/MMSI-AT49014.webp","Dependable Mastodon mechanical fuel pump delivering 6 PSI for Big Block Ford (BBF) 429/460 V8 engines.","You can ensure a reliable fuel supply for your Big Block Ford (BBF) V8 engine (429 or 460 cubic inches) with the Mastodon Mechanical Fuel Pump. This high-quality pump delivers about 6 PSI (pounds per square inch). This makes it ideal for stock to mild performance on your BBF engine. Mechanical fuel pumps offer a simple, dependable way to supply fuel to carbureted engines without complex electrical parts. This Mastodon fuel pump directly replaces many factory BBF mechanical fuel pumps, so installation and fitment are easy. We built this pump with durable materials, so it provides long-lasting performance and reliable fuel delivery for your classic or performance Big Block Ford V8 engine. Get your Mechanical fuel pump 6 PSI now! Key Features: Mastodon Quality: We engineer it for reliable and consistent fuel delivery. 6 PSI Output: It’s ideal for stock to mild performance BBF 429/460 V8 engines. Direct Replacement: It fits many BBF 429 and 460 V8 engines. Mechanical Operation: It provides simple and dependable fuel delivery. No Electrical Components Required: It eliminates wiring complexities. Durable Construction: We built it for long-lasting performance. Ensures Proper Fuel Supply: It’s crucial for optimal engine operation. Ideal for Carbureted Engines: We specifically designed it for these fuel systems. Why Choose the Mastodon Mechanical Fuel Pump 6 PSI for Your BBF 429/460 in South Africa? If you have a carbureted Big Block Ford V8 engine (429 or 460 CI) in South Africa, and"
"2489","MMR-8859","Mastodon SBC Lower Triple Groove Pulley For Long W","mastodon-sbc-lower-triple-groove-pulley-for-long-w","https://allamericanmuscle.co.za/product/mastodon-sbc-lower-triple-groove-pulley-for-long-w/","simple","837.37","837.37","837.37","no","no","0","Engines & Components","engines-components","https://allamericanmuscle.co.za/wp-content/uploads/2026/06/MMR8859-1.webp","SBC Lower Triple Groove Pulley For Long W – fits Small Block Chevy. Upgrade with the SBC Lower Triple Groove Pulley For Long W. Maintains correct drive-be…","Upgrade with the SBC Lower Triple Groove Pulley For Long W. Maintains correct drive-belt alignment and turns the engine accessories smoothly. Engineered to fit Small Block Chevy applications. Backed by Mastodon and ideal for street and performance use. Brand: Mastodon Application: Small Block Chevy Part No: MMR-8859"
"2490","MMR-91611285-RAW","Mastodon Intake Manifold, SBC, Dual Plane, Black","mastodon-intake-manifold-sbc-dual-plane-black","https://allamericanmuscle.co.za/product/mastodon-intake-manifold-sbc-dual-plane-black/","simple","5917.13","5917.13","5917.13","no","yes","","Engines & Components","engines-components","https://allamericanmuscle.co.za/wp-content/uploads/2026/06/MMBK-1108-3.webp","Intake Manifold, SBC, Dual Plane, Black – fits Small Block Chevy. Intake Manifold, SBC, Dual Plane, Black. Distributes the air/fuel charge evenly to the c…","Intake Manifold, SBC, Dual Plane, Black. Distributes the air/fuel charge evenly to the cylinders for strong throttle response and power. Engineered to fit Small Block Chevy applications. A reliable Mastodon choice for your American muscle or hot-rod project. Brand: Mastodon Application: Small Block Chevy Part No: MMR-91611285-RAW"
"2491","MMR-TH-400-G","Mastodon TH400 Sump Gasket GM Trans Cork","mastodon-th400-sump-gasket-gm-trans-cork","https://allamericanmuscle.co.za/product/mastodon-th400-sump-gasket-gm-trans-cork/","simple","80.00","80.00","80.00","no","yes","","Gaskets & Seals","gaskets-seals","https://allamericanmuscle.co.za/wp-content/uploads/2026/06/ado-8655625_xl.webp","TH400 Sump Gasket GM Trans Cork – fits GM TH400. The TH400 Sump Gasket GM Trans Cork from All American Muscle. Provides a durable, leak-free seal and is m…","The TH400 Sump Gasket GM Trans Cork from All American Muscle. Provides a durable, leak-free seal and is made to meet or exceed OE specifications. Engineered to fit GM TH400 applications. Mastodon performance you can count on, shipped fast across South Africa. Brand: Mastodon Application: GM TH400 Part No: MMR-TH-400-G"
"2492","MMR-25128","Mastodon Transmission Band, 4L60E, 4L65E","mastodon-transmission-band-4l60e-4l65e","https://allamericanmuscle.co.za/product/mastodon-transmission-band-4l60e-4l65e/","simple","580.18","580.18","580.18","no","yes","","Transmission & Drivetrain","transmission-drivetrain","","Transmission Band, 4L60E, 4L65E – fits GM 4L60E. Fit your build with the Transmission Band, 4L60E, 4L65E. A quality driveline/transmission component for s…","Fit your build with the Transmission Band, 4L60E, 4L65E. A quality driveline/transmission component for smooth, reliable operation. Engineered to fit GM 4L60E applications. Genuine Mastodon quality, in stock and ready to ship. Brand: Mastodon Application: GM 4L60E Part No: MMR-25128"
"2493","MMR-DL-870","Mastodon Central Door Lock Kit, 2 Door","mastodon-central-door-lock-kit-2-door","https://allamericanmuscle.co.za/product/mastodon-central-door-lock-kit-2-door/","simple","608.79","608.79","608.79","no","no","0","Interior & Accessories","interior-accessories","https://allamericanmuscle.co.za/wp-content/uploads/2026/06/91069205_L1600_bda9b6b8-2f07-4339-aada-4be55144664c.webp","Central Door Lock Kit, 2 Door. Shop the Central Door Lock Kit, 2 Door at All American Muscle. A quality interior/electrical component to finish your build…","Shop the Central Door Lock Kit, 2 Door at All American Muscle. A quality interior/electrical component to finish your build. Backed by Mastodon and ideal for street and performance use. Brand: Mastodon Part No: MMR-DL-870"
"2494","MMR-DL*890","Mastodon Trunk Opener Kit","mastodon-trunk-opener-kit","https://allamericanmuscle.co.za/product/mastodon-trunk-opener-kit/","simple","551.71","551.71","551.71","no","yes","","Interior & Accessories","interior-accessories","https://allamericanmuscle.co.za/wp-content/uploads/2026/06/49101200_L1450_580841e1-c202-45d8-9d1b-539d2dbb81ba.webp","Trunk Opener Kit. Upgrade with the Trunk Opener Kit. A quality exterior/body component for a clean, finished look.A reliable Mastodon choice for your Amer…","Upgrade with the Trunk Opener Kit. A quality exterior/body component for a clean, finished look. A reliable Mastodon choice for your American muscle or hot-rod project. Brand: Mastodon Part No: MMR-DL*890"
"2495","MMR-1571","Mastodon Cooling Fan, Mechanical, 6 Blades","mastodon-cooling-fan-mechanical-6-blades","https://allamericanmuscle.co.za/product/mastodon-cooling-fan-mechanical-6-blades/","simple","1699.72","1699.72","1699.72","no","no","0","Cooling & Heating","cooling-heating","https://allamericanmuscle.co.za/wp-content/uploads/2026/06/aaf-all30100_xl.webp","Cooling Fan, Mechanical, 6 Blades. Cooling Fan, Mechanical, 6 Blades. Pulls plenty of air through the radiator for strong cooling at idle and low speed.Ma…","Cooling Fan, Mechanical, 6 Blades. Pulls plenty of air through the radiator for strong cooling at idle and low speed. Mastodon performance you can count on, shipped fast across South Africa. Brand: Mastodon Part No: MMR-1571"
"2496","MMR-1004","Mastodon Throttle Body, Spacer/ Adapter, 92Mm Blac","mastodon-throttle-body-spacer-adapter-92mm-blac","https://allamericanmuscle.co.za/product/mastodon-throttle-body-spacer-adapter-92mm-blac/","simple","696.21","696.21","696.21","no","yes","","Air & Fuel Delivery","air-fuel-delivery","https://allamericanmuscle.co.za/wp-content/uploads/2026/06/826551513_L1600_d89a333d-c28f-4f7f-a853-d582f0cf6698.webp","Throttle Body, Spacer/ Adapter, 92Mm Blac. The Throttle Body, Spacer/ Adapter, 92Mm Blac from All American Muscle. Controls airflow into the engine for sm…","The Throttle Body, Spacer/ Adapter, 92Mm Blac from All American Muscle. Controls airflow into the engine for smooth, responsive throttle. Genuine Mastodon quality, in stock and ready to ship. Brand: Mastodon Part No: MMR-1004"
"2497","MMR-11364","Mastodon Carburetor Carb Studs Kit/Set, 5/16″ X 1-","mastodon-carburetor-carb-studs-kit-set-5-16-x-1","https://allamericanmuscle.co.za/product/mastodon-carburetor-carb-studs-kit-set-5-16-x-1/","simple","280.00","280.00","280.00","no","yes","","Air & Fuel Delivery","air-fuel-delivery","https://allamericanmuscle.co.za/wp-content/uploads/2026/06/edl-8008_en_xl.webp","5/16"" carburettor mounting stud kit with nuts and washers.","Fit your build with the Carburetor Carb Studs Kit/Set, 5/16"". A set of 5/16"" carburettor mounting studs with nuts and washers, for bolting the carburettor down to the intake manifold squarely and evenly. Backed by Mastodon and ideal for street and performance use. Brand: Mastodon Part No: MMR-11364"
"2498","MMR-11367","Mastodon 5/16 Carb Mounting Kit SBC SBF","mastodon-5-16-carb-mounting-kit-sbc-sbf","https://allamericanmuscle.co.za/product/mastodon-5-16-carb-mounting-kit-sbc-sbf/","simple","280.00","280.00","280.00","no","yes","","Air & Fuel Delivery","air-fuel-delivery","https://allamericanmuscle.co.za/wp-content/uploads/2026/06/edl-8008_en_xl-1.webp","5/16"" carburettor mounting stud kit for Small Block Chevy and Small Block Ford manifolds.","Shop the 5/16 Carb Mounting Kit SBC SBF at All American Muscle. A 5/16"" carburettor mounting kit — the studs, washers and nuts you need to bolt a 4-barrel carburettor down to the intake manifold. Suits Small Block Chevy and Small Block Ford manifolds. Engineered to fit Small Block Chevy and Small Block Ford applications. A reliable Mastodon choice for your American muscle or hot-rod project. Brand: Mastodon Application: Small Block Chevy / Small Block Ford Part No: MMR-11367"
"2499","MMR-28082","Mastodon GM Hydroboost Repair Kit 2771004","mastodon-gm-hydroboost-repair-kit-2771004","https://allamericanmuscle.co.za/product/mastodon-gm-hydroboost-repair-kit-2771004/","simple","430.56","430.56","430.56","no","no","0","Gaskets & Seals","gaskets-seals","https://allamericanmuscle.co.za/wp-content/uploads/2026/06/MMSI-AT28082.webp","High-quality Mastodon repair kit for GM hydroboost units with part number 2771004, resolving leaks and restoring braking performance.","Restore the optimal performance and reliability of your General Motors hydroboost system with the Mastodon GM Hydroboost Repair Kit 2771004. This comprehensive kit is designed to address common issues such as leaks, noise, and stiff steering, ensuring your braking system operates smoothly and safely. Manufactured by Mastodon, a trusted name in automotive components, this repair kit offers a cost-effective alternative to replacing the entire hydroboost unit. It includes high-quality seals and components engineered for a precise fit and long-lasting durability. Key Features: Mastodon Quality: Manufactured to high standards for reliable performance. Direct Fit: Specifically designed for GM hydroboost units with part number 2771004. Comprehensive Kit: Contains all necessary seals and components for a complete repair. Restores Performance: Eliminates leaks, noise, and steering issues related to a faulty hydroboost. Cost-Effective Solution: Saves money compared to a full hydroboost replacement. Durable Components: Made from quality materials to ensure longevity. Essential for Brake System Maintenance: Helps maintain the safety and efficiency of your vehicle’s brakes. Why Choose the Mastodon GM Hydroboost Repair Kit in South Africa? If you’re experiencing problems with your GM hydroboost system in South Africa and need a reliable and affordable solution, this Mastodon repair kit is an excellent choice. It provides all the necessary parts to effectively restore your power-assisted br"
"2500","MMR-32010-BK","Mastodon Water Neck, SBC BBC","mastodon-water-neck-sbc-bbc","https://allamericanmuscle.co.za/product/mastodon-water-neck-sbc-bbc/","simple","425.75","425.75","425.75","no","yes","","Cooling & Heating","cooling-heating","https://allamericanmuscle.co.za/wp-content/uploads/2026/06/sum-370980_eh_xl-1.webp","Water Neck, SBC BBC – fits Small Block Chevy. Water Neck, SBC BBC. Routes coolant from the engine with a clean, leak-free connection.Engineered to fit Sma…","Water Neck, SBC BBC. Routes coolant from the engine with a clean, leak-free connection. Engineered to fit Small Block Chevy applications. Genuine Mastodon quality, in stock and ready to ship. Brand: Mastodon Application: Small Block Chevy Part No: MMR-32010-BK"
"2501","MMR-58005","Mastodon BBC Steel Core Rubber Valve Cover Gasket","mastodon-bbc-steel-core-rubber-valve-cover-gasket","https://allamericanmuscle.co.za/product/mastodon-bbc-steel-core-rubber-valve-cover-gasket/","simple","323.29","323.29","323.29","no","yes","","Gaskets & Seals","gaskets-seals","https://allamericanmuscle.co.za/wp-content/uploads/2026/06/VS-30055-R-3.webp","BBC Steel Core Rubber Valve Cover Gasket – fits Big Block Chevy. The BBC Steel Core Rubber Valve Cover Gasket from All American Muscle. Provides a durable…","The BBC Steel Core Rubber Valve Cover Gasket from All American Muscle. Provides a durable, leak-free seal and is made to meet or exceed OE specifications. Engineered to fit Big Block Chevy applications. Backed by Mastodon and ideal for street and performance use. Brand: Mastodon Application: Big Block Chevy Part No: MMR-58005"
"2502","MMR-5044","Mastodon Fuel Tank Cap BLACK","mastodon-fuel-tank-cap-black","https://allamericanmuscle.co.za/product/mastodon-fuel-tank-cap-black/","simple","1218.38","1218.38","1218.38","no","yes","","Air & Fuel Delivery","air-fuel-delivery","https://allamericanmuscle.co.za/wp-content/uploads/2026/06/ppx-29001100_xl.webp","Fuel Tank Cap BLACK. Fit your build with the Fuel Tank Cap BLACK. A quality fuel-system/throttle component for smooth, reliable operation.A reliable Masto…","Fit your build with the Fuel Tank Cap BLACK. A quality fuel-system/throttle component for smooth, reliable operation. A reliable Mastodon choice for your American muscle or hot-rod project. Brand: Mastodon Part No: MMR-5044"
"2503","MMR-TH350-S","Mastodon Tail Housing Seal TH350 Gearbox","mastodon-tail-housing-seal-th350-gearbox","https://allamericanmuscle.co.za/product/mastodon-tail-housing-seal-th350-gearbox/","simple","201.83","201.83","201.83","no","no","0","Transmission & Drivetrain","transmission-drivetrain","https://allamericanmuscle.co.za/wp-content/uploads/2026/06/sum-705413_zc_xl.webp","Tail Housing Seal TH350 Gearbox – fits GM TH350. Shop the Tail Housing Seal TH350 Gearbox at All American Muscle. Provides a durable, leak-free seal and i…","Shop the Tail Housing Seal TH350 Gearbox at All American Muscle. Provides a durable, leak-free seal and is made to meet or exceed OE specifications. Engineered to fit GM TH350 applications. Mastodon performance you can count on, shipped fast across South Africa. Brand: Mastodon Application: GM TH350 Part No: MMR-TH350-S"
"2504","MMR-11202","Mastodon Sbc Bronze Dist Gear 500","mastodon-sbc-bronze-dist-gear-500%c2%80%c2%9d","https://allamericanmuscle.co.za/product/mastodon-sbc-bronze-dist-gear-500%c2%80%c2%9d/","simple","622.30","622.30","622.30","no","yes","","Engines & Components","engines-components","https://allamericanmuscle.co.za/wp-content/uploads/2026/06/msd-8585_rb.webp","Sbc Bronze Dist Gear 500 – fits Small Block Chevy. Upgrade with the Sbc Bronze Dist Gear 500. A quality piece for classic American muscle-car and…","Upgrade with the Sbc Bronze Dist Gear 500. A quality piece for classic American muscle-car and hot-rod builds. Engineered to fit Small Block Chevy applications. Genuine Mastodon quality, in stock and ready to ship. Brand: Mastodon Application: Small Block Chevy Part No: MMR-11202"
"2505","MMR-20050-R","Mastodon Air Cleaner Element Filter 12″x 2″ Oval R","mastodon-air-cleaner-element-filter-12x-2-oval-r","https://allamericanmuscle.co.za/product/mastodon-air-cleaner-element-filter-12x-2-oval-r/","simple","500.00","500.00","500.00","no","yes","","Air & Fuel Delivery","air-fuel-delivery","https://allamericanmuscle.co.za/wp-content/uploads/2026/06/MMR7101-1.webp","Air Cleaner Element Filter 12″x 2″ Oval R. Air Cleaner Element Filter 12″x 2″ Oval R. Protects the engine by filtering intake air while allowing strong ai…","Air Cleaner Element Filter 12″x 2″ Oval R. Protects the engine by filtering intake air while allowing strong airflow. Backed by Mastodon and ideal for street and performance use. Brand: Mastodon Part No: MMR-20050-R"
"2506","MMR-39039","Mastodon Chevy Th350 Chrome Steel Dipstick Transmi","mastodon-chevy-th350-chrome-steel-dipstick-transmi","https://allamericanmuscle.co.za/product/mastodon-chevy-th350-chrome-steel-dipstick-transmi/","simple","430.84","430.84","430.84","no","yes","","Transmission & Drivetrain","transmission-drivetrain","https://allamericanmuscle.co.za/wp-content/uploads/2026/06/MMSI-AT39027-1.webp","Chevy Th350 Chrome Steel Dipstick Transmi – fits GM TH350. The Chevy Th350 Chrome Steel Dipstick Transmi from All American Muscle. Keeps the lubrication s…","The Chevy Th350 Chrome Steel Dipstick Transmi from All American Muscle. Keeps the lubrication system working reliably to protect the engine’s moving parts. Engineered to fit GM TH350 applications. A reliable Mastodon choice for your American muscle or hot-rod project. Brand: Mastodon Application: GM TH350 Part No: MMR-39039"
"2507","MMR-225","Mastodon Engine Oil Dipstick Flexible SS","mastodon-engine-oil-dipstick-flexible-ss","https://allamericanmuscle.co.za/product/mastodon-engine-oil-dipstick-flexible-ss/","simple","912.13","912.13","912.13","no","no","0","Engines & Components","engines-components","https://allamericanmuscle.co.za/wp-content/uploads/2026/06/RH-RON-225.webp","Flexible stainless steel engine oil dipstick from Mastodon, providing accurate oil level readings and a sleek custom look for your engine.","Get accurate engine oil level readings and furthermore, add a sleek custom touch to your engine bay with the Mastodon Flexible Stainless Steel Engine Oil Dipstick. This high-quality dipstick features a durable braided stainless steel outer casing and also a flexible inner cable. Consequently, its pliable design allows for remarkably easy routing in cramped engine compartments where rigid dipsticks might otherwise prove difficult to install or indeed prone to bending. The Mastodon SS dipstick actively ensures precise oil level measurement; therefore, this remains crucial for your engine’s health and longevity. Additionally, its polished finish truly enhances under-hood aesthetics. Ultimately, this represents a vital component for proper engine maintenance, readily available across South Africa. Key Features: Mastodon Quality: Manufactured for precision, durability, and reliable performance. Flexible Stainless Steel Design: Allows for easy routing and installation in tight engine bays. Accurate Oil Level Readings: Ensures precise measurement for optimal engine health. Durable Construction: Braided stainless steel outer casing and robust inner cable for longevity. Prevents Kinking: Flexible nature reduces the risk of damage during installation or use. Enhances Engine Bay Aesthetics: Adds a custom, high-performance look under the hood. Essential for Maintenance: Crucial for monitoring engine oil levels to prevent damage. Nationwide Delivery Across South Africa: We ship essential "
"2508","MMR-39038","Mastodon C4 Chrome Steel Transmission Dipstick","mastodon-c4-chrome-steel-transmission-dipstick","https://allamericanmuscle.co.za/product/mastodon-c4-chrome-steel-transmission-dipstick/","simple","408.31","408.31","408.31","no","yes","","Transmission & Drivetrain","transmission-drivetrain","https://allamericanmuscle.co.za/wp-content/uploads/2026/06/MMSI-AT39027-2.webp","C4 Chrome Steel Transmission Dipstick – fits Ford C4. Shop the C4 Chrome Steel Transmission Dipstick at All American Muscle. Keeps the lubrication system…","Shop the C4 Chrome Steel Transmission Dipstick at All American Muscle. Keeps the lubrication system working reliably to protect the engine’s moving parts. Engineered to fit Ford C4 applications. Genuine Mastodon quality, in stock and ready to ship. Brand: Mastodon Application: Ford C4 Part No: MMR-39038"
"2509","MMR-8607","Mastodon GM TH350 Floor Mount Shifter Kit","mastodon-gm-th350-floor-mount-shifter-kit","https://allamericanmuscle.co.za/product/mastodon-gm-th350-floor-mount-shifter-kit/","simple","5760.00","5760.00","5760.00","no","yes","","Interior & Accessories","interior-accessories","https://allamericanmuscle.co.za/wp-content/uploads/2026/06/9165000_L1600_bbc5bf6b-ac5a-4e57-b6c1-1729d8ba0c52.webp","GM TH350 Floor Mount Shifter Kit – fits GM TH350. Upgrade with the GM TH350 Floor Mount Shifter Kit. Locates the engine or driveline securely while dampin…","Upgrade with the GM TH350 Floor Mount Shifter Kit. Locates the engine or driveline securely while damping vibration. Engineered to fit GM TH350 applications. Backed by Mastodon and ideal for street and performance use. Brand: Mastodon Application: GM TH350 Part No: MMR-8607"
"2510","MMR-89002","Mastodon SBC Hydraulic Roller Lifters Link Bar","mastodon-sbc-hydraulic-roller-lifters-link-bar","https://allamericanmuscle.co.za/product/mastodon-sbc-hydraulic-roller-lifters-link-bar/","simple","9990.00","9990.00","9990.00","no","yes","","Engines & Components","engines-components","https://allamericanmuscle.co.za/wp-content/uploads/2026/06/sum-150132-4_xl.webp","SBC Hydraulic Roller Lifters Link Bar – fits Small Block Chevy. SBC Hydraulic Roller Lifters Link Bar. A quality valvetrain component built for dependable…","SBC Hydraulic Roller Lifters Link Bar. A quality valvetrain component built for dependable, high-rpm performance. Engineered to fit Small Block Chevy applications. A reliable Mastodon choice for your American muscle or hot-rod project. Brand: Mastodon Application: Small Block Chevy Part No: MMR-89002"
"2511","MMR-3302","Mastodon Ignition Switch Panel Type B Carbon Fibre","mastodon-ignition-switch-panel-type-b-carbon-fibre","https://allamericanmuscle.co.za/product/mastodon-ignition-switch-panel-type-b-carbon-fibre/","simple","1011.07","1011.07","1011.07","no","yes","","Ignitions & Electrical","ignitions-electrical","","Carbon-fibre-finish dash panel (Type B) carrying the ignition switch and starter controls.","The Ignition Switch Panel Type B Carbon Fibre from All American Muscle. A carbon-fibre-finish dash plate that carries the ignition switch and starter controls in one tidy panel — a clean, race-inspired way to wire up a custom, hot rod or track-day build. Mastodon performance you can count on, shipped fast across South Africa. Brand: Mastodon Part No: MMR-3302"
"2512","MMR-25025","Mastodon Chrome Low Mount Alternator Bracket SBC","mastodon-chrome-low-mount-alternator-bracket-sbc","https://allamericanmuscle.co.za/product/mastodon-chrome-low-mount-alternator-bracket-sbc/","simple","646.55","646.55","646.55","no","yes","","Engines & Components","engines-components","https://allamericanmuscle.co.za/wp-content/uploads/2026/06/MMSI-AT25025.webp","Chrome Mastodon low mount alternator bracket for a sleek, custom look on Small Block Chevy (SBC) engines.","Give your Small Block Chevy (SBC) engine a sleek, low-profile look while securely mounting your alternator with the Mastodon Chrome Low Mount Alternator Bracket. This high-quality bracket positions the alternator lower on the engine block, providing a cleaner and more streamlined appearance. The chrome-plated finish adds a brilliant shine to your engine bay, perfect for custom builds and show cars. Constructed from durable materials, this bracket ensures proper alternator alignment and belt tension, contributing to reliable charging performance. Designed specifically for SBC engines, this low mount bracket offers a precise fit and includes the necessary hardware for easy installation. Key Features: Designed for Small Block Chevy (SBC): Ensures a perfect fit on popular SBC engines. Low Mount Design: Provides a sleek, lower profile for a cleaner engine bay appearance. Chrome-Plated Finish: Adds a high-shine, show-quality look. Durable Construction: Built from strong materials for long-lasting performance. Ensures Proper Alternator Alignment: Contributes to optimal belt wear and charging. Provides Secure Mounting: Keeps the alternator stable and prevents unwanted movement. Easy Installation: Includes necessary mounting hardware for a straightforward setup. Enhances Engine Aesthetics: Significantly improves the visual appeal of your engine compartment. Why Choose the Mastodon Chrome Low Mount Alternator Bracket for SBC in South Africa? If you’re aiming for a custom, low-profile l"
"2513","MMR-25103","Mastodon, 1 Single Groove Upper Pulley","mastodon-1-single-groove-upper-pulley","https://allamericanmuscle.co.za/product/mastodon-1-single-groove-upper-pulley/","simple","890.20","890.20","890.20","no","no","0","Chassis & Suspension","chassis-suspension","https://allamericanmuscle.co.za/wp-content/uploads/2026/06/MMR8854-1.webp","Mastodon, 1 Single Groove Upper Pulley. Shop the Mastodon, 1 Single Groove Upper Pulley at All American Muscle. Maintains correct drive-belt alignment and…","Shop the Mastodon, 1 Single Groove Upper Pulley at All American Muscle. Maintains correct drive-belt alignment and turns the engine accessories smoothly. Backed by Mastodon and ideal for street and performance use. Brand: Mastodon Part No: MMR-25103"
"2514","MMR-38023","Mastodon High-Performance Plug Wires 8mm Ceramic 180-Deg","mastodon-high-performance-plug-wires-8mm-ceramic-180-deg","https://allamericanmuscle.co.za/product/mastodon-high-performance-plug-wires-8mm-ceramic-180-deg/","simple","1993.23","1993.23","1993.23","no","yes","","Ignitions & Electrical","ignitions-electrical","https://allamericanmuscle.co.za/wp-content/uploads/2026/06/SI-AT38023.webp","Ensure maximum spark delivery in high-heat engines with the Mastodon 8mm Spiral Core Plug Wires. They feature durable 180-degree ceramic boots. This provides the ultimate protection against header heat.","You can ensure maximum spark delivery and extreme heat protection with the Mastodon High-Performance Plug Wires. These premium wires feature an 8mm spiral core conductor. They also boast durable 180-degree ceramic boots. As a result, you get a powerful, clean spark, even in high-heat engine bays with headers or turbos. This is a crucial upgrade for you if you want to eliminate misfires and maximize the efficiency of your ignition system. As a trusted supplier in Alberton, Gauteng, we provide you with top-tier ignition components to enhance your vehicle’s performance and reliability. Key Features 8mm Diameter and Spiral Core: This provides low resistance. Consequently, you get maximum energy transfer to the spark plug. This design also suppresses RFI and EMI interference. Ceramic Boot Set: This is the ultimate heat shield. It protects the plug end of your wire from extreme exhaust manifold or header heat. This prevents the common problem of boot meltdown. 180-Degree Boots: This specific angle is common for many applications. It allows for a clean, professional routing of your wires. Durable Silicone Jacket: This outer layer resists heat, fuel, oil, and abrasion. Therefore, you can rely on it for a long service life. Universal/Performance Fit: We designed this set for you if you have a V8 engine. You can custom-cut and route the wires for a precise fit. Durable Construction: We built it with high-quality materials. This ensures you get a long-lasting and reliable product. Natio"
"2515","MMR-3906-SL","Mastodon Aluminium Hood Hinges 1970-1981 Camaro","mastodon-aluminium-hood-hinges-1970-1981-camaro","https://allamericanmuscle.co.za/product/mastodon-aluminium-hood-hinges-1970-1981-camaro/","simple","9301.71","9301.71","9301.71","no","yes","","Exterior & Accessories","exterior-accessories","https://allamericanmuscle.co.za/wp-content/uploads/2026/06/100-3906-HINGE.webp","Pair of Mastodon hood hinges in silver for 1970-1981 Chevrolet Camaros, ensuring proper hood alignment and function.","You can replace your worn-out factory hood hinges with the Mastodon Aluminium Hood Hinges. We designed them specifically for 1970-1981 Camaros. They feature lightweight, durable aluminium construction and a sleek silver finish. As a result, you get both a significant weight reduction and a custom look. These hinges are a direct-fit replacement. This is why they provide a smooth and reliable hood operation. Consequently, this is an essential upgrade for you if you are a South African Camaro enthusiast who values both performance and style. As a trusted supplier in Alberton, Gauteng, we provide you with top-tier body and exterior components to enhance your classic car. Key Features Vehicle Compatibility: We engineered them as a direct-fit replacement for 1970-1981 Chevrolet Camaros. This ensures a perfect fit. Aluminium Construction: It provides a significant weight reduction compared to your original steel hinges. This material is lightweight and resistant to corrosion. Silver Finish: It offers a durable and stylish look. This finish is long-lasting and will complement your engine bay. Improved Functionality: It ensures smooth and reliable hood operation. This prevents the common problems of your hood sagging, binding, or not staying open. Durable Construction: We built it with high-quality materials. Consequently, you can rely on it to last a long time. Nationwide Shipping: We deliver body and exterior components across South Africa. Local Expertise: We understand the needs o"
"2516","MMR-43017","Mastodon Transmission Mount Chevy Polyurethane","mastodon-transmission-mount-chevy-polyurethane","https://allamericanmuscle.co.za/product/mastodon-transmission-mount-chevy-polyurethane/","simple","875.82","875.82","875.82","no","yes","","Engines & Components","engines-components","https://allamericanmuscle.co.za/wp-content/uploads/2026/06/MMSI-AT43017.webp","High-performance Mastodon polyurethane transmission mount for Chevy vehicles, offering increased stiffness and durability for improved power transfer.","Upgrade your Chevrolet’s transmission mount with the durable and high-performance Mastodon Polyurethane Transmission Mount. Designed as a direct or near-direct replacement for factory rubber mounts, this polyurethane mount offers significantly increased stiffness and durability. By reducing unwanted transmission movement during hard acceleration, shifting, and cornering, this mount helps to improve power transfer to the wheels, leading to a more responsive and controlled driving experience. Polyurethane construction also provides superior resistance to oil, chemicals, and general wear and tear compared to traditional rubber. Ideal for performance enthusiasts, drag racers, or anyone looking to improve the longevity and responsiveness of their Chevy’s drivetrain. Key Features: Mastodon Performance: Engineered for improved drivetrain stability and power transfer. Polyurethane Construction: Offers increased stiffness and durability over rubber. Reduces Transmission Movement: Minimizes unwanted shifting and drivetrain lash. Improved Power Transfer: Helps get more power to the ground. Enhanced Driving Response: Provides a more direct and connected feel. Superior Durability: Resistant to oil, chemicals, and wear. Direct or Near-Direct Fit: Designed to replace factory Chevy transmission mounts. Ideal for Performance Applications: Suitable for street, track, and drag racing. Why Choose the Mastodon Polyurethane Transmission Mount for Your Chevy in South Africa? If you’re looking to im"
"2517","MMR-50011","Mastodon Ignition Coil","mastodon-ignition-coil","https://allamericanmuscle.co.za/product/mastodon-ignition-coil/","simple","812.80","812.80","812.80","no","yes","","Exterior & Accessories","exterior-accessories","https://allamericanmuscle.co.za/wp-content/uploads/2026/06/KNDI-049-351-1.webp","Ignition Coil. Fit your build with the Ignition Coil. Delivers a strong, reliable spark for easy starting and clean running.Backed by Mastodon and ideal f…","Fit your build with the Ignition Coil. Delivers a strong, reliable spark for easy starting and clean running. Backed by Mastodon and ideal for street and performance use. Brand: Mastodon Part No: MMR-50011"
"2518","MMR-58011","Mastodon 2.5″ Reusable Copper Header Gaskets SBC/BBC (Pair)","mastodon-2-5-reusable-copper-header-gaskets-sbc-bbc-pair","https://allamericanmuscle.co.za/product/mastodon-2-5-reusable-copper-header-gaskets-sbc-bbc-pair/","simple","263.36","263.36","263.36","no","yes","","Gaskets & Seals","gaskets-seals","https://allamericanmuscle.co.za/wp-content/uploads/2026/06/MMSI-AT58011.webp","Reusable Mastodon 2.5 inch solid copper header gaskets (pair) for Small Block and Big Block Chevy engines, providing a superior seal.","Ensure a superior and long-lasting seal between your exhaust headers and cylinder heads on your Small Block Chevy (SBC) or Big Block Chevy (BBC) engine with the Mastodon 2.5 Inch Reusable Copper Header Exhaust Gaskets. This pair of high-quality gaskets is constructed from solid copper, known for its excellent heat resistance and sealing properties. Unlike traditional fiber or composite gaskets, these copper gaskets are designed to be reusable, providing a cost-effective and reliable sealing solution for multiple header installations. The 2.5-inch port size makes them suitable for headers with 2.5-inch collectors. These Mastodon copper header gaskets are ideal for performance enthusiasts, racers, and anyone who frequently removes or installs their exhaust headers. Key Features: Mastodon Quality: Engineered for a superior and long-lasting seal. Fits SBC & BBC Chevy Engines: Versatile compatibility for both engine types. Solid Copper Construction: Offers excellent heat resistance and sealing. Reusable Design: Provides a cost-effective and convenient sealing solution. 2.5 Inch Port Size: Designed for headers with 2.5-inch collectors. Prevents Exhaust Leaks: Ensures a tight seal for optimal performance and sound. Durable and Long-Lasting: Built to withstand high exhaust temperatures and pressures. Ideal for Performance and Racing Applications: Suitable for demanding conditions. Sold as a Pair: Includes gaskets for both exhaust manifolds/headers. Why Choose the Mastodon 2.5 Inch Re"
"2519","MMR-8593-P","Mastodon 2-3/8 Inch Finned Transmission Oil Pan TH400","mastodon-2-3-8-inch-finned-transmission-oil-pan-th400","https://allamericanmuscle.co.za/product/mastodon-2-3-8-inch-finned-transmission-oil-pan-th400/","simple","2586.22","2586.22","2586.22","no","yes","","Transmission & Drivetrain","transmission-drivetrain","https://allamericanmuscle.co.za/wp-content/uploads/2026/06/MMR8593P.webp","Mastodon 2-3/8 inch finned transmission oil pan for a custom look and potential cooling. Check transmission compatibility.","Enhance the aesthetics and potentially improve the thermal management of your automatic transmission with the Mastodon 2-3/8 inch Finned Transmission Oil Pan. Featuring a distinctive finned design, this oil pan not only adds a custom touch to the underside of your vehicle but may also aid in dissipating heat, contributing to lower transmission fluid temperatures for optimized performance and extended lifespan. Constructed from robust materials, this Mastodon transmission oil pan is engineered as a direct replacement for your factory pan, ensuring proper sealing and straightforward installation. Please confirm the compatibility with your specific transmission model and depth requirements before ordering. Key Features: Mastodon High Quality: Designed for durability and precise fitment. Eye-Catching Finned Style: Provides a unique, aftermarket look and potential cooling benefits. 2-3/8 Inch Depth: Verify that this depth is suitable for your transmission. Robust Construction: Manufactured from premium materials for lasting performance. Direct Bolt-On Replacement: Designed to replace your original transmission oil pan without modifications. Custom Under-Vehicle Appearance: Upgrades the visual appeal of your vehicle’s undercarriage. Potential for Enhanced Cooling: Fins may help dissipate heat away from the transmission fluid. 1 Why Choose the Mastodon 2-3/8 Inch Finned Transmission Oil Pan in South Africa? If you’re located in South Africa and are looking to personalize your vehicl"
"2520","MMR-8852","Mastodon SBC Short Water Pump Upper Pulley Double","mastodon-sbc-short-water-pump-upper-pulley-double","https://allamericanmuscle.co.za/product/mastodon-sbc-short-water-pump-upper-pulley-double/","simple","669.90","669.90","669.90","no","yes","2","Engines & Components","engines-components","https://allamericanmuscle.co.za/wp-content/uploads/2026/06/MMR8852-1.webp","SBC Short Water Pump Upper Pulley Double – fits Small Block Chevy. SBC Short Water Pump Upper Pulley Double. Circulates coolant to keep the engine at a sa…","SBC Short Water Pump Upper Pulley Double. Circulates coolant to keep the engine at a safe operating temperature, built for reliable, leak-free service. Engineered to fit Small Block Chevy applications. Genuine Mastodon quality, in stock and ready to ship. Brand: Mastodon Application: Small Block Chevy Part No: MMR-8852"
"2521","MMR-91015580","Mastodon Short Water Pump SBC","mastodon-short-water-pump-sbc","https://allamericanmuscle.co.za/product/mastodon-short-water-pump-sbc/","simple","1495.00","1495.00","1495.00","no","yes","2","Engines & Components","engines-components","https://allamericanmuscle.co.za/wp-content/uploads/2026/06/91015580-1.webp","Short Water Pump SBC – fits Small Block Chevy. The Short Water Pump SBC from All American Muscle. Circulates coolant to keep the engine at a safe operatin…","The Short Water Pump SBC from All American Muscle. Circulates coolant to keep the engine at a safe operating temperature, built for reliable, leak-free service. Engineered to fit Small Block Chevy applications. Backed by Mastodon and ideal for street and performance use. Brand: Mastodon Application: Small Block Chevy Part No: MMR-91015580"
"2522","MMR-25026","Power Steering Pump Mounting Bracket SBC Mastodon","power-steering-pump-mounting-bracket-sbc-mastodon","https://allamericanmuscle.co.za/product/power-steering-pump-mounting-bracket-sbc-mastodon/","simple","581.90","581.90","581.90","no","yes","","Engines & Components","engines-components","https://allamericanmuscle.co.za/wp-content/uploads/2026/06/MMSI-AT25026.webp","Durable Mastodon power steering pump mounting bracket for reliable installation on Small Block Chevy (SBC) engines.","Ensure secure and proper mounting of your power steering pump on your Small Block Chevy (SBC) engine with the Mastodon Power Steering Pump Mounting Bracket. We designed this high-quality bracket to provide a stable and correctly aligned platform for your power steering pump. This contributes to reliable performance and optimal belt wear. We constructed this bracket from durable materials. Therefore, we built it to withstand the stresses of engine operation. We designed it specifically for SBC engines. Consequently, this bracket offers a precise fit and includes the necessary hardware for you to have an easy installation. Key Features Designed for Small Block Chevy (SBC): It ensures a perfect fit on popular SBC engines. Durable Construction: We built it from strong materials for long-lasting performance. Ensures Proper Power Steering Pump Alignment: This contributes to optimal belt wear and performance. Provides Secure Mounting: It keeps the power steering pump stable and prevents unwanted movement. Easy Installation: We have included the necessary mounting hardware for a straightforward setup. Essential for Reliable Power Steering: It ensures proper function of your power steering system. Why Choose the Mastodon Power Steering Pump Mounting Bracket for SBC in South Africa? If you need a reliable and durable bracket to mount your power steering pump on your Small Block Chevy engine in South Africa, this Mastodon bracket provides the secure and correctly aligned fit necessary f"
"2523","MMR-26085","Mastodon Tail Light and Side Fender Kit, 73-79 Ford F150","mastodon-tail-light-and-side-fender-kit-73-79-ford-f150","https://allamericanmuscle.co.za/product/mastodon-tail-light-and-side-fender-kit-73-79-ford-f150/","simple","1315.96","1315.96","1315.96","no","yes","","Exterior & Accessories","exterior-accessories","https://allamericanmuscle.co.za/wp-content/uploads/2026/06/tyc-11-3260-01_xl.webp","Tail Light and Side Fender Kit, 73-79 Ford F150 – fits Ford. Shop the Tail Light and Side Fender Kit, 73-79 Ford F150 at All American Muscle. Bright, reli…","Shop the Tail Light and Side Fender Kit, 73-79 Ford F150 at All American Muscle. Bright, reliable lighting with a clean, period-correct look. Engineered to fit Ford applications. Mastodon performance you can count on, shipped fast across South Africa. Brand: Mastodon Application: Ford Part No: MMR-26085"
"2524","MMR-UJ005","Mastodon U-Joint, 3/4-36 X 3/4″-36","mastodon-u-joint-3-4-36-x-3-4-36","https://allamericanmuscle.co.za/product/mastodon-u-joint-3-4-36-x-3-4-36/","simple","718.04","718.04","718.04","no","yes","","Chassis & Suspension","chassis-suspension","https://allamericanmuscle.co.za/wp-content/uploads/2026/06/uJoint.webp","U-Joint, 3/4-36 X 3/4″-36. Upgrade with the U-Joint, 3/4-36 X 3/4″-36. A quality steering component for safe, precise control.Genuine Mastodon quality, in…","Upgrade with the U-Joint, 3/4-36 X 3/4″-36. A quality steering component for safe, precise control. Genuine Mastodon quality, in stock and ready to ship. Brand: Mastodon Part No: MMR-UJ005"
"2525","MMR-11360","Mastodon Breather Pushin Round Chrome","mastodon-breather-pushin-round-chrome","https://allamericanmuscle.co.za/product/mastodon-breather-pushin-round-chrome/","simple","198.73","198.73","198.73","no","yes","","Engines & Components","engines-components","https://allamericanmuscle.co.za/wp-content/uploads/2026/06/mor-68781_cp.webp","Breather Pushin Round Chrome. Breather Pushin Round Chrome. A quality valvetrain component built for dependable, high-rpm performance.Backed by Mastodon a…","Breather Pushin Round Chrome. A quality valvetrain component built for dependable, high-rpm performance. Backed by Mastodon and ideal for street and performance use. Brand: Mastodon Part No: MMR-11360"
"2526","MMR-11361","Mastodon Valve Cover Breather, Push Style","mastodon-valve-cover-breather-push-style","https://allamericanmuscle.co.za/product/mastodon-valve-cover-breather-push-style/","simple","193.52","193.52","193.52","no","yes","","Engines & Components","engines-components","https://allamericanmuscle.co.za/wp-content/uploads/2026/06/mor-68781_cp-1.webp","Valve Cover Breather, Push Style. The Valve Cover Breather, Push Style from All American Muscle. A quality valvetrain component built for dependable, high…","The Valve Cover Breather, Push Style from All American Muscle. A quality valvetrain component built for dependable, high-rpm performance. A reliable Mastodon choice for your American muscle or hot-rod project. Brand: Mastodon Part No: MMR-11361"
"2527","MMR-11365","Mastodon Carburetor Carb Studs Kit, 5/16″ X 2″","mastodon-carburetor-carb-studs-kit-5-16-x-2","https://allamericanmuscle.co.za/product/mastodon-carburetor-carb-studs-kit-5-16-x-2/","simple","250.00","250.00","250.00","no","yes","","Fasteners & Hardware","fasteners-hardware","https://allamericanmuscle.co.za/wp-content/uploads/2026/06/edl-8008_en_xl-2.webp","5/16"" x 2"" carburettor mounting stud kit — the longer length suits carb spacer setups.","Fit your build with the Carburetor Carb Studs Kit, 5/16"" x 2"". A set of 5/16"" x 2"" carburettor mounting studs with nuts and washers — the longer length suits setups running a spacer between the carburettor and the manifold. Mastodon performance you can count on, shipped fast across South Africa. Brand: Mastodon Part No: MMR-11365"
"2528","MMR-58004","Mastodon Ford Fe Steel Core Rubber Valve Cover Set","mastodon-ford-fe-steel-core-rubber-valve-cover-set","https://allamericanmuscle.co.za/product/mastodon-ford-fe-steel-core-rubber-valve-cover-set/","simple","323.29","323.29","323.29","no","yes","","Gaskets & Seals","gaskets-seals","https://allamericanmuscle.co.za/wp-content/uploads/2026/06/3257568_L1450_3f1befe9-b2ac-444d-a818-f4fd20bf7de5.webp","Ford Fe Steel Core Rubber Valve Cover Set – fits Ford. Shop the Ford Fe Steel Core Rubber Valve Cover Set at All American Muscle. A quality valvetrain com…","Shop the Ford Fe Steel Core Rubber Valve Cover Set at All American Muscle. A quality valvetrain component built for dependable, high-rpm performance. Engineered to fit Ford applications. Genuine Mastodon quality, in stock and ready to ship. Brand: Mastodon Application: Ford Part No: MMR-58004"
"2529","MMR-58025","Mastodon Engine Oil Pan Gasket, Chevy Ls Ls1,2,3","mastodon-engine-oil-pan-gasket-chevy-ls-ls123","https://allamericanmuscle.co.za/product/mastodon-engine-oil-pan-gasket-chevy-ls-ls123/","simple","464.47","464.47","464.47","no","yes","","Gaskets & Seals","gaskets-seals","https://allamericanmuscle.co.za/wp-content/uploads/2026/06/sum-g2334_w.webp","Engine Oil Pan Gasket, Chevy Ls Ls1,2,3 – fits GM LS. Upgrade with the Engine Oil Pan Gasket, Chevy Ls Ls1,2,3. Provides a durable, leak-free seal and is…","Upgrade with the Engine Oil Pan Gasket, Chevy Ls Ls1,2,3. Provides a durable, leak-free seal and is made to meet or exceed OE specifications. Engineered to fit GM LS applications. Backed by Mastodon and ideal for street and performance use. Brand: Mastodon Application: GM LS Part No: MMR-58025"
"2530","MMR-6118","Mastodon LS2 6.0L Engine Gasket Set","mastodon-ls2-6-0l-engine-gasket-set","https://allamericanmuscle.co.za/product/mastodon-ls2-6-0l-engine-gasket-set/","simple","4777.18","4777.18","4777.18","no","yes","","Gaskets & Seals","gaskets-seals","https://allamericanmuscle.co.za/wp-content/uploads/2026/06/MMR6118-1.webp","LS2 6.0L Engine Gasket Set – fits GM LS. LS2 6.0L Engine Gasket Set. Provides a durable, leak-free seal and is made to meet or exceed OE specifications.En…","LS2 6.0L Engine Gasket Set. Provides a durable, leak-free seal and is made to meet or exceed OE specifications. Engineered to fit GM LS applications. A reliable Mastodon choice for your American muscle or hot-rod project. Brand: Mastodon Application: GM LS Part No: MMR-6118"
"2531","MMR-8442","Mastodon Driver Side Aluminum Dipstick 58-79 SBC","mastodon-driver-side-aluminum-dipstick-58-79-sbc","https://allamericanmuscle.co.za/product/mastodon-driver-side-aluminum-dipstick-58-79-sbc/","simple","2877.73","2877.73","2877.73","no","no","0","Engines & Components","engines-components","https://allamericanmuscle.co.za/wp-content/uploads/2026/06/MM8442.webp","Polished aluminum driver side oil dipstick for 1958-1979 US Small Block Chevy engines, ensuring accurate oil level readings.","Add a touch of style and functionality to your Small Block Chevy (SBC) engine with the Mastodon Driver Side Aluminum Dipstick. We designed it for models from 1958 to 1979 in US configurations. We crafted it from high-quality aluminum. This ensures durability and a clean, polished look. It provides an accurate oil level reading. Therefore, it ensures proper engine maintenance. Ultimately, this is a perfect upgrade for classic car restorations or custom builds. Get your Mastodon Driver Side Aluminum Dipstick now! Key Features Fits 1958-1979 US SBC Engines: We specifically designed it for driver-side placement on these models. Durable Aluminum Construction: It offers you longevity and a lightweight design. Accurate Oil Level Reading: It ensures proper engine oil maintenance. Polished Aluminum Finish: It adds a stylish touch to your engine bay. Easy to Install: We designed it as a direct replacement for the factory dipstick. Ideal for Restorations and Custom Builds: It enhances the look and functionality of your SBC engine. Why Choose the Mastodon Aluminum Dipstick in South Africa? If you are in South Africa and looking for a stylish and functional upgrade for your SBC engine, the Mastodon Driver Side Aluminum Dipstick is an excellent choice. In fact, it provides a durable alternative to your old, corroded factory dipstick. Furthermore, its polished finish adds a great aesthetic detail to your engine bay. Consequently, you get both a practical tool and a stylish accessory. Specif"
"2532","MMR-SBF-001","Mastodon Intake Manifold, Dual Plane Aluminum,SBF","mastodon-intake-manifold-dual-plane-aluminumsbf","https://allamericanmuscle.co.za/product/mastodon-intake-manifold-dual-plane-aluminumsbf/","simple","9041.28","9041.28","9041.28","no","yes","","Engines & Components","engines-components","https://allamericanmuscle.co.za/wp-content/uploads/2026/06/2561147046-STN1.webp","Upgrade your SBF engine with the Mastodon dual plane aluminum intake manifold. Improved torque and stylish finish.","Enhance the performance of your Small Block Ford (SBF) engine with the Mastodon 2561147046-BLK Dual Plane Aluminum Intake Manifold. This high-quality intake manifold is designed to optimize airflow, resulting in improved horsepower and torque, particularly in the low-to-mid-range RPMs. The dual-plane design effectively separates intake pulses for better cylinder filling and enhanced engine efficiency. Constructed from lightweight yet durable aluminum, this manifold offers excellent heat dissipation and reduces overall engine weight. The sleek black finish adds a touch of style to your engine bay. Whether you’re building a street performance machine or a mild racing setup, this Mastodon intake manifold is a perfect upgrade. Available for purchase across South Africa, this manifold provides the performance gains and aesthetic appeal you’re looking for. Key Features: Dual Plane Design: Optimized for low-to-mid-range power and torque. Aluminum Construction: Lightweight, durable, and excellent heat dissipation. Improved Airflow: Enhances engine breathing for better performance. Black Finish: Adds a stylish and custom look. Direct Fit for SBF Engines: Ensures easy installation. Increased Horsepower and Torque: Noticeable performance gains. Ideal for Street and Mild Racing: Versatile performance upgrade. Nationwide Delivery Across South Africa: Fast and reliable shipping. Expert Technical Support: Assistance with any questions. Why Choose the Mastodon Intake Manifold Dual Plane Alum"
"2535","MMR-3904-H","Mastodon Billet Hood Hinges Camaro 67-69","mastodon-billet-hood-hinges-camaro-67-69","https://allamericanmuscle.co.za/product/mastodon-billet-hood-hinges-camaro-67-69/","simple","7312.59","7312.59","7312.59","no","no","0","Exterior & Accessories","exterior-accessories","https://allamericanmuscle.co.za/wp-content/uploads/2026/06/100-3904-HINGE.webp","Premium Mastodon billet aluminium hood hinges for 1967-1969 Chevrolet Camaros, offering superior strength, smooth operation, and custom style","Upgrade the hood of your 1967-1969 Chevrolet Camaro in South Africa with these premium Mastodon Billet Hood Hinges. Machined from high-strength billet aluminium, these hinges offer superior durability, smooth operation, and a custom look compared to stock hinges. Say goodbye to hood flex and ensure perfect alignment with this quality Mastodon upgrade for your classic Camaro in SA. Key Features: Mastodon Quality: Engineered for strength and style. Billet Aluminium: Strong, lightweight, and resists corrosion. Smooth Operation: Makes opening and closing your hood easy. Perfect Alignment: Ensures your hood fits correctly. Show-Quality Look: Adds a custom touch to your engine bay. Direct Fit: Designed for 1967, 1968, and 1969 Chevrolet Camaros. Nationwide Delivery Across South Africa: We ship body parts nationwide. Expert Support Available: Our team can answer any questions. Why Choose Mastodon Billet Hood Hinges for Your 67-69 Camaro in South Africa? For Camaro owners in South Africa who want to improve both the look and function of their hood, these Mastodon billet hinges are a top-tier choice. Specifications: Application: 1967-1969 Chevrolet Camaro Material: Billet Aluminium Brand: Mastodon Elevate the style and function of your classic Camaro’s hood in South Africa with Mastodon Billet Hood Hinges! Order yours today! Frequently Asked Questions: What years does it fit? These hinges are specifically for 1967, 1968, and 1969 Chevrolet Camaro models. Is installation difficult? The"
"2536","MMR-3252701-RAW","Mastodon Intake Manifold Performer EPS","mastodon-intake-manifold-performer-eps","https://allamericanmuscle.co.za/product/mastodon-intake-manifold-performer-eps/","simple","5383.15","5383.15","5383.15","no","yes","","Engines & Components","engines-components","https://allamericanmuscle.co.za/wp-content/uploads/2026/06/MMBK-3202H-2.webp","Mastodon Performer EPS intake manifold, SBC, raw aluminum finish, improves low-to-mid-range power.","The Mastodon Intake Manifold, designed as a Performer EPS style for Small Block Chevrolet (SBC) engines, offers enhanced performance and improved airflow. This manifold is engineered to boost horsepower and torque, particularly in the low-to-mid-range RPMs, making it ideal for street performance and mild racing applications. The Performer EPS design ensures efficient cylinder filling and improved engine responsiveness. Constructed from high-quality aluminum, this manifold provides excellent heat dissipation and durability. The raw finish allows for customization or a classic, unpainted look. Upgrade your SBC engine with this Mastodon intake manifold for noticeable performance gains and improved engine efficiency. Available for purchase across South Africa, this manifold delivers the performance and versatility you need. Key Features: Performer EPS Design: Optimized for low-to-mid-range power and torque. Aluminum Construction: Lightweight, durable, and excellent heat dissipation. Improved Airflow: Enhances engine breathing for better performance. Raw Finish: Allows for customization or a classic look. Direct Fit for SBC Engines: Ensures easy installation. Increased Horsepower and Torque: Noticeable performance gains. Ideal for Street and Mild Racing: Versatile performance upgrade. Nationwide Delivery Across South Africa: Fast and reliable shipping. Expert Technical Support: Assistance with any questions. Why Choose the Mastodon Intake Manifold, Performer EPS, SBC ? For SBC eng"
"2537","MMR-3809","Mastodon Header Gasket For 69-74 Small Block Ford","mastodon-header-gasket-for-69-74-small-block-ford","https://allamericanmuscle.co.za/product/mastodon-header-gasket-for-69-74-small-block-ford/","simple","319.53","319.53","319.53","no","no","0","Gaskets & Seals","gaskets-seals","https://allamericanmuscle.co.za/wp-content/uploads/2026/06/fel-1415_tb_xl.webp","Header Gasket For 69-74 Small Block Ford – fits Ford Small Block (Windsor). Fit your build with the Header Gasket For 69-74 Small Block Ford. Improves exh…","Fit your build with the Header Gasket For 69-74 Small Block Ford. Improves exhaust flow for better performance and a great sound. Engineered to fit Ford Small Block (Windsor) applications. Backed by Mastodon and ideal for street and performance use. Brand: Mastodon Application: Ford Small Block (Windsor) Part No: MMR-3809"
"2538","MMR-50018","Mastodon Ignition Coil ,65K Volt","mastodon-ignition-coil-65k-volt","https://allamericanmuscle.co.za/product/mastodon-ignition-coil-65k-volt/","simple","490.76","490.76","490.76","no","yes","","Ignitions & Electrical","ignitions-electrical","https://allamericanmuscle.co.za/wp-content/uploads/2026/06/KNDI-049-351-2.webp","Ignition Coil ,65K Volt. Shop the Ignition Coil ,65K Volt at All American Muscle. Delivers a strong, reliable spark for easy starting and clean running.A…","Shop the Ignition Coil ,65K Volt at All American Muscle. Delivers a strong, reliable spark for easy starting and clean running. A reliable Mastodon choice for your American muscle or hot-rod project. Brand: Mastodon Part No: MMR-50018"
"2539","MMR-59005","Mastodon Universal Adjustable Prop Valve","mastodon-universal-adjustable-prop-valve","https://allamericanmuscle.co.za/product/mastodon-universal-adjustable-prop-valve/","simple","969.83","969.83","969.83","no","yes","","Brake Systems","brake-systems","https://allamericanmuscle.co.za/wp-content/uploads/2026/06/leb-apv02_xl.webp","Universal Adjustable Prop Valve. Upgrade with the Universal Adjustable Prop Valve. A quality piece for classic American muscle-car and hot-rod builds.Mast…","Upgrade with the Universal Adjustable Prop Valve. A quality piece for classic American muscle-car and hot-rod builds. Mastodon performance you can count on, shipped fast across South Africa. Brand: Mastodon Part No: MMR-59005"
"2540","MMR-8247-BK","Classic 14″ Billet Steering Wheel Classic Mastodon","classic-14-billet-steering-wheel-classic-mastodon","https://allamericanmuscle.co.za/product/classic-14-billet-steering-wheel-classic-mastodon/","simple","3771.20","3771.20","3771.20","no","yes","","Interior & Accessories","interior-accessories","https://allamericanmuscle.co.za/wp-content/uploads/2026/06/12-1-scaled-1.webp","High-quality Mastodon 14-inch billet aluminum classic steering wheel with bold black spokes and a 9-hole bolt pattern for custom vehicle interiors.","Infuse your classic car, hot rod, or custom truck with a powerful and contemporary aesthetic using the Mastodon Classic 14″ Billet Steering Wheel with Black Spokes. This premium steering wheel is meticulously crafted from solid billet aluminum, which consequently ensures exceptional strength, lightweight performance, and a stunning appearance. It features a comfortable 14-inch diameter, providing a precise and responsive feel for enhanced driving control. The spokes boast a durable, sleek black finish, consequently offering a bold, modern look that contrasts beautifully with various interior themes. Furthermore, the versatile 9-hole bolt pattern ensures broad compatibility with a wide range of aftermarket adapter hubs, making installation straightforward. Installing a Mastodon Classic 14″ Billet Steering Wheel ultimately provides a significant interior upgrade, combining cutting-edge design with a superior tactile experience. This essential interior component is readily available across South Africa, shipping directly from Gauteng. Key Features: Mastodon Quality: We manufacture this steering wheel for exceptional craftsmanship, durability, and a premium finish. 14-inch Diameter: Offers a comfortable size for modern and classic custom builds, providing excellent control. Billet Aluminum Construction: Precisely machined from solid billet aluminum for maximum strength and reduced weight. Bold Black Spoke Finish: Features a durable, sleek black finish on the spokes for a striking"
"2541","MMR-BBC-315-PRO","Mastodon BBC 315 Cylinder Head Assembled","mastodon-bbc-315-cylinder-head-assembled","https://allamericanmuscle.co.za/product/mastodon-bbc-315-cylinder-head-assembled/","simple","39201.41","39201.41","39201.41","no","yes","","Engines & Components","engines-components","https://allamericanmuscle.co.za/wp-content/uploads/2026/06/SBF-185-Cylinder-Head-Assembled-3.webp","Assembled 315cc-runner Big Block Chevy cylinder head, complete with valves, springs, retainers and seals.","The BBC 315 Cylinder Head Assembled from All American Muscle. A fully assembled cylinder head with 315cc intake runners for the Big Block Chevy — supplied complete with valves, springs, retainers and seals for a big lift in airflow over a stock head. Engineered to fit Big Block Chevy applications. Backed by Mastodon and ideal for street and performance use. Brand: Mastodon Application: Big Block Chevy Part No: MMR-BBC-315-PRO"
"2542","MMR-049-302","Mastodon HEI Ford Small Block Windsor","mastodon-hei-ford-small-block-windsor","https://allamericanmuscle.co.za/product/mastodon-hei-ford-small-block-windsor/","simple","2421.45","2421.45","2421.45","no","no","0","Engines & Components","engines-components","https://allamericanmuscle.co.za/wp-content/uploads/2026/04/mastodon2028129.webp","HEI Ford Small Block Windsor – fits Ford Small Block (Windsor). Complete HEI Distributor 65K Coil 7500 RPM – One Wire Installation, Blue cap. Compatible w…","Complete HEI Distributor 65K Coil 7500 RPM – One Wire Installation, Blue cap. Compatible with Small Block Ford SBF 5.8 L 351W Windsor 8 Cylinder. CNC machined polished aluminum shaft and chrome-moly gear."
"2543","MMR-049-351","HEI Ignition Distributor 65K Coil","hei-ignition-distributor-65k-coil","https://allamericanmuscle.co.za/product/hei-ignition-distributor-65k-coil/","simple","2421.45","2421.45","2421.45","no","yes","","Engines & Components","engines-components","https://allamericanmuscle.co.za/wp-content/uploads/2026/06/KNDI-049-351.webp","Aftermarket HEI ignition distributor with a 65,000-volt coil for Ford 351 Windsor engines.","You can upgrade your Ford 351 engine’s ignition system with this high-performance HEI distributor 65K coil. It features a powerful 65,000-volt coil. Consequently, this complete distributor replaces your stock unit. This provides a hotter spark for improved combustion, increased horsepower, and better fuel efficiency. The self-contained HEI design eliminates the need for an external ignition box. This simplifies installation and cleans up your engine bay. We built it with quality components for you to get reliable performance. Therefore, this distributor is an excellent choice for street performance, mild racing, or anyone looking for a robust and dependable ignition upgrade for their 351 Ford engine. You must ensure this unit is compatible with your specific 351 engine year and model. Get your HEI distributor 65K coil now! Key Features Complete HEI System: It is a self-contained distributor with an integrated coil and module. 65,000 Volt Coil: It delivers a high-energy spark for you to get improved combustion. Enhanced Performance: It can lead to you having increased horsepower and better fuel economy. Simplified Installation: It eliminates the need for you to have an external ignition box. Reliable Operation: We built it with quality components for durability. Direct Replacement: We designed it to replace stock Ford 351 distributors (you must verify fitment). Ideal for Performance Upgrades: It is suitable for street and mild racing applications. Why Choose This HEI Distribut"
"2544","MMR-3186-BK","Mastodon Fan with Curved Blades 10inch 80W","mastodon-fan-with-curved-blades-10inch-80w","https://allamericanmuscle.co.za/product/mastodon-fan-with-curved-blades-10inch-80w/","simple","452.67","452.67","452.67","no","yes","","Cooling & Heating","cooling-heating","https://allamericanmuscle.co.za/wp-content/uploads/2026/06/MMR3189BK.webp","Compact Mastodon 10-inch 80W electric fan with curved blades for effective cooling in various applications.","Ensure efficient cooling for your engine with the Mastodon 10-inch Electric Fan featuring curved blades and an 80W motor. The curved blade design is optimized to move a significant amount of air while minimizing noise. This fan is ideal for radiators, oil coolers, and transmission coolers in a variety of automotive applications. Its compact 10-inch size makes it suitable for installations where space is limited. The 80W motor provides reliable and effective cooling power to help prevent overheating and maintain optimal engine performance. Key Features: 10-Inch Diameter: Compact size for versatile mounting options. 80W Motor: Provides efficient and reliable cooling power. Curved Blade Design: Optimized for high airflow and reduced noise. Universal Application: Suitable for radiators, oil coolers, and transmission coolers. Helps Prevent Overheating: Crucial for maintaining optimal engine temperatures. Durable Construction: Built to withstand the demanding conditions of automotive use. Specifications: Diameter: 10 Inches Motor Power: 80 Watts Blade Type: Curved Type: Electric Fan Brand: Mastodon Frequently Asked Questions: What is the CFM (cubic feet per minute) rating of this fan? The CFM rating indicates the volume of air the fan can move. Please refer to the full product specifications or contact us for the exact CFM rating of this 80W, 10-inch curved blade fan. Is this a pusher or puller fan? Electric fans can be configured as either pushers (mounted in front of the radiator"
"2545","MMR-4712","Mastodon 10 Inch Universal Slim Electric Radiator Fan","mastodon-10-inch-universal-slim-electric-radiator-fan","https://allamericanmuscle.co.za/product/mastodon-10-inch-universal-slim-electric-radiator-fan/","simple","1610.00","1610.00","1610.00","no","yes","","Cooling & Heating","cooling-heating","https://allamericanmuscle.co.za/wp-content/uploads/2026/06/KD4712.webp","Mastodon 10-inch universal slim electric radiator fan for efficient cooling in compact spaces.","Enhance your vehicle’s cooling system with this Mastodon 10-inch universal slim electric radiator fan. Designed to provide efficient cooling in tight engine bays, this slim profile fan is ideal for custom builds, engine swaps, or as a supplementary cooling solution. Its universal design allows for versatile mounting options, and the electric operation ensures reliable performance when you need it most. This Mastodon fan helps to improve airflow through your radiator, preventing overheating and maintaining optimal engine temperature. Key Features: Mastodon Quality: Reliable and efficient cooling performance. 10 Inch Diameter: Compact size for various applications. Slim Profile Design: Ideal for installations with limited space. Universal Fitment: Can be used on a wide range of vehicles. Electric Operation: Provides consistent cooling on demand. Helps Prevent Overheating: Improves airflow through the radiator. Versatile Mounting Options: Offers flexibility during installation. Why Choose the Mastodon 10 Inch Universal Slim Electric Radiator Fan in South Africa? If you need a compact and efficient electric radiator fan in South Africa for a custom project or to supplement your existing cooling system, this 10-inch slim Mastodon fan offers reliable performance and versatile installation. Specifications: Brand: Mastodon Diameter: 10 Inches Type: Electric Radiator Fan Profile: Slim Frequently Asked Questions: What are the benefits of an electric radiator fan? Electric fans provide "
"2546","MMR-25024","Mastodon Polished Aluminum Timing Tab SBC 305/327/350","mastodon-polished-aluminum-timing-tab-sbc-305-327-350","https://allamericanmuscle.co.za/product/mastodon-polished-aluminum-timing-tab-sbc-305-327-350/","simple","541.41","541.41","541.41","no","yes","","Engines & Components","engines-components","https://allamericanmuscle.co.za/wp-content/uploads/2026/06/MMSI-AT25024.webp","Polished aluminum Mastodon timing tab for accurate timing on SBC 305, 327, and 350 engines.","Ensure accurate ignition timing for optimal engine performance in your Small Block Chevy (SBC) 305, 327, or 350 engine with the Mastodon Polished Aluminum Timing Tab. This high-quality timing tab provides a clear and precise reference point for setting your engine’s timing. Crafted from durable aluminum and featuring a polished finish, this tab not only offers accurate readings but also adds a touch of style to your engine bay. Correct timing is crucial for maximizing power, fuel efficiency, and preventing engine damage. This timing tab is designed for easy installation and is a valuable tool for any engine tuning or maintenance. Key Features: Specifically for SBC 305/327/350: Ensures proper fitment and accurate readings on these popular Chevy engines. Polished Aluminum Finish: Adds a bright and stylish look to your engine bay while resisting corrosion. Provides Accurate Timing Marks: Offers a clear reference for precise timing adjustments. Essential for Engine Tuning: A crucial tool for maximizing performance and efficiency. Durable Aluminum Construction: Built to withstand engine heat and vibrations. Easy Installation: Designed for a straightforward bolt-on installation. Improves Engine Performance: Accurate timing leads to better power and fuel economy. Why Choose the Mastodon Polished Aluminum Timing Tab for SBC 305/327/350 in South Africa? If you’re tuning or maintaining your Small Block Chevy 305, 327, or 350 engine in South Africa and need an accurate and stylish timin"
"2547","MMR-59022-CR","Mastodon Brake Master Cylinder Tandem CR","mastodon-brake-master-cylinder-tandem-cr","https://allamericanmuscle.co.za/product/mastodon-brake-master-cylinder-tandem-cr/","simple","2126.11","2126.11","2126.11","no","yes","2","Brake Systems","brake-systems","https://allamericanmuscle.co.za/wp-content/uploads/2026/06/MC-025-BLK-1.webp","Brake Master Cylinder Tandem CR. Fit your build with the Brake Master Cylinder Tandem CR. Improves braking performance and feel for safer, more confident…","Fit your build with the Brake Master Cylinder Tandem CR. Improves braking performance and feel for safer, more confident stops. Mastodon performance you can count on, shipped fast across South Africa. Brand: Mastodon Part No: MMR-59022-CR"
"2548","MMR-11201","Mastodon Sbc Bronze Dist Gear 491","mastodon-sbc-bronze-dist-gear-491%c2%80%c2%9d","https://allamericanmuscle.co.za/product/mastodon-sbc-bronze-dist-gear-491%c2%80%c2%9d/","simple","622.30","622.30","622.30","no","yes","","Chassis & Suspension","chassis-suspension","https://allamericanmuscle.co.za/wp-content/uploads/2026/06/msd-8585_rb-1.webp","Sbc Bronze Dist Gear 491 – fits Small Block Chevy. Shop the Sbc Bronze Dist Gear 491 at All American Muscle. A quality piece for classic American…","Shop the Sbc Bronze Dist Gear 491 at All American Muscle. A quality piece for classic American muscle-car and hot-rod builds. Engineered to fit Small Block Chevy applications. Genuine Mastodon quality, in stock and ready to ship. Brand: Mastodon Application: Small Block Chevy Part No: MMR-11201"
"2549","MMR-39038-C","Mastodon C4 Chrome Steel Transmission Dipstick","mastodon-c4-chrome-steel-transmission-dipstick-2","https://allamericanmuscle.co.za/product/mastodon-c4-chrome-steel-transmission-dipstick-2/","simple","450.00","450.00","450.00","no","yes","","Transmission & Drivetrain","transmission-drivetrain","https://allamericanmuscle.co.za/wp-content/uploads/2026/06/MMSI-AT39027-3.webp","C4 Chrome Steel Transmission Dipstick – fits Ford C4. Upgrade with the C4 Chrome Steel Transmission Dipstick. Keeps the lubrication system working reliabl…","Upgrade with the C4 Chrome Steel Transmission Dipstick. Keeps the lubrication system working reliably to protect the engine’s moving parts. Engineered to fit Ford C4 applications. Backed by Mastodon and ideal for street and performance use. Brand: Mastodon Application: Ford C4 Part No: MMR-39038-C"
"2550","MMR-4917000-BK","Mastodon Parking Brake Ass, Floor Mount, 11 Inch,","mastodon-parking-brake-ass-floor-mount-11-inch","https://allamericanmuscle.co.za/product/mastodon-parking-brake-ass-floor-mount-11-inch/","simple","3012.01","3012.01","3012.01","no","yes","","Interior & Accessories","interior-accessories","https://allamericanmuscle.co.za/wp-content/uploads/2026/06/91602063_L_21598c7c-26e2-4f4f-be83-77abcd06bb14.webp","Parking Brake Ass, Floor Mount, 11 Inch. Parking Brake Ass, Floor Mount, 11 Inch. Improves braking performance and feel for safer, more confident stops.A…","Parking Brake Ass, Floor Mount, 11 Inch. Improves braking performance and feel for safer, more confident stops. A reliable Mastodon choice for your American muscle or hot-rod project. Brand: Mastodon Part No: MMR-4917000-BK"
"2551","MMR-3301","Mastodon Ignition Switch Panel Type A Carbon Fibre","mastodon-ignition-switch-panel-type-a-carbon-fibre","https://allamericanmuscle.co.za/product/mastodon-ignition-switch-panel-type-a-carbon-fibre/","simple","919.15","919.15","919.15","no","yes","","Ignitions & Electrical","ignitions-electrical","","Carbon-fibre-finish dash panel (Type A) carrying the ignition switch and starter controls.","The Ignition Switch Panel Type A Carbon Fibre from All American Muscle. A carbon-fibre-finish dash plate that carries the ignition switch and starter controls in one tidy panel — a clean, race-inspired way to wire up a custom, hot rod or track-day build. Mastodon performance you can count on, shipped fast across South Africa. Brand: Mastodon Part No: MMR-3301"
"2552","MMR-1108","Mastodon SBC Dual Plane Aluminum Intake Manifold","mastodon-sbc-dual-plane-aluminum-intake-manifold","https://allamericanmuscle.co.za/product/mastodon-sbc-dual-plane-aluminum-intake-manifold/","simple","4454.33","4454.33","4454.33","no","yes","","Engines & Components","engines-components","https://allamericanmuscle.co.za/wp-content/uploads/2026/06/MMBK-1108.webp","Lightweight Mastodon dual plane aluminum intake manifold for Small Block Chevy engines, enhancing torque and throttle response.","Boost the torque and drivability of your Small Block Chevy (SBC) engine with the Mastodon SBC dual plane aluminum intake. We engineered this manifold to provide excellent low-to-mid range torque. This makes it ideal for street performance, towing, and everyday driving. We constructed it from lightweight aluminum. Consequently, it offers you improved heat dissipation compared to cast iron manifolds. The dual plane design separates the firing order. This results in a stronger and more consistent power delivery. Therefore, you should upgrade your SBC with this Mastodon intake for enhanced throttle response and overall engine performance. Get your Mastodon SBC dual plane aluminum intake now! Key Features Dual Plane Design: It optimizes low-to-mid range torque for you to get improved drivability. Aluminum Construction: It offers a lightweight design and better heat dissipation. Enhanced Throttle Response: It provides quicker and more responsive acceleration. Increased Low-End Torque: We consider it ideal for street performance and towing applications. Improved Fuel Distribution: The dual plane design helps ensure even fuel delivery to all cylinders. Direct Replacement: We designed it to fit most standard SBC engines with a 4-barrel carburetor flange. Why Choose the Mastodon Dual Plane Aluminum Intake Manifold in South Africa? If you are in South Africa and want to get more torque and power from your Small Block Chevy engine, the Mastodon dual plane manifold is an excellent choice."
"2553","MMR-121805-ST","Mastodon Satin 9B Horn Button","mastodon-satin-9b-horn-button","https://allamericanmuscle.co.za/product/mastodon-satin-9b-horn-button/","simple","750.20","750.20","750.20","no","yes","","Interior & Accessories","interior-accessories","https://allamericanmuscle.co.za/wp-content/uploads/2026/06/41010112_L_01be8012-af9d-463b-9c90-d919e9193e91.webp","Satin 9B Horn Button. Shop the Satin 9B Horn Button at All American Muscle. A quality interior/electrical component to finish your build.Backed by Mastodo…","Shop the Satin 9B Horn Button at All American Muscle. A quality interior/electrical component to finish your build. Backed by Mastodon and ideal for street and performance use. Brand: Mastodon Part No: MMR-121805-ST"
"2554","MMR-15007","Mastodon 2×10 Stainless Steel Overflow Tank","mastodon-2x10-stainless-steel-overflow-tank","https://allamericanmuscle.co.za/product/mastodon-2x10-stainless-steel-overflow-tank/","simple","571.02","571.02","571.02","no","yes","","Cooling & Heating","cooling-heating","https://allamericanmuscle.co.za/wp-content/uploads/2026/06/MMSI-AT15007.webp","Durable 2×10 inch Mastodon stainless steel overflow tank for reliable coolant management and a stylish look.","Keep your engine’s cooling system functioning optimally and looking sharp with the Mastodon 2×10 Stainless Steel Overflow Tank. We designed this high-quality overflow tank to capture excess coolant that the radiator expels as the engine heats up. Consequently, it returns that coolant as the engine cools down. This process maintains the correct coolant level and prevents air pockets. We constructed this tank from durable and corrosion-resistant stainless steel. Therefore, we built it to last and to withstand the harsh conditions of the engine bay. Its sleek 2×10 inch cylindrical design offers a clean and stylish aesthetic. Ultimately, this overflow tank is a universal fit for most vehicles and is an excellent upgrade from a worn or unsightly plastic tank. Key Features Durable Stainless Steel Construction: It offers excellent corrosion resistance and longevity. Maintains Proper Coolant Level: This ensures optimal cooling system performance. Prevents Air Pockets: It helps to avoid overheating and engine damage. Universal Fit: We designed it to be compatible with most vehicle makes and models. Sleek 2×10 Inch Cylindrical Design: It adds a clean and stylish look to the engine bay. Easy to Install: We designed it for straightforward installation. Essential for Cooling System Health: This is a vital component for reliable engine operation. Why Choose the Mastodon 2×10 Stainless Steel Overflow Tank in South Africa? If you’re looking to upgrade your vehicle’s cooling system with a dur"
"2555","MMR-25081","Mastodon Billet Aluminum Spark Plug Wire Looms Small Block Chevy","mastodon-billet-aluminum-spark-plug-wire-looms-small-block-chevy","https://allamericanmuscle.co.za/product/mastodon-billet-aluminum-spark-plug-wire-looms-small-block-chevy/","simple","1232.16","1232.16","1232.16","no","no","0","Engines & Components","engines-components","https://allamericanmuscle.co.za/wp-content/uploads/2026/04/AAR_3.webp","Mastodon Billet Aluminum Spark Plug Wire Looms, SB","Mastodon Billet Aluminum Spark Plug Wire Looms designed specifically for Small Block Chevy SBC engines. Precision-machined from high-quality billet aluminum."
"2556","MMR-25098","Mastodon Crankshaft Pulley 1-Groove LWP SBC Aluminium","mastodon-crankshaft-pulley-1-groove-lwp-sbc-aluminium","https://allamericanmuscle.co.za/product/mastodon-crankshaft-pulley-1-groove-lwp-sbc-aluminium/","simple","969.83","969.83","969.83","no","yes","","Engines & Components","engines-components","https://allamericanmuscle.co.za/wp-content/uploads/2026/06/MMR8852.webp","Durable Mastodon single groove crank pulley designed for Small Block Chevy engines with a short water pump. Ensures proper accessory drive.","You can improve throttle response and upgrade the aesthetics of your Small Block Chevrolet (SBC) engine with the Mastodon Crankshaft Pulley. This lightweight pulley features a single V-belt groove. It is specifically machined for Long Water Pump (LWP) applications. As a result, you get a perfect combination of reduced rotating mass and precise belt alignment. This is an essential component for you if you are building a custom or minimalist engine bay. As a trusted supplier in Alberton, Gauteng, we provide you with top-tier engine components to enhance your vehicle’s performance and appearance. Key Features Lightweight Aluminium Construction: This material significantly reduces rotating mass. Consequently, you free up latent horsepower and immediately notice improved throttle response. 1-Groove Design: This provides a clean, minimalist appearance. It is ideal for you if you are running a single-belt system (e.g., just the water pump and alternator). LWP Compatibility: We engineered it for Long Water Pump setups. This ensures perfect alignment with your other LWP accessories. This is crucial for belt stability and longevity. SBC-Specific Fitment: It is designed as a direct bolt-on for Small Block Chevrolet engines. This makes the installation process straightforward for you. Durable Finish: The aluminium finish resists corrosion and wear. Therefore, it maintains its clean, custom look for a long time. Improved Throttle Response: The lighter weight allows the engine to rev up fa"
"2557","MMR-25099","Mastodon, 2 Groove Crankshaft Pulley, LWP","mastodon-2-groove-crankshaft-pulley-lwp","https://allamericanmuscle.co.za/product/mastodon-2-groove-crankshaft-pulley-lwp/","simple","1122.43","1122.43","1122.43","no","no","0","Engines & Components","engines-components","https://allamericanmuscle.co.za/wp-content/uploads/2026/06/MMR8852-2.webp","Mastodon, 2 Groove Crankshaft Pulley, LWP. Fit your build with the Mastodon, 2 Groove Crankshaft Pulley, LWP. Maintains correct drive-belt alignment and t…","Fit your build with the Mastodon, 2 Groove Crankshaft Pulley, LWP. Maintains correct drive-belt alignment and turns the engine accessories smoothly. Backed by Mastodon and ideal for street and performance use. Brand: Mastodon Part No: MMR-25099"
"2558","MMR-43025","Mastodon Subframe Body Mount Bushing Kit With Hard","mastodon-subframe-body-mount-bushing-kit-with-hard","https://allamericanmuscle.co.za/product/mastodon-subframe-body-mount-bushing-kit-with-hard/","simple","1099.15","1099.15","1099.15","no","yes","","Chassis & Suspension","chassis-suspension","https://allamericanmuscle.co.za/wp-content/uploads/2026/06/92613832_L1600_f79943b7-2471-4013-8244-914a7b9203e0.webp","Subframe Body Mount Bushing Kit With Hard. Shop the Subframe Body Mount Bushing Kit With Hard at All American Muscle. Upgrades handling and ride quality w…","Shop the Subframe Body Mount Bushing Kit With Hard at All American Muscle. Upgrades handling and ride quality with quality suspension hardware. A reliable Mastodon choice for your American muscle or hot-rod project. Brand: Mastodon Part No: MMR-43025"
"2559","MMR-72028","Mastodon Intake Manifold SBC – Satin 57-95","mastodon-intake-manifold-sbc-satin-57-95","https://allamericanmuscle.co.za/product/mastodon-intake-manifold-sbc-satin-57-95/","simple","6788.83","6788.83","6788.83","no","yes","","Engines & Components","engines-components","https://allamericanmuscle.co.za/wp-content/uploads/2026/06/MMR72028.webp","Mastodon satin finish intake manifold for 1957-1995 Small Block Chevy V8 engines. Improves airflow and performance.","Upgrade the performance of your Small Block Chevrolet V8 engine (1957-1995) with the Mastodon Intake Manifold SBC. Featuring a durable satin finish, this intake manifold is designed to improve airflow and optimize fuel distribution. This leads to potential gains in horsepower and torque. Whether you’re building a street machine or looking for better performance from your classic Chevy, we consider this Mastodon intake manifold a reliable choice. In fact, its design ensures a proper fit and enhanced engine breathing for a wide range of Small Block Chevy V8 applications. Key Features Mastodon Performance: We engineered it for improved airflow and engine performance. Fits 1957-’95 Sb Chevy V8: We specifically designed it for Small Block Chevrolet V8 engines that were manufactured between 1957 and 1995. Satin Finish: It offers a durable and classic look under the hood. Optimized Airflow: We designed it to enhance the volume and velocity of air that enters the cylinders. Improved Fuel Distribution: It promotes more even fuel delivery for better combustion. Potential Horsepower and Torque Gains: It can unlock the hidden potential of your SBC V8. Durable Construction: We made it from high-quality materials for long-lasting performance. Direct Replacement: We designed it for easy installation on compatible engines. Why Choose the Mastodon Intake Manifold SBC in South Africa? If you’re in South Africa and want to boost the performance of your 1957-1995 Small Block Chevy V8 engine, the"
"2560","MMR-75024","Mastodon Valve Cover, Aluminum LS","mastodon-valve-cover-aluminum-ls","https://allamericanmuscle.co.za/product/mastodon-valve-cover-aluminum-ls/","simple","6657.21","6657.21","6657.21","no","yes","","Engines & Components","engines-components","https://allamericanmuscle.co.za/wp-content/uploads/2026/06/91603192_L1600_31672af0-6101-4ed0-8bf4-4da140785c7e.webp","Valve Cover, Aluminum LS – fits GM LS. Valve Cover, Aluminum LS. A quality valvetrain component built for dependable, high-rpm performance.Engineered to f…","Valve Cover, Aluminum LS. A quality valvetrain component built for dependable, high-rpm performance. Engineered to fit GM LS applications. Genuine Mastodon quality, in stock and ready to ship. Brand: Mastodon Application: GM LS Part No: MMR-75024"
"2561","MMR-81002","GM Saginaw Power Steering Pump Mastodon","gm-saginaw-power-steering-pump-mastodon","https://allamericanmuscle.co.za/product/gm-saginaw-power-steering-pump-mastodon/","simple","3986.45","3986.45","3986.45","no","yes","2","Engines & Components","engines-components","https://allamericanmuscle.co.za/wp-content/uploads/2026/06/SI-AT81002.webp","Upgrade to the Mastodon Chrome GM Saginaw Power Steering Pump. This high-output, brand-new unit delivers smooth, effortless steering. The triple-plated chrome adds a dazzling touch to any engine bay.","You can achieve both effortless steering and a show-winning engine bay with the Mastodon Chrome GM Saginaw Power Steering Pump. This high-output pump is engineered for superior hydraulic performance. It is then finished with a brilliant, triple-plated chrome. As a result, you get reliable, smooth steering control and a stunning aesthetic upgrade. This is an essential component for you if you are running a classic GM muscle car or truck. As a trusted supplier in Alberton, Gauteng, we provide you with top-tier fluid and engine components to ensure your vehicle handles as good as it looks. Key Features GM Saginaw Type Pump: This is a highly reliable design. It ensures broad compatibility with the most common GM mounting brackets and hoses. Show-Quality Chrome Finish: We apply a triple-plated chrome layer. This provides a mirror-like shine. Consequently, it offers exceptional durability and corrosion resistance. High-Volume Output: The internals are engineered to provide consistent, high-pressure fluid flow. This ensures smooth power steering response, even at low engine speeds or with heavy steering loads. Brand-New Construction: This is a completely new unit. It provides maximum reliability. It eliminates the risks and short lifespan often associated with rebuilt components. Universal Compatibility: It accepts standard press-on pulleys and works with most traditional Saginaw-style remote reservoirs. This makes integration into your existing system easy. Improves Steering Feel: "
"2562","MMR-8964-R","Mastodon High Voltage 50000 Volt Ignition Coil","mastodon-high-voltage-50000-volt-ignition-coil","https://allamericanmuscle.co.za/product/mastodon-high-voltage-50000-volt-ignition-coil/","simple","1500.00","1500.00","1500.00","no","yes","","Ignitions & Electrical","ignitions-electrical","https://allamericanmuscle.co.za/wp-content/uploads/2026/06/MMR8964R.webp","Mastodon high voltage 50000 volt ignition coil for improved combustion, throttle response, and potential power gains.","Unleash the full potential of your engine’s ignition system with the Mastodon High Voltage Ignition Coil, delivering a powerful 50,000 volts. This high-performance coil is engineered to provide a strong and consistent spark, leading to improved combustion efficiency, enhanced throttle response, and potentially increased horsepower and torque. Ideal for performance enthusiasts and those looking to upgrade their ignition system for better reliability and power, this Mastodon high-voltage coil is a direct replacement for many stock coils. Ensure optimal engine performance with this powerful ignition upgrade. Key Features: Mastodon High Performance: Engineered for a powerful and consistent spark. 50,000 Volt Output: Provides a high-energy spark for improved combustion. Enhanced Throttle Response: Experience quicker and more precise acceleration. Improved Combustion Efficiency: Ensures more complete burning of the fuel mixture. Potential Horsepower and Torque Gains: Unlock hidden power in your engine. Direct Replacement: Designed to replace many factory ignition coils. Durable Construction: Built with high-quality materials for long-lasting reliability. Why Choose the Mastodon High Voltage 50000 Volt Ignition Coil in South Africa? If you’re in South Africa and looking to upgrade your ignition system for improved performance, throttle response, and potentially more power, the Mastodon High Voltage 50000 Volt Ignition Coil is a powerful and reliable choice. Specifications: Voltage O"
"2563","MMR-121004","Mastodon 14 Black Spoke Full Wrap Steering Wheel","mastodon-14-black-spoke-full-wrap-steering-wheel","https://allamericanmuscle.co.za/product/mastodon-14-black-spoke-full-wrap-steering-wheel/","simple","4950.00","4950.00","4950.00","no","yes","","Interior & Accessories","interior-accessories","https://allamericanmuscle.co.za/wp-content/uploads/2026/04/product20281629.webp","Mastodon Billet Steering Wheel 14″ Black Spoke, Fu","13 3/4 inch diameter forged aluminium steering wheel with interchangeable half-wrap colours. Includes installation kit. Excludes horn button."
"2564","MMR-121199","Classic 17″ 18 rivet steering wheel 9 Hole Mastodon","classic-17-18-rivet-steering-wheel-9-hole-mastodon","https://allamericanmuscle.co.za/product/classic-17-18-rivet-steering-wheel-9-hole-mastodon/","simple","2500.00","2500.00","2500.00","no","yes","","Interior & Accessories","interior-accessories","https://allamericanmuscle.co.za/wp-content/uploads/2026/06/15-scaled-1.webp","High-quality Mastodon classic 17-inch steering wheel with 18 rivets and a 9-hole bolt pattern, offering authentic vintage styling for custom and classic vehicles.","Command your classic ride with authentic vintage style and a comfortable grip using the Mastodon Classic 17″ 18 rivet steering wheel. This distinguished steering wheel is designed for enthusiasts seeking a period-correct or custom hot rod aesthetic, featuring a large 17-inch diameter for a traditional feel and prominent 18-rivet detailing around the grip. We meticulously craft this wheel with attention to historical accuracy and modern durability, ensuring it becomes a captivating focal point in your vehicle’s interior. The robust construction and high-quality finish consequently provide exceptional longevity and a visually stunning upgrade. Furthermore, its 9-hole bolt pattern ensures compatibility with a wide range of aftermarket adapter hubs, making it a versatile choice for various classic and custom applications. Installing a Mastodon Classic 17″ Steering Wheel ultimately enhances your driving experience, offering both a commanding presence and a comfortable grip. This essential interior upgrade is readily available across South Africa, shipping directly from Alberton, Gauteng. Don’t be shy, get your Classic 17″ 18 rivet steering wheel 9 Hole now! Key Features: Mastodon Quality: We manufacture this steering wheel for exceptional craftsmanship and durability. Large 17-inch Diameter: Offers a classic, commanding feel and improved leverage for larger vehicles or traditional setups. Authentic 18-Rivet Detail: Features period-correct exposed rivets around the rim, enhancing v"
"2565","MMR-1609ABK-2BK","Mastodon Washable Full Flow Round Air Filter BK","mastodon-washable-full-flow-round-air-filter-bk","https://allamericanmuscle.co.za/product/mastodon-washable-full-flow-round-air-filter-bk/","simple","1546.97","1546.97","1546.97","no","yes","","Air & Fuel Delivery","air-fuel-delivery","https://allamericanmuscle.co.za/wp-content/uploads/2026/06/1614ABK-3BK-2.webp","Washable Full Flow Round Air Filter BK. Washable Full Flow Round Air Filter BK. Protects the engine by filtering intake air while allowing strong airflow.…","Washable Full Flow Round Air Filter BK. Protects the engine by filtering intake air while allowing strong airflow. Backed by Mastodon and ideal for street and performance use. Brand: Mastodon Part No: MMR-1609ABK-2BK"
"2566","MMR-194","Mastodon Engine Swap Mounts, Weld-In, SBC/BBC","mastodon-engine-swap-mounts-weld-in-sbc-bbc","https://allamericanmuscle.co.za/product/mastodon-engine-swap-mounts-weld-in-sbc-bbc/","simple","1500.00","1500.00","1500.00","no","yes","","Engines & Components","engines-components","https://allamericanmuscle.co.za/wp-content/uploads/2026/06/MMSI-AT25138-1.webp","Engine Swap Mounts, Weld-In, SBC/BBC – fits Small Block Chevy. The Engine Swap Mounts, Weld-In, SBC/BBC from All American Muscle. Locates the engine or dr…","The Engine Swap Mounts, Weld-In, SBC/BBC from All American Muscle. Locates the engine or driveline securely while damping vibration. Engineered to fit Small Block Chevy applications. A reliable Mastodon choice for your American muscle or hot-rod project. Brand: Mastodon Application: Small Block Chevy Part No: MMR-194"
"2567","MMR-43023-BK","Mastodon GM Old Blocks Transmission Mount Polyurethane","mastodon-gm-old-blocks-transmission-mount-polyurethane","https://allamericanmuscle.co.za/product/mastodon-gm-old-blocks-transmission-mount-polyurethane/","simple","670.17","670.17","670.17","no","yes","","Transmission & Drivetrain","transmission-drivetrain","https://allamericanmuscle.co.za/wp-content/uploads/2026/06/MMSI-AT43023-BK-1.webp","Reliable Mastodon transmission mount designed for General Motors “Old Blocks” engines, ensuring proper fit and reducing drivetrain vibration.","Ensure a secure and reliable transmission mounting solution for your classic General Motors “Old Blocks” engine with the Mastodon GM Old Blocks Transmission Mount. This mount is specifically designed to be compatible with older GM engine blocks, providing the necessary support and alignment for your transmission. Constructed from durable materials, this mount helps to minimize unwanted transmission movement, reducing vibration and noise while ensuring proper power transfer. Whether you’re restoring a vintage GM vehicle or performing an engine swap using an older block, this Mastodon transmission mount offers the correct fit and robust support you need for a stable and smooth drivetrain. Key Features: Mastodon Quality: Engineered for reliable support and durability. Specifically for GM Old Blocks: Designed to fit older General Motors engine blocks. Minimizes Vibration and Noise: Reduces unwanted drivetrain movement. Ensures Proper Alignment: Supports correct transmission positioning. Durable Construction: Built to withstand the stresses of the drivetrain. Ideal for Restorations and Swaps: Perfect for vintage GM projects. Provides Stable Drivetrain: Enhances overall driving comfort and performance. Why Choose the Mastodon GM Old Blocks Transmission Mount in South Africa? If you’re working on a classic General Motors vehicle with an “Old Blocks” engine in South Africa and need a reliable transmission mount that ensures proper fitment and stability, this Mastodon mount is the ide"
"2568","MMR-8001-BK","Mastodon Brake Booster","mastodon-brake-booster","https://allamericanmuscle.co.za/product/mastodon-brake-booster/","simple","3000.00","3000.00","3000.00","no","yes","","Brake Systems","brake-systems","https://allamericanmuscle.co.za/wp-content/uploads/2026/06/100-3802S-Brake-Booster-8-inch-Ford-Mustang-1967-70-Single-Diap-1.jpg","Brake Booster. Shop the Brake Booster at All American Muscle. Improves braking performance and feel for safer, more confident stops.Genuine Mastodon quali…","Shop the Brake Booster at All American Muscle. Improves braking performance and feel for safer, more confident stops. Genuine Mastodon quality, in stock and ready to ship. Brand: Mastodon Part No: MMR-8001-BK"
"2569","MMR-11225","Mastodon Mechanical Fuel Pump Eccentric Kit, SBF","mastodon-mechanical-fuel-pump-eccentric-kit-sbf","https://allamericanmuscle.co.za/product/mastodon-mechanical-fuel-pump-eccentric-kit-sbf/","simple","435.14","435.14","435.14","no","yes","","Air & Fuel Delivery","air-fuel-delivery","","Mechanical Fuel Pump Eccentric Kit, SBF – fits Ford Small Block (Windsor). Upgrade with the Mechanical Fuel Pump Eccentric Kit, SBF. Delivers steady fuel…","Upgrade with the Mechanical Fuel Pump Eccentric Kit, SBF. Delivers steady fuel volume and pressure to keep the engine fed under load. Engineered to fit Ford Small Block (Windsor) applications. Backed by Mastodon and ideal for street and performance use. Brand: Mastodon Application: Ford Small Block (Windsor) Part No: MMR-11225"
"2570","MMR-58008-F","Mastodon SBC Timing Cover Gasket Set","mastodon-sbc-timing-cover-gasket-set","https://allamericanmuscle.co.za/product/mastodon-sbc-timing-cover-gasket-set/","simple","200.00","200.00","200.00","no","yes","","Gaskets & Seals","gaskets-seals","https://allamericanmuscle.co.za/wp-content/uploads/2026/06/MMSI-AT58022-1-1.webp","SBC Timing Cover Gasket Set – fits Small Block Chevy. SBC Timing Cover Gasket Set. Provides a durable, leak-free seal and is made to meet or exceed OE spe…","SBC Timing Cover Gasket Set. Provides a durable, leak-free seal and is made to meet or exceed OE specifications. Engineered to fit Small Block Chevy applications. A reliable Mastodon choice for your American muscle or hot-rod project. Brand: Mastodon Application: Small Block Chevy Part No: MMR-58008-F"
"2571","MMR-6117","Mastodon LS1 5.7L Engine Gasket Set","mastodon-ls1-5-7l-engine-gasket-set","https://allamericanmuscle.co.za/product/mastodon-ls1-5-7l-engine-gasket-set/","simple","4777.18","4777.18","4777.18","no","yes","","Gaskets & Seals","gaskets-seals","https://allamericanmuscle.co.za/wp-content/uploads/2026/06/MMR6117-1-1.webp","LS1 5.7L Engine Gasket Set – fits GM LS. The LS1 5.7L Engine Gasket Set from All American Muscle. Provides a durable, leak-free seal and is made to meet o…","The LS1 5.7L Engine Gasket Set from All American Muscle. Provides a durable, leak-free seal and is made to meet or exceed OE specifications. Engineered to fit GM LS applications. Mastodon performance you can count on, shipped fast across South Africa. Brand: Mastodon Application: GM LS Part No: MMR-6117"
"2572","MMR-206","Mastodon Shifter Boot Small Round Black Rubber","mastodon-shifter-boot-small-round-black-rubber","https://allamericanmuscle.co.za/product/mastodon-shifter-boot-small-round-black-rubber/","simple","327.51","327.51","327.51","no","yes","","Interior & Accessories","interior-accessories","https://allamericanmuscle.co.za/wp-content/uploads/2026/06/RH-RON-206.webp","Compact and durable Mastodon small round black rubber shifter boot for sealing manual shifter openings and protecting your interior.","Protect your vehicle’s interior and provide a clean finish around your manual shifter with the Mastodon Small Round Black Rubber Shifter Boot. This compact and versatile boot is designed to seal the opening around your gear stick, preventing road noise, dust, and debris from entering the cabin. Made from durable black rubber, it offers excellent flexibility and resilience, ensuring a long-lasting seal. Its small, round design makes it an ideal choice for custom applications, classic car restorations, or replacing a worn-out boot where space is limited, ensuring a tidy and protected interior for your vehicle in South Africa. Key Features: Mastodon Quality: Constructed from robust materials for extended durability. Small Round Design: Ideal for compact spaces and various custom applications. Durable Black Rubber: Provides excellent flexibility, resilience, and a neat appearance. Effective Seal: Prevents dust, dirt, debris, and road noise from entering the cabin. Protects Shifter Mechanism: Shields internal components from external elements. Universal Fit: Adaptable for a wide range of manual transmission shifters. Easy Installation: Designed for a straightforward fitting process. Nationwide Delivery Across South Africa: We ship interior accessories nationwide. Expert Support Available: Our team can assist with any questions regarding fitment. Specifications: Application: Universal (for manual transmission shifters) Type: Shifter Boot Shape: Small Round Material: Black Rubber Br"
"2573","MMR-26422","C4 Transmission Filter Internal","c4-transmission-filter-internal","https://allamericanmuscle.co.za/product/c4-transmission-filter-internal/","simple","180.60","180.60","180.60","no","no","0","Transmission & Drivetrain","transmission-drivetrain","https://allamericanmuscle.co.za/wp-content/uploads/2026/06/G26422A.webp|https://allamericanmuscle.co.za/wp-content/uploads/2026/06/G26422A-2.webp","C4 internal transmission filter. Ensures clean transmission fluid.","C4 internal transmission filter is a crucial component designed to keep your transmission fluid clean and free of contaminants. As transmission fluid circulates through your vehicle’s automatic or manual transmission, it picks up wear particles, debris, and other impurities. This filter plays a vital role in trapping these contaminants, preventing them from circulating and causing damage to critical transmission components such as the valve body, pump, and clutch packs. Key Features: Effective Filtration: Removes contaminants from transmission fluid. Protects Transmission Components: Helps prevent wear and damage. Ensures Smooth Shifting: Contributes to optimal transmission performance. Extends Transmission Life: Promotes longevity and reliability. Internal Filter: Located inside the transmission pan. Direct Replacement: Designed to fit specific transmission applications. Important for Transmission Service: Should be replaced at recommended intervals. [Potentially include filter material type if known] Nationwide Delivery Across South Africa: We ship transmission filters nationwide. Expert Support Available: Our team can assist with verifying the correct filter for your vehicle. Why Choose the G26422AC4 Internal Transmission Filter in South Africa? If you are performing a transmission service or experiencing transmission issues in South Africa on a compatible vehicle, this internal filter is designed to effectively clean your transmission fluid, helping to maintain the health"
"2574","MMR-25005","Mastodon Alternator Bracket Kit","mastodon-alternator-bracket-kit","https://allamericanmuscle.co.za/product/mastodon-alternator-bracket-kit/","simple","907.99","907.99","907.99","no","yes","","Engines & Components","engines-components","","Alternator Bracket Kit. Upgrade with the Alternator Bracket Kit. Reliable charging output to keep the battery and electrics powered.A reliable Mastodon ch…","Upgrade with the Alternator Bracket Kit. Reliable charging output to keep the battery and electrics powered. A reliable Mastodon choice for your American muscle or hot-rod project. Brand: Mastodon Part No: MMR-25005"
"2576","MMR-11145","Fuel Pump Block Off Plate Gasket SBC (Pair) Mastodon","fuel-pump-block-off-plate-gasket-sbc-pair-mastodon","https://allamericanmuscle.co.za/product/fuel-pump-block-off-plate-gasket-sbc-pair-mastodon/","simple","175.73","175.73","175.73","no","yes","1","Gaskets & Seals","gaskets-seals","https://allamericanmuscle.co.za/wp-content/uploads/2026/06/MMSI-AT11145-2.webp","Pair of durable Mastodon fuel pump block off plate gaskets for Small Block Chevy (SBC) engines, ensuring a reliable oil seal.","Ensure a reliable and leak-free seal when using a fuel pump block off plate on your Small Block Chevy (SBC) engine. This set includes two high-quality gaskets specifically designed to fit between a standard SBC block off plate and the engine block. When converting to an electric fuel pump or eliminating the need for a mechanical pump, these gaskets are essential for preventing oil leaks from the engine’s timing cover area. Constructed from durable materials, these Mastodon gaskets provide a tight and long-lasting seal, ensuring a clean and functional engine bay. Sold as a pair, these gaskets are a perfect accompaniment to your SBC engine. Key Features: Mastodon Quality: Engineered for a reliable and leak-free seal. Specifically for SBC: Designed to fit Small Block Chevy engine fuel pump block off plates. Prevents Oil Leaks: Ensures no oil escapes after removing the mechanical pump. Durable Construction: Made from quality materials for long-lasting performance. Ensures Proper Sealing: Creates a tight barrier against oil leaks. Essential for Electric Fuel Pump Conversions: A necessary component for a clean setup. Sold as a Pair: Provides gaskets for potential future use or multiple installations. Nationwide Delivery Across South Africa: We ship fuel system components throughout SA. Expert Support Available: Our team can assist with compatibility questions. Why Choose the Mastodon Fuel Pump Block Off Plate Gasket Set for Your SBC Engine in South Africa? If you’re converting to a"
"2577","MMR-AT39020-C","Mastodon Chrome Stainless Steel Engine Oil Dipstick SBC","mastodon-chrome-stainless-steel-engine-oil-dipstick-sbc","https://allamericanmuscle.co.za/product/mastodon-chrome-stainless-steel-engine-oil-dipstick-sbc/","simple","436.56","436.56","436.56","no","no","0","Engines & Components","engines-components","https://allamericanmuscle.co.za/wp-content/uploads/2026/06/MMSI-AT39020.webp","Durable stainless steel Mastodon engine oil dipstick with a chrome finish for Small Block Chevy (SBC) engines, ensuring accurate oil level readings.","Add a touch of chrome and ensure accurate oil level readings in your Small Block Chevy (SBC) engine with the Mastodon Chrome Stainless Steel Engine Oil Dipstick. This high-quality dipstick is constructed from durable stainless steel for long-lasting performance and features a bright chrome finish that enhances the look of your engine bay. Designed as a direct replacement for many factory SBC oil dipsticks, it provides a reliable and easy way to check your engine oil level. The clear and precise markings ensure accurate readings, helping you maintain proper lubrication and prevent engine damage. Upgrade your engine’s functionality and appearance with this stylish and practical Mastodon chrome stainless steel oil dipstick. Key Features: Mastodon Quality: Engineered for accurate readings and durability. Stainless Steel Construction: Offers excellent corrosion resistance and longevity. Bright Chrome Finish: Adds a stylish and clean look to the engine bay. Direct Replacement for SBC: Designed to fit many Small Block Chevy engines. Clear and Precise Markings: Ensures accurate oil level readings. Easy to Use: Provides a simple way to check engine oil. Helps Prevent Engine Damage: By ensuring proper lubrication levels. Enhances Engine Bay Appearance: Adds a touch of chrome. Why Choose the Mastodon Chrome Stainless Steel Engine Oil Dipstick for Your SBC in South Africa? If you’re looking for a durable, accurate, and stylish replacement oil dipstick for your Small Block Chevy engine in"
"2578","MMR-39032","Chevy LS SS Flexible Oil Dipstick","chevy-ls-ss-flexible-oil-dipstick","https://allamericanmuscle.co.za/product/chevy-ls-ss-flexible-oil-dipstick/","simple","574.44","574.44","574.44","no","no","0","Engines & Components","engines-components","https://allamericanmuscle.co.za/wp-content/uploads/2026/06/MMSI-AT39032.webp","Flexible stainless steel engine oil dipstick for Chevy LS SS engines. Easy to read and install.","Upgrade your Chevy LS SS engine with this high-quality, flexible engine oil dipstick. We designed it for durability and ease of use. Therefore, this stainless steel dipstick allows for quick and accurate oil level checks. Furthermore, its flexible design makes it easier to access the dipstick tube, even in tight engine bays. As a direct replacement for your factory dipstick, it ensures a proper seal and reliable readings. Ultimately, it is perfect for engine swaps, performance builds, or routine maintenance on your LS SS powered vehicle across South Africa. Key Features: Specifically designed for Chevy LS SS engines. Flexible stainless steel construction for durability and easy access. Ensures accurate oil level readings. Direct replacement for the factory dipstick. Easy to install. Resistant to corrosion and engine bay chemicals. Enhances the look of your engine bay. Nationwide delivery across South Africa. Expert support available for installation queries. Why Choose This Flexible Oil Dipstick for Your Chevy LS SS in South Africa? If you own a Chevy LS SS vehicle in South Africa and need a durable, easy-to-use oil dipstick, this flexible stainless steel option is an excellent upgrade. In addition, it offers improved accessibility and a longer lifespan compared to standard dipsticks. Specifications: Application: Chevy LS SS Engines Type: Flexible Engine Oil Dipstick Material: Stainless Steel Brand: Aftermarket Upgrade the functionality and appearance of your Chevy LS SS engi"
"2579","MMR-BH195","Mastodon SBC 195 Cylinder Bare Head Each","mastodon-sbc-195-cylinder-bare-head-each","https://allamericanmuscle.co.za/product/mastodon-sbc-195-cylinder-bare-head-each/","simple","5750.00","5750.00","5750.00","no","yes","","Engines & Components","engines-components","https://allamericanmuscle.co.za/wp-content/uploads/2026/06/9108002_L1450_934c0ce3-a7d4-4418-a5e0-404d42708e11.webp","SBC 195 Cylinder Bare Head Each – fits Small Block Chevy. Upgrade with the SBC 195 Cylinder Bare Head Each. A quality piece for classic American muscle-ca…","Upgrade with the SBC 195 Cylinder Bare Head Each. A quality piece for classic American muscle-car and hot-rod builds. Engineered to fit Small Block Chevy applications. Mastodon performance you can count on, shipped fast across South Africa. Brand: Mastodon Application: Small Block Chevy Part No: MMR-BH195"
"2580","MMR-3202","Mastodon SBC Vortec Intake Manifold","mastodon-sbc-vortec-intake-manifold","https://allamericanmuscle.co.za/product/mastodon-sbc-vortec-intake-manifold/","simple","4327.07","4327.07","4327.07","no","yes","","Engines & Components","engines-components","https://allamericanmuscle.co.za/wp-content/uploads/2026/06/MMBK-3202H-2.webp","High-performance Mastodon intake manifold specifically designed for Small Block Chevy engines with Vortec cylinder heads.","Maximize the performance potential of your Small Block Chevy (SBC) engine equipped with Vortec cylinder heads using the Mastodon SBC Vortec Intake Manifold. Specifically designed to match the unique port configuration of Vortec heads, this manifold optimizes airflow for increased horsepower and torque across the RPM range. Its efficient design ensures excellent performance for street, strip, and off-road applications. Upgrade your Vortec-headed SBC with this Mastodon intake for improved breathing and overall engine power. Get your Mastodon SBC Vortec Intake Manifold now ! Key Features: Designed for Vortec Heads: Specifically engineered to match the intake port design of Vortec cylinder heads for optimal flow. Increased Horsepower and Torque: Enhances engine breathing for significant power gains. Optimized Airflow: Delivers improved performance throughout the RPM band. Durable Construction: Built to withstand the demands of high-performance engines. Versatile Application: Suitable for street, racing, and off-road builds utilizing Vortec heads. Direct Replacement: Designed to bolt directly onto SBC engines with Vortec cylinder heads. Specifications: Application: Small Block Chevy (SBC) Engines with Vortec Cylinder Heads Port Style: Vortec Material: Aluminum (typically, though not explicitly stated in the short product name) Carburetor Flange: Usually 4-Barrel (verify product specifics) Brand: Mastodon Frequently Asked Questions: What are Vortec cylinder heads? Vortec cylinder h"
"2581","MMR-45012","Mastodon Steering Shaft U-Joint","mastodon-steering-shaft-u-joint","https://allamericanmuscle.co.za/product/mastodon-steering-shaft-u-joint/","simple","735.39","735.39","735.39","no","yes","","Chassis & Suspension","chassis-suspension","https://allamericanmuscle.co.za/wp-content/uploads/2026/06/uJoint.webp","Universal joint for the steering shaft — runs the steering through an angle without slop.","The Steering Shaft U-Joint from All American Muscle. Joins two sections of steering shaft and lets the steering run through an angle between the column and the box, without introducing slop or binding. Backed by Mastodon and ideal for street and performance use. Brand: Mastodon Part No: MMR-45012"
"2582","MMR-75026","Mastodon Vintage Finned Valve Covers, GM LS, Hidden Coils","mastodon-vintage-finned-valve-covers-gm-ls-hidden-coils","https://allamericanmuscle.co.za/product/mastodon-vintage-finned-valve-covers-gm-ls-hidden-coils/","simple","6029.23","6029.23","6029.23","no","yes","","Engines & Components","engines-components","https://allamericanmuscle.co.za/wp-content/uploads/2026/06/SI-AT75025.webp","Achieve a show-car look with Mastodon Vintage Finned Valve Covers for your GM LS. The covers are polished cast aluminium and feature a smart design that completely hides the ignition coils and wiring.","You can transform your modern engine with a timeless look using the Mastodon Vintage Finned Valve Covers. We specifically engineered these covers for the popular GM LS engine family. They brilliantly hide the unsightly ignition coil packs and wiring underneath the cover itself. This creates a clean, classic aesthetic that clears the visual clutter common with factory LS engines. Furthermore, the cast aluminium body features deep, aggressive fins and a brilliant polished finish. This provides the ultimate combination of vintage style, cooling, and show-quality appeal. As a trusted supplier in Alberton, Gauteng, we deliver premium engine dress-up components across South Africa. Key Features Coil-on-Plug Hiding: The interior structure ingeniously conceals the coil packs and wiring. This results in a super-clean, high-end engine bay that rivals any traditional V8 setup. Vintage Finned Styling: The exterior features classic horizontal fins. This achieves an old-school look that perfectly complements hot rods, classic trucks, and custom vehicles. Show-Quality Polished Finish: Manufacturers highly polish the cast aluminium material. This provides a deep, mirror-like shine right out of the box. Therefore, you require minimal preparation for a show car. Durable Cast Aluminium: The heavy-duty aluminium construction improves heat dissipation compared to plastic covers. Moreover, it provides superior sound dampening. Direct LS Fitment: Engineers designed the covers as a direct bolt-on fo"
"2583","MMR-121019","Mastodon 14 Inch Satin Half Wrap Black Steering Wheel","mastodon-14-inch-satin-half-wrap-black-steering-wheel","https://allamericanmuscle.co.za/product/mastodon-14-inch-satin-half-wrap-black-steering-wheel/","simple","4900.00","4900.00","4900.00","no","yes","","Interior & Accessories","interior-accessories","https://allamericanmuscle.co.za/wp-content/uploads/2026/06/121019-C22-scaled-1.webp","Distinctive 14-inch Mastodon steering wheel with a comfortable black half wrap and modern satin finish spokes for a unique interior upgrade","Mastodon 14 Inch Satin Half Wrap Black Steering Wheel Upgrade your vehicle’s interior in South Africa with the distinctive Mastodon 14 Inch Satin Half Wrap Black Steering Wheel. This steering wheel features a comfortable black half wrap and modern satin finish spokes, offering a unique blend of classic and contemporary style. The 14-inch diameter provides excellent control and a comfortable driving experience. Ideal for custom builds, hot rods, and anyone looking to add a touch of modern elegance to their interior in SA. Requires a compatible steering wheel adapter (sold separately) for installation on most aftermarket steering columns. Key Features: Mastodon Styling: Unique blend of classic and modern design. 14-Inch Diameter: Offers a comfortable and responsive feel. Black Half Wrap: Provides a comfortable grip where you need it most. Satin Finish Spokes: Adds a distinctive and modern touch. Durable Construction: Built to last. Universal Fit: Designed to fit most aftermarket steering columns with the correct adapter (sold separately). Nationwide Delivery Across South Africa: We ship interior parts nationwide. Expert Support Available: Our team can help with any questions. Why Choose the Mastodon 14 Inch Satin Half Wrap Black Steering Wheel in South Africa? This Mastodon steering wheel offers a unique style with its satin spokes and comfortable black half wrap, enhancing your driving experience and interior appearance in South Africa. Specifications: Diameter: 14 Inches Wrap"
"2584","MMR-2806","Mastodon Racing Fuel Pump 400 GPH Blue/Black","mastodon-racing-fuel-pump-400-gph-blue-black","https://allamericanmuscle.co.za/product/mastodon-racing-fuel-pump-400-gph-blue-black/","simple","5000.00","5000.00","5000.00","no","no","0","Air & Fuel Delivery","air-fuel-delivery","https://allamericanmuscle.co.za/wp-content/uploads/2026/06/2806-1.webp","Racing Fuel Pump 400 GPH Blue/Black. Upgrade with the Racing Fuel Pump 400 GPH Blue/Black. Delivers steady fuel volume and pressure to keep the engine fed…","Upgrade with the Racing Fuel Pump 400 GPH Blue/Black. Delivers steady fuel volume and pressure to keep the engine fed under load. Genuine Mastodon quality, in stock and ready to ship. Brand: Mastodon Part No: MMR-2806"
"2585","MMR-25030","Mastodon Pump Bracket","mastodon-pump-bracket","https://allamericanmuscle.co.za/product/mastodon-pump-bracket/","simple","1073.18","1073.18","1073.18","no","yes","","Air & Fuel Delivery","air-fuel-delivery","","Mastodon mounting bracket for securing a pump to the engine.","Pump Bracket. A Mastodon mounting bracket that holds the pump securely against the engine, keeping it properly located and in line with the rest of the drive. Backed by Mastodon and ideal for street and performance use. Brand: Mastodon Part No: MMR-25030"
"2586","MMR-150107","Mastodon GM Denso Starter Truk","mastodon-gm-denso-starter-truk","https://allamericanmuscle.co.za/product/mastodon-gm-denso-starter-truk/","simple","3681.97","3681.97","3681.97","no","yes","","Engines & Components","engines-components","https://allamericanmuscle.co.za/wp-content/uploads/2026/06/2897007-BLK_L1150_c708d7d7-5f42-498a-8891-edeb8231cc85.webp","GM Denso Starter Truk – fits GM / Chevrolet. The GM Denso Starter Truk from All American Muscle. High-torque starting power for dependable cranking, hot o…","The GM Denso Starter Truk from All American Muscle. High-torque starting power for dependable cranking, hot or cold. Engineered to fit GM / Chevrolet applications. A reliable Mastodon choice for your American muscle or hot-rod project. Brand: Mastodon Application: GM / Chevrolet Part No: MMR-150107"
"2587","MMR-9160","Mastodon Radiator, Chevy, 24 Inch (610mm), 3 Row","mastodon-radiator-chevy-24-inch-610mm-3-row","https://allamericanmuscle.co.za/product/mastodon-radiator-chevy-24-inch-610mm-3-row/","simple","5315.27","5315.27","5315.27","no","no","0","Cooling & Heating","cooling-heating","https://allamericanmuscle.co.za/wp-content/uploads/2026/06/100.9152-2.webp","Radiator, Chevy, 24 Inch (610mm), 3 Row – fits GM / Chevrolet. Fit your build with the Radiator, Chevy, 24 Inch (610mm), 3 Row. High-capacity cooling to k…","Fit your build with the Radiator, Chevy, 24 Inch (610mm), 3 Row. High-capacity cooling to keep temperatures in check, even in traffic or under load. Engineered to fit GM / Chevrolet applications. Mastodon performance you can count on, shipped fast across South Africa. Brand: Mastodon Application: GM / Chevrolet Part No: MMR-9160"
"2588","MMR-11372","Mastodon 1″ Aluminium Mechanical Fan Spacer Kit","mastodon-1-aluminium-mechanical-fan-spacer-kit","https://allamericanmuscle.co.za/product/mastodon-1-aluminium-mechanical-fan-spacer-kit/","simple","258.62","258.62","258.62","no","yes","","Cooling & Heating","cooling-heating","https://allamericanmuscle.co.za/wp-content/uploads/2026/06/MMSI-AT11372.webp","Durable 1-inch aluminium Mastodon mechanical fan spacer kit for optimal engine cooling. Universal fit.","Optimize the cooling efficiency of your engine with the Mastodon 1″ Aluminium Mechanical Fan Spacer Kit. We designed this kit to precisely position your engine’s mechanical fan for optimal airflow through the radiator and over the engine. Consequently, it contributes to improved cooling performance and helps prevent overheating. We crafted this spacer from high-quality aluminium. Therefore, it is durable, lightweight, and resistant to corrosion, which ensures long-lasting reliability. This 1-inch spacer provides the necessary clearance and alignment for efficient fan operation. Ultimately, it is a universal fit for a range of vehicles and an excellent upgrade from a worn or unsightly plastic spacer. Key Features Precise Spacing: It ensures optimal distance between the fan and radiator for you to get maximum airflow. High-Quality Aluminium: This lightweight and durable construction resists corrosion. Improved Cooling: It enhances engine cooling efficiency, helping to prevent overheating. Universal Fit: We designed it to be compatible with a wide range of vehicles that use mechanical fans. Easy Installation: It offers a simple bolt-on installation with included hardware. Durable and Reliable: We built it to withstand the demands of engine operation. Enhances Performance: It contributes to consistent engine operating temperatures. Why Choose the Mastodon 1″ Aluminum Mechanical Fan Spacer Kit in South Africa? If you’re experiencing engine overheating issues or want to maximize th"
"2589","MMR-25107","Mastodon Ls1 Billet Aluminium Manual Belt Tensioner","mastodon-ls1-billet-aluminium-manual-belt-tensioner","https://allamericanmuscle.co.za/product/mastodon-ls1-billet-aluminium-manual-belt-tensioner/","simple","840.52","840.52","840.52","no","yes","","Engines & Components","engines-components","https://allamericanmuscle.co.za/wp-content/uploads/2026/06/826551199LT01_L1600_c3eef431-d081-47c6-a1b7-47786bac3a2d.webp","Ls1 Billet Aluminium Manual Belt Tensioner – fits GM LS. Upgrade with the Ls1 Billet Aluminium Manual Belt Tensioner. A quality piece for classic American…","Upgrade with the Ls1 Billet Aluminium Manual Belt Tensioner. A quality piece for classic American muscle-car and hot-rod builds. Engineered to fit GM LS applications. Backed by Mastodon and ideal for street and performance use. Brand: Mastodon Application: GM LS Part No: MMR-25107"
"2590","MMR-32030","Mastodon Water Neck","mastodon-water-neck","https://allamericanmuscle.co.za/product/mastodon-water-neck/","simple","236.46","236.46","236.46","no","yes","","Cooling & Heating","cooling-heating","https://allamericanmuscle.co.za/wp-content/uploads/2026/06/MMSI-AT32009-1.webp","Water Neck. Water Neck. Routes coolant from the engine with a clean, leak-free connection.A reliable Mastodon choice for your American muscle or hot-rod p…","Water Neck. Routes coolant from the engine with a clean, leak-free connection. A reliable Mastodon choice for your American muscle or hot-rod project. Brand: Mastodon Part No: MMR-32030"
"2591","MMR-12033-BL","Mastodon 24 Inch Universal Braided Throttle Cable Black","mastodon-24-inch-universal-braided-throttle-cable-black","https://allamericanmuscle.co.za/product/mastodon-24-inch-universal-braided-throttle-cable-black/","simple","646.55","646.55","646.55","no","no","0","Air & Fuel Delivery","air-fuel-delivery","https://allamericanmuscle.co.za/wp-content/uploads/2026/06/MMSI-AT12033-BL.webp","Durable 24-inch black Mastodon universal braided throttle cable for smooth and reliable engine control with added style.","Ensure smooth and responsive throttle control with the Mastodon 24-inch Universal Braided Throttle Cable, featuring a sleek black finish. This high-quality cable is designed for universal applications and offers enhanced durability for reliable performance. The braided outer layer provides superior strength and resistance to stretching and wear, ensuring consistent and accurate throttle response. This 24-inch cable is suitable for a variety of vehicles and carburetor/throttle body setups, offering flexibility for custom installations with a stylish black look. Key Features: Universal Application: Designed to fit a wide range of vehicles and throttle setups. 24-Inch Length: Provides ample length for various installation configurations. Durable Braided Construction: Offers superior strength and resistance to stretching. Sleek Black Finish: Adds a stylish and custom look to your engine bay. Smooth Throttle Response: Ensures consistent and reliable acceleration. High-Quality Materials: Built for long-lasting performance and durability. Easy to Install: Designed for straightforward installation. Enhances Engine Control: Improves the precision and feel of your throttle. Why Choose the Mastodon 24 Inch Universal Braided Throttle Cable Black in South Africa? If you need a durable and reliable throttle cable with a stylish black finish for a custom build or to replace a worn-out cable in your vehicle in South Africa, this 24-inch braided universal throttle cable from Mastodon offers e"
"2592","MMR-39023-C","Mastodon Engine Oil Tube Dipstick SBF 260-351W Chr","mastodon-engine-oil-tube-dipstick-sbf-260-351w-chr","https://allamericanmuscle.co.za/product/mastodon-engine-oil-tube-dipstick-sbf-260-351w-chr/","simple","285.94","285.94","285.94","no","yes","","Engines & Components","engines-components","https://allamericanmuscle.co.za/wp-content/uploads/2026/06/AllAMericanMuscle_Mastodon-Engine-Oil-Tube-Dipstick-Black-SBF-260-351W_MMSI-AT39023-1.webp","Engine Oil Tube Dipstick SBF 260-351W Chr – fits Ford Small Block (Windsor). Fit your build with the Engine Oil Tube Dipstick SBF 260-351W Chr. Keeps the…","Fit your build with the Engine Oil Tube Dipstick SBF 260-351W Chr. Keeps the lubrication system working reliably to protect the engine’s moving parts. Engineered to fit Ford Small Block (Windsor) applications. Genuine Mastodon quality, in stock and ready to ship. Brand: Mastodon Application: Ford Small Block (Windsor) Part No: MMR-39023-C"
"2593","MMR-62003-B","Mastodon Black Sb Chevy Timing Chain Cover Kit","mastodon-black-sb-chevy-timing-chain-cover-kit","https://allamericanmuscle.co.za/product/mastodon-black-sb-chevy-timing-chain-cover-kit/","simple","581.90","581.90","581.90","no","yes","","Engines & Components","engines-components","https://allamericanmuscle.co.za/wp-content/uploads/2026/06/SI-AT62003-1.webp","Black Sb Chevy Timing Chain Cover Kit – fits GM / Chevrolet. Shop the Black Sb Chevy Timing Chain Cover Kit at All American Muscle. Keeps the cam and cran…","Shop the Black Sb Chevy Timing Chain Cover Kit at All American Muscle. Keeps the cam and crank in precise time for reliable valve timing. Engineered to fit GM / Chevrolet applications. Backed by Mastodon and ideal for street and performance use. Brand: Mastodon Application: GM / Chevrolet Part No: MMR-62003-B"
"2594","MMR-3905-H-SL","Mastodon Billet Hood Hinges 64-66 Mustang","mastodon-billet-hood-hinges-64-66-mustang-2","https://allamericanmuscle.co.za/product/mastodon-billet-hood-hinges-64-66-mustang-2/","simple","7312.59","7312.59","7312.59","no","yes","","Exterior & Accessories","exterior-accessories","https://allamericanmuscle.co.za/wp-content/uploads/2026/06/100-3905-HINGE.webp","Premium Mastodon billet aluminium hood hinges for 1964-1966 Ford Mustangs, providing superior strength, smooth operation, and a custom, show-quality look.","Give the hood of your 1964-1966 Ford Mustang a premium upgrade in South Africa with these Mastodon Billet Hood Hinges. Precision-machined from strong billet aluminium, these hinges offer excellent durability, smooth operation, and a custom look that’s far superior to the factory hinges. Eliminate hood flex and ensure perfect alignment with this high-quality Mastodon part for your classic Mustang in SA. Key Features: Mastodon Quality: Engineered for lasting strength and style. Billet Aluminium Build: Offers superior strength, less weight, and resists rust. Smooth Operation: Makes opening and closing your hood effortless. Precise Alignment: Ensures your hood fits perfectly. Show-Ready Appearance: Adds a high-end, custom touch under the hood. Direct Fit: Designed for all 1964, 1965, and 1966 Ford Mustang models. Nationwide Delivery Across South Africa: We ship body parts across SA. Expert Support Available: Our team can help with any questions you have. Specifications: Application: 1964-1966 Ford Mustang Material: Billet Aluminium Brand: Mastodon Upgrade the style and functionality of your classic Mustang’s hood in South Africa with Mastodon Billet Hood Hinges! Order yours today! Why Choose Mastodon Billet Hood Hinges for Your 64-66 Mustang in South Africa? For Mustang enthusiasts in South Africa looking to enhance both the visual appeal and the functionality of their hood, these Mastodon billet hinges are an excellent choice. Frequently Asked Questions: Which Mustang years do t"
"2596","MMR-13091","Outside door handles 1932-1934 Ford (Pair) Chrome Mastodon","outside-door-handles-1932-1934-ford-pair-chrome-mastodon","https://allamericanmuscle.co.za/product/outside-door-handles-1932-1934-ford-pair-chrome-mastodon/","simple","1194.30","1194.30","1194.30","no","yes","","Interior & Accessories","interior-accessories","https://allamericanmuscle.co.za/wp-content/uploads/2026/06/MMSI-AT13091.webp","Pair of high-quality Mastodon chrome outside door handles, direct replacement for 1932-1934 Ford models.","You can enhance the classic styling of your 1932-1934 Ford with the Mastodon Chrome Outside Door Handles. For this reason, we designed this pair of high-quality door handles to be a direct replacement for the original handles. They offer a brilliant chrome finish that adds a touch of timeless elegance to your hot rod, street rod, or restored classic Ford. We constructed them from durable materials and meticulously chrome-plated them for a lasting shine and resistance to the elements. These Mastodon door handles provide both style and reliable functionality. Therefore, you can restore the authentic look of your iconic Ford or add a touch of vintage flair to your custom build with these beautifully crafted chrome outside door handles. Key Features: Mastodon Quality: We engineered it for durability and classic style. Specifically for 1932-1934 Fords: It ensures correct fitment and appearance. Brilliant Chrome Finish: It adds a touch of timeless elegance. Direct Replacement: It allows for easy installation using existing hardware (in most cases). Durable Construction: We built it to withstand the elements and frequent use. Restores Authentic Look: It’s perfect for restorations and period-correct builds. Enhances Custom Builds: It adds a touch of vintage style. Sold as a Pair: It includes handles for both driver and passenger doors. Why Choose the Mastodon Chrome Outside Door Handles for Your 1932-1934 Ford in South Africa? If you own a 1932-1934 Ford in South Africa and want to r"
"2597","MMR-15008","Mastodon Radiator Overflow Tank 3×10 Stainless Ste","mastodon-radiator-overflow-tank-3x10-stainless-ste","https://allamericanmuscle.co.za/product/mastodon-radiator-overflow-tank-3x10-stainless-ste/","simple","599.59","599.59","599.59","no","yes","","Cooling & Heating","cooling-heating","https://allamericanmuscle.co.za/wp-content/uploads/2026/06/91102220_L1600_15e34b0c-b335-4010-94f8-c17f2783d197.webp","Radiator Overflow Tank 3×10 Stainless Ste. Fit your build with the Radiator Overflow Tank 3×10 Stainless Ste. High-capacity cooling to keep temperatures i…","Fit your build with the Radiator Overflow Tank 3×10 Stainless Ste. High-capacity cooling to keep temperatures in check, even in traffic or under load. Backed by Mastodon and ideal for street and performance use. Brand: Mastodon Part No: MMR-15008"
"2598","MMR-50007","Mastodon Ignition Coil","mastodon-ignition-coil-2","https://allamericanmuscle.co.za/product/mastodon-ignition-coil-2/","simple","1199.84","1199.84","1199.84","no","yes","","Ignitions & Electrical","ignitions-electrical","https://allamericanmuscle.co.za/wp-content/uploads/2026/06/KNDI-049-351-3.webp","Ignition Coil. Shop the Ignition Coil at All American Muscle. Delivers a strong, reliable spark for easy starting and clean running.A reliable Mastodon ch…","Shop the Ignition Coil at All American Muscle. Delivers a strong, reliable spark for easy starting and clean running. A reliable Mastodon choice for your American muscle or hot-rod project. Brand: Mastodon Part No: MMR-50007"
"2600","MMR-GW-033","Mastodon Block Hugger LS Univ Ram Horns LS1-LS6","mastodon-block-hugger-ls-univ-ram-horns-ls1-ls6","https://allamericanmuscle.co.za/product/mastodon-block-hugger-ls-univ-ram-horns-ls1-ls6/","simple","6289.06","6289.06","6289.06","no","yes","","Exhaust","exhaust","https://allamericanmuscle.co.za/wp-content/uploads/2026/06/9300303_L1600_4bd1cdff-8282-494f-ae81-d4dada535efe.webp","Universal ram’s-horn block hugger headers for GM LS1–LS6 — tight clearance for swaps.","Block Hugger LS Univ Ram Horns LS1-LS6. Universal ram’s-horn style block hugger headers for the GM LS engine family (LS1–LS6). They tuck in tight against the block for maximum clearance in swaps and narrow engine bays, while flowing far better than a cast manifold. Engineered to fit GM LS applications. Genuine Mastodon quality, in stock and ready to ship. Brand: Mastodon Application: GM LS Part No: MMR-GW-033"
"2601","MMR-8520-BK","Mastodon Eliminator Floor Mount Throttle Pedals Black","mastodon-eliminator-floor-mount-throttle-pedals-black","https://allamericanmuscle.co.za/product/mastodon-eliminator-floor-mount-throttle-pedals-black/","simple","1200.00","1200.00","1200.00","no","yes","","Interior & Accessories","interior-accessories","https://allamericanmuscle.co.za/wp-content/uploads/2026/04/mastodon-1.webp","Eliminator Floor Mount Throttle Pedals Black. Pedal eliminates routing cables through the firewall. Equipped with a billet aluminium splined adjustable sh…","Pedal eliminates routing cables through the firewall. Equipped with a billet aluminium splined adjustable shaft and stainless steel under-the-floor cable mounting bracket. Brushed aluminum with rubber inserts."
"2602","MMR-121002-C","14″ Billet Half Wrap Steering Wheel (9-Hole) Mastodon","14-billet-half-wrap-steering-wheel-9-hole-mastodon","https://allamericanmuscle.co.za/product/14-billet-half-wrap-steering-wheel-9-hole-mastodon/","simple","4950.00","4950.00","4950.00","no","yes","","Interior & Accessories","interior-accessories","https://allamericanmuscle.co.za/wp-content/uploads/2026/06/13-scaled-1.webp","High-quality Mastodon 14-inch billet aluminum steering wheel with a comfortable half-wrap rim and 9-hole bolt pattern for custom vehicle interiors.","Add a touch of custom luxury and modern style to your hot rod, classic car, or truck with the Mastodon 14″ Billet Steering Wheel with Half Wrap. This premium steering wheel features a striking combination of precisely machined billet aluminum and a comfortable half-wrap rim, providing both visual appeal and an enhanced tactile experience. It boasts a popular 14-inch diameter, consequently offering excellent control and a perfect fit for a wide range of custom interiors. The billet aluminum spokes provide exceptional strength and a sleek aesthetic, while the half wrap (often leather or wood-grain) offers a comfortable and secure grip where your hands typically rest. Furthermore, the 9-hole bolt pattern ensures broad compatibility with various aftermarket adapter hubs, making installation straightforward. Installing a Mastodon 14″ Billet Steering Wheel with Half Wrap ultimately provides a significant interior upgrade, blending cutting-edge design with a classic touch. This essential interior component is readily available across South Africa, shipping directly from Gauteng. Key Features: Mastodon Quality: We manufacture this steering wheel for exceptional craftsmanship, durability, and a premium finish. 14-inch Diameter: Offers a comfortable size for modern and classic custom builds, providing excellent control. Billet Aluminum Construction: Precisely machined from solid billet aluminum for maximum strength and reduced weight. Distinctive Half Wrap: Features a stylish half-wrap"
"2603","MMR-121810","Mastodon Horn Button 6 Bolt Polished","mastodon-horn-button-6-bolt-polished","https://allamericanmuscle.co.za/product/mastodon-horn-button-6-bolt-polished/","simple","341.24","341.24","341.24","no","yes","","Interior & Accessories","interior-accessories","https://allamericanmuscle.co.za/wp-content/uploads/2026/06/121807-1.webp","Horn Button 6 Bolt Polished. Shop the Horn Button 6 Bolt Polished at All American Muscle. A quality interior/electrical component to finish your build.Mas…","Shop the Horn Button 6 Bolt Polished at All American Muscle. A quality interior/electrical component to finish your build. Mastodon performance you can count on, shipped fast across South Africa. Brand: Mastodon Part No: MMR-121810"
"2604","MMR-25182-CR","Mastodon Sanden 508 Clutch Pulley Cover","mastodon-sanden-508-clutch-pulley-cover","https://allamericanmuscle.co.za/product/mastodon-sanden-508-clutch-pulley-cover/","simple","735.39","735.39","735.39","no","yes","","Engines & Components","engines-components","https://allamericanmuscle.co.za/wp-content/uploads/2026/06/91668039H_L1600_4d07619c-1f0e-4987-8d06-7b7b0e8f6bc0.webp","Sanden 508 Clutch Pulley Cover. Upgrade with the Sanden 508 Clutch Pulley Cover. Maintains correct drive-belt alignment and turns the engine accessories s…","Upgrade with the Sanden 508 Clutch Pulley Cover. Maintains correct drive-belt alignment and turns the engine accessories smoothly. Genuine Mastodon quality, in stock and ready to ship. Brand: Mastodon Part No: MMR-25182-CR"
"2605","MMR-811","Mastodon Finned Oval Breather With PCV","mastodon-finned-oval-breather-with-pcv","https://allamericanmuscle.co.za/product/mastodon-finned-oval-breather-with-pcv/","simple","1177.83","1177.83","1177.83","no","yes","","Engines & Components","engines-components","https://allamericanmuscle.co.za/wp-content/uploads/2026/06/MMBK-811.webp","Mastodon finned oval breather with integrated PCV valve for classic style and proper crankcase ventilation.","Complete the classic, high-performance look of your engine while ensuring proper crankcase ventilation with the Mastodon Finned Oval Breather with integrated PCV valve. Available across South Africa from Alberton, this stylish breather not only enhances the appearance of your valve covers but also plays a crucial role in maintaining engine health. The finned oval design complements traditional muscle car aesthetics, particularly when paired with finned valve covers. The integrated PCV valve helps to relieve crankcase pressure, reduce oil sludge buildup, and improve engine efficiency by routing blow-by gases back into the intake manifold. This combination breather and PCV valve offers both form and function for your performance engine build. Key Features: Mastodon Quality: Stylish and functional engine accessories. Finned Oval Design: Classic performance appearance. Integrated PCV Valve: Ensures proper crankcase ventilation. Reduces Oil Sludge: Helps keep your engine cleaner. Improves Engine Efficiency: By recycling blow-by gases. Durable Construction: Built to last in the engine environment. Easy Installation: Designed to fit standard valve cover breather holes. Enhances Engine Bay Appearance: Adds a touch of vintage performance. Nationwide Delivery Across South Africa: We ship engine accessories nationwide from Alberton. Expert Support Available: Our team in Alberton can assist with fitment inquiries. Why Choose the Mastodon Finned Oval Breather With PCV in South Africa? If "
"2606","MMR-FRS204-BK","Master Cylinder Black","master-cylinder-black","https://allamericanmuscle.co.za/product/master-cylinder-black/","simple","2485.12","2485.12","2485.12","no","no","0","Brake Systems","brake-systems","https://allamericanmuscle.co.za/wp-content/uploads/2026/06/100-8336-BL-Mastodon-Master-Disconnect-Switch-Black-1.webp","Master Cylinder Black. The Master Cylinder Black from All American Muscle. Improves braking performance and feel for safer, more confident stops.A reliabl…","The Master Cylinder Black from All American Muscle. Improves braking performance and feel for safer, more confident stops. A reliable Mastodon choice for your American muscle or hot-rod project. Brand: Mastodon Part No: MMR-FRS204-BK"
"2607","MMR-11371","Mastodon SBC Chevy Brass Freeze Plug Kit","mastodon-sbc-chevy-brass-freeze-plug-kit","https://allamericanmuscle.co.za/product/mastodon-sbc-chevy-brass-freeze-plug-kit/","simple","368.23","368.23","368.23","no","yes","","Engines & Components","engines-components","https://allamericanmuscle.co.za/wp-content/uploads/2026/06/MMSI-AT11371.webp","Mastodon brass freeze plug kit for Small Block Chevrolet (SBC) engines. Offers excellent corrosion resistance.","Ensure a long-lasting and leak-free seal for your Small Block Chevrolet (SBC) engine block with the Mastodon Brass Freeze Plug Kit. We designed this comprehensive kit to include a complete set of high-quality brass freeze plugs. They seal the core plug holes in your SBC engine block. The brass construction offers you exceptional resistance to corrosion. Therefore, it provides a reliable barrier against coolant leaks. This ensures the longevity of your engine, especially in fluctuating temperatures. We consider this kit ideal for engine rebuilds or when you need to replace old, corroded freeze plugs. Ultimately, this Mastodon brass kit is a durable and effective solution for your SBC engine. Key Features Mastodon Quality: We provide durable and corrosion-resistant freeze plugs for SBC engines. Complete SBC Kit: The kit includes all the necessary brass freeze plugs for most Small Block Chevrolet V8 engine blocks. Superior Brass Construction: This offers excellent resistance to rust and coolant-related corrosion. This ensures a long-lasting seal. Essential for Engine Rebuilds: It is a crucial component for a thorough and reliable engine overhaul. Durable and Reliable: We built this brass material to withstand engine conditions and provide a lasting seal. Direct Fit: We designed it to precisely fit the core plug holes in SBC engine blocks. Why Choose the Mastodon SBC Chevy Brass Freeze Plug Kit in South Africa? If you are rebuilding a Small Block Chevrolet engine in South Africa "
"2608","MMR-58023","Mastodon Aluminum Carb Spacers & Adapters Holley","mastodon-aluminum-carb-spacers-adapters-holley","https://allamericanmuscle.co.za/product/mastodon-aluminum-carb-spacers-adapters-holley/","simple","1192.41","1192.41","1192.41","no","yes","","Air & Fuel Delivery","air-fuel-delivery","https://allamericanmuscle.co.za/wp-content/uploads/2026/06/MMSI-AT58023.webp","Durable Mastodon aluminum spacers and adapters designed to optimize airflow and performance for Holley carburetors.","You can optimize the performance and airflow of your Holley carburetor with the Mastodon Aluminum Carb Spacers & Adapters. For this reason, this versatile range of spacers and adapters from Mastodon is designed to improve intake efficiency, enhance torque and horsepower, and provide solutions for various carburetor mounting configurations. Additionally, we craft these spacers and adapters from high-quality aluminum, so they offer durability and excellent heat dissipation. Therefore, they are ideal for automotive enthusiasts and mechanics in South Africa who want to fine-tune their Holley-equipped engines. Key Features: Mastodon Quality: We engineered them for performance enhancement and durable construction. Designed for Holley Carburetors: They are specifically compatible with various Holley carburetor models. Improves Airflow: It enhances intake efficiency for better engine performance. Increases Torque & Horsepower: It optimizes the intake tract for potential power gains. Provides Mounting Solutions: It offers adapters for different intake manifold and carburetor patterns. Durable Aluminum Construction: It ensures longevity and effective heat transfer away from the carburetor. Various Thicknesses & Designs: They are available in different sizes and configurations to suit specific needs. Nationwide Delivery Across South Africa: We ship fuel and air components nationwide. Expert Support Available: Our team can assist you with selecting the right spacer or adapter for your ap"
"2609","MMR-58049-A","Mastodon 1/2 Carburettor Spacer For 4Bb","mastodon-1-2-carburettor-spacer-for-4bb","https://allamericanmuscle.co.za/product/mastodon-1-2-carburettor-spacer-for-4bb/","simple","452.59","452.59","452.59","no","yes","","Air & Fuel Delivery","air-fuel-delivery","https://allamericanmuscle.co.za/wp-content/uploads/2026/06/edl-8710_xl.webp","1/2"" spacer for four-barrel carburettors — adds plenum volume and clearance, reduces heat soak.","Upgrade with the 1/2"" Carburettor Spacer for 4Bbl. A half-inch spacer that lifts a four-barrel carburettor off the intake manifold — useful for a small gain in plenum volume, for bonnet and linkage clearance, and for reducing heat transfer into the carburettor. Backed by Mastodon and ideal for street and performance use. Brand: Mastodon Part No: MMR-58049-A"
"2610","MMR-8420-KIT","Mastodon Timing Chain Cover Kit SBC","mastodon-timing-chain-cover-kit-sbc","https://allamericanmuscle.co.za/product/mastodon-timing-chain-cover-kit-sbc/","simple","969.83","969.83","969.83","no","yes","","Engines & Components","engines-components","https://allamericanmuscle.co.za/wp-content/uploads/2026/06/SI-AT62003.webp","Get the Mastodon SBC Timing Chain Cover Kit. This complete set includes the cover, gasket, front crank seal, and bolts. It ensures a perfect, leak-free seal for your Small Block Chevy engine.","You can ensure a leak-free and reliable engine front end with the Mastodon Timing Chain Cover Kit SBC. We supply this essential kit for all Small Block Chevrolet V8 engines. It includes the durable cover, a premium gasket, a high-quality crank seal, and all necessary mounting bolts. As a result, you get a complete, stress-free solution for your timing chain replacement or engine rebuild. This is an essential component for you if you want to seal the front of your block properly. As a trusted supplier in Alberton, Gauteng, we deliver top-tier engine components across South Africa. Get your Mastodon Timing Chain Cover Kit now SBC! Key Features SBC-Specific Fitment: Engineers designed it as a direct fit for the Small Block Chevrolet V8 engine block. This ensures perfect alignment with the oil pan and front face. Complete 4-Piece Kit: This comprehensive set includes the main cover, the cover-to-block gasket, the front crankshaft seal, and mounting bolts. Consequently, you have everything you need for the job. Durable Cover Construction: Manufacturers craft the cover from high-quality stamped steel. This provides long-term resistance to warping and corrosion. Premium Leak-Free Sealing: The kit includes a high-grade gasket and crank seal. This prevents oil from leaking from the front of the engine. Accurate Timing Marks: The cover features clearly stamped timing marks. This allows you to set and verify engine timing easily. Ready for Installation: We include all the necessary hardw"
"2611","MMR-FR11-HB020","Mastodon Hydro Brake booster","mastodon-hydro-brake-booster","https://allamericanmuscle.co.za/product/mastodon-hydro-brake-booster/","simple","6899.99","6899.99","6899.99","no","yes","","Brake Systems","brake-systems","https://allamericanmuscle.co.za/wp-content/uploads/2026/06/PB800D-1.webp","Hydro Brake booster. The Hydro Brake booster from All American Muscle. Improves braking performance and feel for safer, more confident stops.Mastodon perf…","The Hydro Brake booster from All American Muscle. Improves braking performance and feel for safer, more confident stops. Mastodon performance you can count on, shipped fast across South Africa. Brand: Mastodon Part No: MMR-FR11-HB020"
"2612","MMR-31068","Mastodon Column Mounted Blinker Turn Signal Switch For Gm P","mastodon-column-mounted-blinker-turn-signal-switch-for-gm-p","https://allamericanmuscle.co.za/product/mastodon-column-mounted-blinker-turn-signal-switch-for-gm-p/","simple","455.32","455.32","455.32","no","yes","","Ignitions & Electrical","ignitions-electrical","","Column Mounted Blinker Turn Signal Switch For Gm P – fits GM / Chevrolet. Fit your build with the Column Mounted Blinker Turn Signal Switch For Gm P. A qu…","Fit your build with the Column Mounted Blinker Turn Signal Switch For Gm P. A quality steering component for safe, precise control. Engineered to fit GM / Chevrolet applications. Genuine Mastodon quality, in stock and ready to ship. Brand: Mastodon Application: GM / Chevrolet Part No: MMR-31068"
"2613","MMR-09052","Mastodon Air Cleaner Spacers 1 ” Aluminium","mastodon-air-cleaner-spacers-1-aluminium","https://allamericanmuscle.co.za/product/mastodon-air-cleaner-spacers-1-aluminium/","simple","387.04","387.04","387.04","no","yes","","Air & Fuel Delivery","air-fuel-delivery","","Air Cleaner Spacers 1 ” Aluminium. Shop the Air Cleaner Spacers 1 ” Aluminium at All American Muscle. Protects the engine by filtering intake air while al…","Shop the Air Cleaner Spacers 1 ” Aluminium at All American Muscle. Protects the engine by filtering intake air while allowing strong airflow. Backed by Mastodon and ideal for street and performance use. Brand: Mastodon Part No: MMR-09052"
"2614","MMR-62010","Mastodon Ford Sb Windsor Timing Chain Cover","mastodon-ford-sb-windsor-timing-chain-cover","https://allamericanmuscle.co.za/product/mastodon-ford-sb-windsor-timing-chain-cover/","simple","1641.23","1641.23","1641.23","no","yes","","Engines & Components","engines-components","https://allamericanmuscle.co.za/wp-content/uploads/2026/06/MMSI-AT62010-Ford-Sb-Windsor-Timing-Chain-Cover-1.webp","Ford Sb Windsor Timing Chain Cover – fits Ford Small Block (Windsor). Upgrade with the Ford Sb Windsor Timing Chain Cover. Keeps the cam and crank in prec…","Upgrade with the Ford Sb Windsor Timing Chain Cover. Keeps the cam and crank in precise time for reliable valve timing. Engineered to fit Ford Small Block (Windsor) applications. A reliable Mastodon choice for your American muscle or hot-rod project. Brand: Mastodon Application: Ford Small Block (Windsor) Part No: MMR-62010"
"2615","MMR-8967","Mastodon Alternator Pulley Delco Single Groove Chr","mastodon-alternator-pulley-delco-single-groove-chr","https://allamericanmuscle.co.za/product/mastodon-alternator-pulley-delco-single-groove-chr/","simple","279.13","279.13","279.13","no","no","0","Engines & Components","engines-components","https://allamericanmuscle.co.za/wp-content/uploads/2026/06/MMR8967BK-1.webp","Alternator Pulley Delco Single Groove Chr. Alternator Pulley Delco Single Groove Chr. Maintains correct drive-belt alignment and turns the engine accessor…","Alternator Pulley Delco Single Groove Chr. Maintains correct drive-belt alignment and turns the engine accessories smoothly. Mastodon performance you can count on, shipped fast across South Africa. Brand: Mastodon Part No: MMR-8967"
"2616","MMR-38024","Mastodon 90 Deg Ceramic Boot Spark Plug Wire Set","mastodon-90-deg-ceramic-boot-spark-plug-wire-set","https://allamericanmuscle.co.za/product/mastodon-90-deg-ceramic-boot-spark-plug-wire-set/","simple","1950.00","1950.00","1950.00","no","yes","","Interior & Accessories","interior-accessories","https://allamericanmuscle.co.za/wp-content/uploads/2026/06/SI-AT38020-BL-1.webp","90 Deg Ceramic Boot Spark Plug Wire Set. The 90 Deg Ceramic Boot Spark Plug Wire Set from All American Muscle. Delivers a strong, reliable spark for easy…","The 90 Deg Ceramic Boot Spark Plug Wire Set from All American Muscle. Delivers a strong, reliable spark for easy starting and clean running. Genuine Mastodon quality, in stock and ready to ship. Brand: Mastodon Part No: MMR-38024"
"2617","MMR-39037","Mastodon 24″ TH350 Chrome Transmission Dipstick","mastodon-24-th350-chrome-transmission-dipstick","https://allamericanmuscle.co.za/product/mastodon-24-th350-chrome-transmission-dipstick/","simple","450.00","450.00","450.00","no","yes","","Transmission & Drivetrain","transmission-drivetrain","https://allamericanmuscle.co.za/wp-content/uploads/2026/06/MMSI-AT39027-4.webp","24″ TH350 Chrome Transmission Dipstick – fits GM TH350. Fit your build with the 24″ TH350 Chrome Transmission Dipstick. Keeps the lubrication system worki…","Fit your build with the 24″ TH350 Chrome Transmission Dipstick. Keeps the lubrication system working reliably to protect the engine’s moving parts. Engineered to fit GM TH350 applications. Backed by Mastodon and ideal for street and performance use. Brand: Mastodon Application: GM TH350 Part No: MMR-39037"
"2618","MMR-235012","Mastodon Aluminum Roller Rocker Arms SBF 351/302 Windsor","mastodon-aluminum-roller-rocker-arms-sbf-351-302-windsor","https://allamericanmuscle.co.za/product/mastodon-aluminum-roller-rocker-arms-sbf-351-302-windsor/","simple","5163.07","5163.07","5163.07","no","yes","","Engines & Components","engines-components","https://allamericanmuscle.co.za/wp-content/uploads/2026/06/MMR235012-2.webp|https://allamericanmuscle.co.za/wp-content/uploads/2026/06/MMR235012.webp|https://allamericanmuscle.co.za/wp-content/uploads/2026/06/MMR235012-2.webp","High-performance Mastodon aluminum roller rocker arms for Small Block Ford 351W and 302W engines.","Enhance the performance and reliability of your Small Block Ford (SBF) 351 Windsor (351W) or 302 Windsor (302W) engine with these high-quality Mastodon Aluminum Roller Rocker Arms. Featuring a durable aluminum construction and a roller tip design, these rocker arms reduce friction, minimize wear on valve tips, and improve valve train stability, especially at higher RPMs. This upgrade can lead to increased horsepower, improved throttle response, and extended valvetrain component life. A must-have for any performance-oriented SBF Windsor build. Get your Mastodon Aluminum Roller Rocker Arms now! Key Features: Fits SBF 351W and 302W Engines: Specifically designed for these popular Ford Windsor small block engines. Roller Tip Design: Reduces friction and wear on valve stems, improving longevity. Lightweight Aluminum Construction: Minimizes valvetrain inertia for higher RPM potential and faster response. Improved Valve Train Stability: Ensures more accurate and consistent valve movement. Increased Horsepower and Torque: Optimizes engine breathing and reduces parasitic losses. Durable and Reliable: Built to withstand the demands of performance applications. Specifications: Application: Small Block Ford (SBF) 351 Windsor (351W) and 302 Windsor (302W) Engines Material: Aluminum Type: Roller Rocker Arms Brand: Mastodon Frequently Asked Questions: What are roller rocker arms? Roller rocker arms have a roller tip that contacts the valve stem instead of a traditional sliding surface. This"
"2619","MMR-25104","Mastodon SBC Lower Double Groove Pulley Long Water Pump","mastodon-sbc-lower-double-groove-pulley-long-water-pump","https://allamericanmuscle.co.za/product/mastodon-sbc-lower-double-groove-pulley-long-water-pump/","simple","896.97","896.97","896.97","no","yes","","Engines & Components","engines-components","https://allamericanmuscle.co.za/wp-content/uploads/2026/06/MMR8857.webp","Durable Mastodon double groove lower crank pulley designed for Small Block Chevy engines with a long water pump, driving multiple accessories.","Ensure proper belt alignment and drive for multiple accessories on your Small Block Chevy (SBC) engine with a long water pump using the Mastodon Double Groove Lower Crank Pulley. This high-quality pulley is designed to fit SBC engines equipped with a long water pump and features two grooves for a dual V-belt system. Constructed from durable materials, this crank pulley is built to withstand the stresses of your engine’s rotation and provide reliable power transfer to multiple driven accessories such as the water pump, alternator, and power steering pump. Whether you’re building a custom engine or replacing a worn or damaged pulley, this Mastodon double groove lower crank pulley offers a precise fit and dependable operation. Key Features: Mastodon Quality: Engineered for precise fit and reliable performance. Specifically for SBC Long Water Pump: Ensures correct alignment for this configuration. Double Groove Design: For use with dual V-belt systems, driving multiple accessories. Durable Construction: Built to withstand engine speeds and belt tension. Ensures Proper Belt Alignment: Prevents belt slippage and wear. Drives Multiple Accessories: Powers the water pump, alternator, power steering, etc. Ideal for Custom Builds and Replacements: Suitable for various SBC applications. Why Choose the Mastodon SBC Lower Double Groove Pulley for Long Water Pump in South Africa? If you’re working on a Small Block Chevy engine with a long water pump in South Africa and need a reliable doubl"
"2620","MMR-38026-BL","Mastodon Spark Plug Wire Set","mastodon-spark-plug-wire-set-2","https://allamericanmuscle.co.za/product/mastodon-spark-plug-wire-set-2/","simple","1045.03","1045.03","1045.03","no","yes","","Ignitions & Electrical","ignitions-electrical","https://allamericanmuscle.co.za/wp-content/uploads/2026/06/SI-AT38021-BK-1-2.webp","Spark Plug Wire Set. Spark Plug Wire Set. Delivers a strong, reliable spark for easy starting and clean running.Genuine Mastodon quality, in stock and rea…","Spark Plug Wire Set. Delivers a strong, reliable spark for easy starting and clean running. Genuine Mastodon quality, in stock and ready to ship. Brand: Mastodon Part No: MMR-38026-BL"
"2621","MMR-7145","Mastodon Washable Elements 14″x5″ Red","mastodon-washable-elements-14x5-red","https://allamericanmuscle.co.za/product/mastodon-washable-elements-14x5-red/","simple","650.00","650.00","650.00","no","yes","","Air & Fuel Delivery","air-fuel-delivery","https://allamericanmuscle.co.za/wp-content/uploads/2026/06/MMR7143-1.webp","Washable Elements 14″x5″ Red. The Washable Elements 14″x5″ Red from All American Muscle. A quality piece for classic American muscle-car and hot-rod build…","The Washable Elements 14″x5″ Red from All American Muscle. A quality piece for classic American muscle-car and hot-rod builds. Backed by Mastodon and ideal for street and performance use. Brand: Mastodon Part No: MMR-7145"
"2622","MMR-11369-BK","Mastodon Valve and Grommet, Billet Aluminum","mastodon-valve-and-grommet-billet-aluminum","https://allamericanmuscle.co.za/product/mastodon-valve-and-grommet-billet-aluminum/","simple","541.87","541.87","541.87","no","yes","","Chassis & Suspension","chassis-suspension","https://allamericanmuscle.co.za/wp-content/uploads/2026/06/bsp-95229_xl.webp","Valve and Grommet, Billet Aluminum. Fit your build with the Valve and Grommet, Billet Aluminum. A quality valvetrain component built for dependable, high-…","Fit your build with the Valve and Grommet, Billet Aluminum. A quality valvetrain component built for dependable, high-rpm performance. A reliable Mastodon choice for your American muscle or hot-rod project. Brand: Mastodon Part No: MMR-11369-BK"
"2623","MMR-25077","Mastodon Alternator Bracket SWP Small Block Chevy","mastodon-alternator-bracket-swp-small-block-chevy","https://allamericanmuscle.co.za/product/mastodon-alternator-bracket-swp-small-block-chevy/","simple","446.32","446.32","446.32","no","yes","","Engines & Components","engines-components","https://allamericanmuscle.co.za/wp-content/uploads/2026/06/MMSI-AT25077.webp","Durable Mastodon alternator bracket for Small Block Chevy (SBC) engines with a short water pump. Shipped from Alberton.","Ensure a secure and properly aligned mounting solution for your alternator on your Small Block Chevy (SBC) engine with the Mastodon Alternator Bracket SWP. Specifically, this is for engines equipped with a short water pump (SWP). We specifically designed this high-quality bracket for SBC engines with the short water pump configuration. Consequently, it guarantees a precise fit and optimal belt alignment for reliable charging performance. We constructed this bracket from durable materials. Therefore, it is built to withstand the stresses of engine operation. We designed this bracket to be easy to install. Ultimately, this makes it an essential component for any SBC engine build or maintenance where you utilize a short water pump. Get your Mastodon Alternator Bracket SWP now! Key Features Designed for SBC with Short Water Pump (SWP): Ensures perfect fitment on Small Block Chevy engines using a short water pump. Durable Construction: Built from strong materials for long-lasting performance. Ensures Proper Alternator Alignment: Contributes to optimal belt wear and reliable charging. Provides Secure Mounting: Keeps the alternator stable and prevents unwanted movement. Easy Installation: Designed for a straightforward bolt-on installation. Essential for SWP SBC Engines: A necessary component for correct alternator mounting. Available in Various Finishes: May come in chrome, polished aluminum, or black (check product specifics). Why Choose the Mastodon Alternator Bracket for SWP SBC"
"2625","MMR-235037","Mastodon SBF Aluminum Rocker Arms 1.6 Ratio 3/8inch","mastodon-sbf-aluminum-rocker-arms-1-6-ratio-3-8inch","https://allamericanmuscle.co.za/product/mastodon-sbf-aluminum-rocker-arms-1-6-ratio-3-8inch/","simple","6142.28","6142.28","6142.28","no","yes","","Engines & Components","engines-components","https://allamericanmuscle.co.za/wp-content/uploads/2026/06/MMR235037.webp","Lightweight Mastodon aluminum rocker arms with a 1.6 ratio and 3/8-inch studs for Small Block Ford engines.","Maximize the performance potential of your Small Block Ford (SBF) engine with these high-performance Mastodon Aluminum Rocker Arms featuring a 1.6 ratio and 3/8-inch studs. Constructed from lightweight and durable aluminum, these rocker arms reduce valvetrain inertia, allowing for higher RPMs and improved engine response. The 1.6 ratio increases valve lift, leading to enhanced airflow and greater horsepower and torque. Designed for durability and precise valve actuation, these rocker arms are an excellent upgrade for any performance-oriented SBF build utilizing 3/8-inch rocker studs. Get your Mastodon Aluminum Rocker Arms now! Key Features: Fits Small Block Ford (SBF) Engines: Compatible with a wide range of SBF application. Lightweight Aluminum Construction: Reduces valvetrain inertia for faster engine response and higher RPM potential. 3/8-Inch Stud Mount: Designed for use with cylinder heads featuring 3/8-inch rocker arm studs. Enhanced Valve Actuation: Provides precise and stable valve movement. Durable and Reliable: Built to withstand the demands of performance use. Specifications: Application: Small Block Ford (SBF) Engines Ratio: 1.6 Stud Size: 3/8 Inch Material: Aluminum Brand: Mastodon Frequently Asked Questions: What does the 1.6 ratio mean? A 1.6 rocker arm ratio means that for every inch the pushrod moves, the valve will open 1.6 inches. This increased lift can improve airflow into and out of the cylinder, leading to more power. What are the benefits of aluminum r"
"2626","MMR-49016","Mastodon Mechanical Fuel Pump Ford 351 Cleveland","mastodon-mechanical-fuel-pump-ford-351-cleveland","https://allamericanmuscle.co.za/product/mastodon-mechanical-fuel-pump-ford-351-cleveland/","simple","1192.41","1192.41","1192.41","no","yes","","Air & Fuel Delivery","air-fuel-delivery","https://allamericanmuscle.co.za/wp-content/uploads/2026/06/MMSI-AT49016.webp","Dependable Mastodon mechanical fuel pump designed for Ford 351 Cleveland engines, ensuring reliable fuel delivery for carbureted systems.","Ensure a reliable and consistent fuel supply for your Ford 351 Cleveland engine with the Mastodon Mechanical Fuel Pump. Designed as a direct or near-direct replacement for the factory mechanical fuel pump on 351 Cleveland engines, this pump offers a dependable solution for carbureted applications. Mechanical fuel pumps provide a simple and effective way to deliver fuel without the need for electrical components. Built with durable materials to withstand the demands of your engine, this Mastodon fuel pump will help maintain proper fuel pressure and flow for optimal engine performance. Whether you’re restoring a classic Ford or need a reliable replacement, this mechanical fuel pump is a solid choice for your 351 Cleveland. Key Features: Mastodon Quality: Engineered for reliable and consistent fuel delivery. Specifically for Ford 351 Cleveland: Ensures correct fitment and performance. Direct or Near-Direct Replacement: Easy installation for many applications. Mechanical Operation: Simple and dependable fuel delivery. No Electrical Components Required: Eliminates wiring complexities. Durable Construction: Built for long-lasting performance. Ensures Proper Fuel Supply: Crucial for optimal engine operation. Ideal for Carbureted Engines: Specifically designed for these fuel systems. Why Choose the Mastodon Mechanical Fuel Pump for Your Ford 351 Cleveland in South Africa? If you have a carbureted Ford 351 Cleveland engine in South Africa and need a reliable mechanical fuel pump as a "
"2627","MMR-WP-SBC-LA","Mastodon Aluminium SBC Long Water Pump","mastodon-aluminium-sbc-long-water-pump","https://allamericanmuscle.co.za/product/mastodon-aluminium-sbc-long-water-pump/","simple","3684.26","3684.26","3684.26","no","yes","","Cooling & Heating","cooling-heating","https://allamericanmuscle.co.za/wp-content/uploads/2026/06/WP-SBC-LA-1.webp","Aluminium SBC Long Water Pump – fits Small Block Chevy. Fit your build with the Aluminium SBC Long Water Pump. Circulates coolant to keep the engine at a…","Fit your build with the Aluminium SBC Long Water Pump. Circulates coolant to keep the engine at a safe operating temperature, built for reliable, leak-free service. Engineered to fit Small Block Chevy applications. Mastodon performance you can count on, shipped fast across South Africa. Brand: Mastodon Application: Small Block Chevy Part No: MMR-WP-SBC-LA"
"2628","MMR-MC-026-C","Mastodon Brake Master Cylinder Oval Alumni Chr","mastodon-brake-master-cylinder-oval-alumni-chr","https://allamericanmuscle.co.za/product/mastodon-brake-master-cylinder-oval-alumni-chr/","simple","2325.43","2325.43","2325.43","no","yes","","Brake Systems","brake-systems","https://allamericanmuscle.co.za/wp-content/uploads/2026/06/MC-025-BLK-2.webp","Brake Master Cylinder Oval Alumni Chr. Shop the Brake Master Cylinder Oval Alumni Chr at All American Muscle. Improves braking performance and feel for sa…","Shop the Brake Master Cylinder Oval Alumni Chr at All American Muscle. Improves braking performance and feel for safer, more confident stops. Genuine Mastodon quality, in stock and ready to ship. Brand: Mastodon Part No: MMR-MC-026-C"
"2629","MMR-NR172/3","Mastodon Brake Caliper with E-Brake option","mastodon-brake-caliper-with-e-brake-option","https://allamericanmuscle.co.za/product/mastodon-brake-caliper-with-e-brake-option/","simple","5488.20","5488.20","5488.20","no","yes","","Brake Systems","brake-systems","https://allamericanmuscle.co.za/wp-content/uploads/2026/06/91031046_L1600_d46d1763-3462-4eb0-b814-c8a4c7de21a7.webp","Brake Caliper with E-Brake option. Upgrade with the Brake Caliper with E-Brake option. Improves braking performance and feel for safer, more confident sto…","Upgrade with the Brake Caliper with E-Brake option. Improves braking performance and feel for safer, more confident stops. Backed by Mastodon and ideal for street and performance use. Brand: Mastodon Part No: MMR-NR172/3"
"2630","MMR-32010","Mastodon Polished Water Neck 90 Deg Swivel SBC/BBC","mastodon-polished-water-neck-90-deg-swivel-sbc-bbc","https://allamericanmuscle.co.za/product/mastodon-polished-water-neck-90-deg-swivel-sbc-bbc/","simple","385.60","385.60","385.60","no","yes","","Cooling & Heating","cooling-heating","https://allamericanmuscle.co.za/wp-content/uploads/2026/06/MMSI-AT32007.webp","Polished Mastodon water neck with a 90-degree swivel for Small Block and Big Block Chevy engines, offering style and flexible hose routing.","Add a touch of style and functionality to your Small Block Chevy (SBC) or Big Block Chevy (BBC) engine with the Mastodon Polished Water Neck featuring a 90-degree swivel. This high-quality water neck is designed to provide a secure and leak-free connection for your upper radiator hose while offering the flexibility of a 90-degree swivel to accommodate various hose routing configurations. The polished finish adds a clean and custom look to your engine bay. Constructed from durable materials, this water neck is built to last and withstand the heat and demands of your cooling system. It’s an ideal choice for custom builds, engine swaps, or simply upgrading the appearance of your Chevy engine. Key Features: Mastodon Quality: Engineered for a secure and leak-free seal. Fits SBC & BBC Chevy Engines: Versatile compatibility for both engine types. Polished Finish: Adds a stylish and clean look to the engine bay. 90 Degree Swivel: Allows for flexible upper radiator hose routing. Durable Construction: Made from quality materials for longevity. Ensures Proper Coolant Flow: Maintains efficient cooling system operation. Easy Installation: Direct replacement for most standard water necks. Ideal for Custom Builds and Upgrades: Perfect for various Chevy engine projects. Why Choose the Mastodon Polished Water Neck 90 Deg Swivel for Your SBC/BBC in South Africa? If you own a Small Block or Big Block Chevy engine in South Africa and want a stylish and functional water neck that offers a polishe"
"2631","MMR-39020-BL","Mastodon Engine Oil Dipstick Tube SBC 283-400 – Black","mastodon-engine-oil-dipstick-tube-sbc-283-400-black","https://allamericanmuscle.co.za/product/mastodon-engine-oil-dipstick-tube-sbc-283-400-black/","simple","285.94","285.94","285.94","no","no","0","Transmission & Drivetrain","transmission-drivetrain","https://allamericanmuscle.co.za/wp-content/uploads/2026/06/AllAmericanMuscle_Mastodon-Chevy-SBC-283-400-Engine-Dipstick-Tube-Blk_MMSI-AT39020-BL.webp","High-quality Mastodon engine oil dipstick tube for Chevy SBC 283-400 engines, with a black finish for a sleek look.","Ensure you get accurate oil level readings and a clean look in your Chevy SBC 283, 327, 350, or 400 engine with the Mastodon Engine Oil Dipstick Tube. We designed this dipstick tube for a precise fit and reliable performance. In addition, its black finish adds a touch of style to your engine bay. We make this tube from durable materials. Therefore, it is built to withstand the heat and vibrations of your engine for a long service life. Ultimately, consistent and accurate checks of your engine oil level are a fundamental part of routine vehicle maintenance. Having a reliable and easy-to-read dipstick, consequently, is crucial for you to maintain optimal engine health and performance. Key Features: Precise Fit: Designed for Chevy SBC 283, 327, 350, and 400 engines. Durable Construction: Made to withstand engine heat and vibrations. Easy to Read: Clear markings for accurate oil level checks. Black Finish: Adds a stylish look to your engine bay. Complete Kit: Includes both the tube and dipstick for a complete replacement. Why Choose the Mastodon Engine Oil Dipstick Tube If you are working on a Chevy SBC 283-400 engine and need a reliable and stylish dipstick tube, the Mastodon Engine Oil Dipstick Tube is a great choice. In fact, this complete kit offers you a simple, straightforward solution for a necessary engine component. It provides the durability you need for a long service life, and its polished finish adds a professional touch to your engine bay. Furthermore, choosing a hi"
"2632","MMR-8440","Mastodon Valve Cover Polished SBF 289-351W","mastodon-valve-cover-polished-sbf-289-351w","https://allamericanmuscle.co.za/product/mastodon-valve-cover-polished-sbf-289-351w/","simple","3009.87","3009.87","3009.87","no","yes","","Engines & Components","engines-components","https://allamericanmuscle.co.za/wp-content/uploads/2026/06/mmr8440-1.webp","Valve Cover Polished SBF 289-351W – fits Ford Small Block (Windsor). Fit your build with the Valve Cover Polished SBF 289-351W. A quality valvetrain compo…","Fit your build with the Valve Cover Polished SBF 289-351W. A quality valvetrain component built for dependable, high-rpm performance. Engineered to fit Ford Small Block (Windsor) applications. Genuine Mastodon quality, in stock and ready to ship. Brand: Mastodon Application: Ford Small Block (Windsor) Part No: MMR-8440"
"2633","MMR-15006","Mastodon 2×13 Stainless Steel Overflow Tank","mastodon-2x13-stainless-steel-overflow-tank","https://allamericanmuscle.co.za/product/mastodon-2x13-stainless-steel-overflow-tank/","simple","571.02","571.02","571.02","no","yes","","Cooling & Heating","cooling-heating","https://allamericanmuscle.co.za/wp-content/uploads/2026/06/MMSI-AT15006.webp","Durable 2×13 inch Mastodon stainless steel overflow tank for efficient coolant management and a clean engine bay.","Ensure your engine’s cooling system operates efficiently and maintain a clean engine bay appearance with the Mastodon 2×13 Stainless Steel Overflow Tank. This high-quality tank is designed to capture excess coolant expelled from the radiator during engine heating and return it as the engine cools, preserving the correct coolant level and preventing air from entering the system. Constructed from robust and corrosion-resistant stainless steel, this tank is built for durability and longevity in the demanding engine environment. Its sleek 2×13 inch cylindrical design provides a clean and polished aesthetic. Universally compatible with most vehicles, this overflow tank is a significant upgrade from standard plastic tanks that can become brittle and discolored over time. Key Features: Durable Stainless Steel Construction: Offers exceptional resistance to corrosion and ensures a long lifespan. Maintains Optimal Coolant Level: Promotes efficient engine cooling and prevents overheating. Eliminates Air Pockets: Contributes to consistent cooling system performance and prevents damage. Universal Compatibility: Designed to fit a wide range of vehicle makes and models. Sleek 2×13 Inch Cylindrical Design: Enhances the visual appeal of your engine bay. Simple Installation: Designed for easy integration into your existing cooling system. Essential for Cooling System Integrity: A critical component for reliable engine operation. Why Choose the Mastodon 2×13 Stainless Steel Overflow Tank in Sou"
"2634","MMR-49013","Mastodon Ford Mechanical Fuel Pump 6 PSI FE 352-42","mastodon-ford-mechanical-fuel-pump-6-psi-fe-352-42","https://allamericanmuscle.co.za/product/mastodon-ford-mechanical-fuel-pump-6-psi-fe-352-42/","simple","969.83","969.83","969.83","no","yes","","Air & Fuel Delivery","air-fuel-delivery","https://allamericanmuscle.co.za/wp-content/uploads/2026/06/MMSI-AT49013-1.webp","Ford Mechanical Fuel Pump 6 PSI FE 352-42 – fits Ford. Upgrade with the Ford Mechanical Fuel Pump 6 PSI FE 352-42. Delivers steady fuel volume and pressur…","Upgrade with the Ford Mechanical Fuel Pump 6 PSI FE 352-42. Delivers steady fuel volume and pressure to keep the engine fed under load. Engineered to fit Ford applications. A reliable Mastodon choice for your American muscle or hot-rod project. Brand: Mastodon Application: Ford Part No: MMR-49013"
"2635","MMR-11123","Mastodon Coil Mount Bracket, Chrome","mastodon-coil-mount-bracket-chrome-2","https://allamericanmuscle.co.za/product/mastodon-coil-mount-bracket-chrome-2/","simple","350.00","350.00","350.00","no","yes","","Ignitions & Electrical","ignitions-electrical","https://allamericanmuscle.co.za/wp-content/uploads/2026/06/MMSI-AT25025-2.webp","Coil Mount Bracket, Chrome. Coil Mount Bracket, Chrome. Locates the engine or driveline securely while damping vibration.Mastodon performance you can coun…","Coil Mount Bracket, Chrome. Locates the engine or driveline securely while damping vibration. Mastodon performance you can count on, shipped fast across South Africa. Brand: Mastodon Part No: MMR-11123"
"2636","MMR-UJ-3/4","Mastodon Universal U Joint Coupler 3/4 DD X 3/4 V Fit for","mastodon-universal-u-joint-coupler-3-4-dd-x-3-4-v-fit-for","https://allamericanmuscle.co.za/product/mastodon-universal-u-joint-coupler-3-4-dd-x-3-4-v-fit-for/","simple","940.67","940.67","940.67","no","no","0","Chassis & Suspension","chassis-suspension","https://allamericanmuscle.co.za/wp-content/uploads/2026/06/brg-014964_xl.webp","Universal U Joint Coupler 3/4 DD X 3/4 V Fit for. The Universal U Joint Coupler 3/4 DD X 3/4 V Fit for from All American Muscle. A quality piece for class…","The Universal U Joint Coupler 3/4 DD X 3/4 V Fit for from All American Muscle. A quality piece for classic American muscle-car and hot-rod builds. Genuine Mastodon quality, in stock and ready to ship. Brand: Mastodon Part No: MMR-UJ-3/4"
"2637","MMR-9152","Mastodon Radiator 24″ 3-Row, Ford","mastodon-radiator-24-3-row-ford","https://allamericanmuscle.co.za/product/mastodon-radiator-24-3-row-ford/","simple","4983.07","4983.07","4983.07","no","yes","","Cooling & Heating","cooling-heating","https://allamericanmuscle.co.za/wp-content/uploads/2026/06/100.9152.webp","Upgrade your Ford’s cooling system with the Mastodon 24-inch, 3-row Radiator. This lightweight aluminium radiator is designed to provide you with superior heat dissipation. It prevents overheating.","You can prevent overheating and upgrade your cooling system with the Mastodon Radiator 24″ 3-Row. This high-performance radiator is specifically designed for various classic Ford applications. It features a robust 3-row core. Consequently, it provides superior heat dissipation compared to a standard 2-row radiator. This is a crucial upgrade for you if you are running a high-performance engine or experiencing cooling issues. As a trusted supplier in Alberton, Gauteng, we provide you with top-tier cooling components to enhance your vehicle’s performance and reliability. Key Features 24-Inch Core: This standard size is a direct fit for many popular Ford models. You should always measure your old core for you to ensure a precise fit. 3-Row Design: This radiator has three rows of cooling tubes. Therefore, it offers significantly more cooling surface area. This helps to prevent overheating and maintains optimal engine temperatures. Ford-Specific Application: It is engineered for Ford vehicles. This ensures a direct fit and an easy installation for you. Lightweight Aluminium Construction: We built it from high-quality aluminium. This material is much lighter than a traditional copper/brass radiator. Thus, it reduces your vehicle’s overall weight. Improved Cooling Efficiency: This radiator is an essential upgrade. It is designed to handle the demands of modified or high-performance engines. Durable Construction: We built it with high-quality materials. This ensures you get a long-las"
"2638","MMR-9588-C","Mastodon Flexplate Dust Cover Vented (GM TH350/TH400)","mastodon-flexplate-dust-cover-vented-gm-th350-th400","https://allamericanmuscle.co.za/product/mastodon-flexplate-dust-cover-vented-gm-th350-th400/","simple","1102.91","1102.91","1102.91","no","yes","","Transmission & Drivetrain","transmission-drivetrain","https://allamericanmuscle.co.za/wp-content/uploads/2026/06/9588-CRM-2.webp","Dress up your transmission with the Mastodon Vented Chrome Dust Cover. It fits GM TH350/TH400 automatics. This durable, vented steel cover provides maximum protection and shine.","You can add show-quality shine and critical protection to your transmission with the Mastodon Vented Chrome Flexplate Dust Cover. We specifically engineered this cover for the durable GM TH350 and TH400 automatic transmissions. It features a robust steel construction and a brilliant chrome finish. Furthermore, its vented design helps manage heat around the torque converter. This is an essential component for you if you seek both a custom look and reliable drivetrain protection. As a trusted supplier in Alberton, Gauteng, we deliver top-tier dress-up and drivetrain components across South Africa. Get your Mastodon Flexplate Dust Cover now! Key Features TH350/TH400 Compatibility: Engineers designed it as a direct, bolt-on replacement for the factory inspection cover on these popular GM automatic transmissions. This ensures a perfect fit. Vented Design: The cover features strategic openings. This allows road debris and excess heat to escape. Consequently, it reduces operating temperatures around the flexplate and torque converter. Show-Quality Chrome Finish: We apply a triple-plated chrome layer. This provides a deep, mirror-like shine. This dramatically enhances the look of your engine and transmission assembly. Durable Steel Construction: Manufacturers craft the cover from strong stamped steel. This ensures robust protection against dust, dirt, and road debris. Easy Installation: The cover utilizes the factory bolt holes. This means installation is quick and simple. Protects D"
"2639","MMR-11350","Ford Oil Sending Unit Extension Mastodon","ford-oil-sending-unit-extension-mastodon","https://allamericanmuscle.co.za/product/ford-oil-sending-unit-extension-mastodon/","simple","471.34","471.34","471.34","no","yes","","Engines & Components","engines-components","https://allamericanmuscle.co.za/wp-content/uploads/2026/06/SI-AT11350.webp","Mastodon oil sending unit extension for Ford engines, designed to easily relocate the pressure sender for improved clearance and accessibility.","Relocate your oil pressure sending unit with ease using the Mastodon Ford Oil Sending Unit Extension. This essential component allows you to move the bulky oil pressure sender from its factory location, often to an area offering better clearance, protection, or easier access. This becomes particularly useful in custom engine builds, engine swaps, or when installing larger aftermarket components that interfere with the original sending unit position. We construct this extension from durable materials, ensuring leak-free connections and reliable oil pressure signal transmission. Consequently, it maintains accurate readings for your oil pressure gauge. Installing a Mastodon oil sending unit extension ultimately provides flexibility in your engine bay layout without compromising vital engine monitoring. This practical solution for Ford engines is readily available across South Africa. Key Features: Mastodon Quality: We manufacture this extension for exceptional durability and reliable performance. Relocates Sending Unit: Allows you to move the oil pressure sender to a more convenient or protected location. Ford Compatibility: Specifically designed to fit common Ford oil pressure sending units and engine block ports. Durable Construction: Made from robust materials, ensuring leak-free connections and longevity. Maintains Accurate Readings: It ensures the oil pressure signal transmits reliably to your gauge. Improved Clearance: Particularly beneficial when installing large headers,"
"2640","MMR-28129","Mastodon LS/LQ Viton Valve Seals","mastodon-ls-lq-viton-valve-seals","https://allamericanmuscle.co.za/product/mastodon-ls-lq-viton-valve-seals/","simple","228.41","228.41","228.41","no","yes","","Gaskets & Seals","gaskets-seals","https://allamericanmuscle.co.za/wp-content/uploads/2026/06/MMSI-AT28129.webp","Premium Mastodon Viton valve seals with metal clad for GM LS/LQ engines, providing superior oil control.","Upgrade your LS or LQ series engine with the high-performance Mastodon Viton Valve Seals. We designed these premium valve seals to provide a superior and long-lasting seal. Consequently, this prevents oil from seeping past the valve guides and into the combustion chamber. We constructed them from durable Viton rubber and gave them a metal clad design. Therefore, these seals offer excellent resistance to high temperatures and harsh chemical environments. Ensuring proper oil control is crucial for you to achieve optimal engine performance, reduced oil consumption, and minimized exhaust smoke. These Mastodon valve seals are an ideal choice for engine rebuilds, performance upgrades, or simply replacing worn-out seals on your LS or LQ engine. Key Features Mastodon Quality: Engineered for reliable and long-lasting performance. Viton Material: Offers excellent resistance to high temperatures and oil. Metal Clad Design: Provides added durability and stability. Superior Oil Control: Prevents oil leaks past valve guides. Reduces Oil Consumption: Helps maintain optimal oil levels. Minimizes Exhaust Smoke: Contributes to cleaner emissions. Ideal for LS/LQ Engines: Specifically designed for GM LS and LQ series engines. Why Choose Mastodon Viton Valve Seals for Your LS/LQ Engine in South Africa? If you’re rebuilding or upgrading your LS or LQ series engine in South Africa and need high-quality valve seals that offer superior oil control and durability, these Mastodon Viton seals are an exc"
"2641","MMR-28149","Mastodon Rubber Stopper Kit + Hood Adjusters Camar","mastodon-rubber-stopper-kit-hood-adjusters-camar","https://allamericanmuscle.co.za/product/mastodon-rubber-stopper-kit-hood-adjusters-camar/","simple","387.93","387.93","387.93","no","yes","","Exterior & Accessories","exterior-accessories","https://allamericanmuscle.co.za/wp-content/uploads/2026/06/9102529_L1300_203c16dd-62e4-4ef9-9a6d-1dc5dc99438f.webp","Rubber Stopper Kit + Hood Adjusters Camar. The Rubber Stopper Kit + Hood Adjusters Camar from All American Muscle. A quality piece for classic American mu…","The Rubber Stopper Kit + Hood Adjusters Camar from All American Muscle. A quality piece for classic American muscle-car and hot-rod builds. Backed by Mastodon and ideal for street and performance use. Brand: Mastodon Part No: MMR-28149"
"2642","MMR-51244-B","Mastodon 8mm LS 8″ Ignition Wire with 180 Degree Plug Boots","mastodon-8mm-ls-8-ignition-wire-with-180-degree-plug-boots","https://allamericanmuscle.co.za/product/mastodon-8mm-ls-8-ignition-wire-with-180-degree-plug-boots/","simple","660.96","660.96","660.96","no","yes","","Ignitions & Electrical","ignitions-electrical","https://allamericanmuscle.co.za/wp-content/uploads/2026/06/51245B-2.webp","8mm LS 8″ Ignition Wire with 180 Degree Plug Boots – fits GM LS. Fit your build with the 8mm LS 8″ Ignition Wire with 180 Degree Plug Boots. Delivers a st…","Fit your build with the 8mm LS 8″ Ignition Wire with 180 Degree Plug Boots. Delivers a strong, reliable spark for easy starting and clean running. Engineered to fit GM LS applications. A reliable Mastodon choice for your American muscle or hot-rod project. Brand: Mastodon Application: GM LS Part No: MMR-51244-B"
"2643","MMR-25139","Mastodon Polished Stainless Steel Engine Motor Mounts SBC/BBC","mastodon-polished-stainless-steel-engine-motor-mounts-sbc-bbc","https://allamericanmuscle.co.za/product/mastodon-polished-stainless-steel-engine-motor-mounts-sbc-bbc/","simple","1939.67","1939.67","1939.67","no","yes","","Engines & Components","engines-components","https://allamericanmuscle.co.za/wp-content/uploads/2026/06/MMSI-AT25139.webp","Premium polished stainless steel Mastodon motor mounts for durable and stylish installation of SBC and BBC engines. Shipped from Alberton.","Enhance the appearance and durability of your Small Block Chevy (SBC) or Big Block Chevy (BBC) engine installation with the Mastodon Polished Stainless Steel Engine Motor Mounts. We constructed this premium set of motor mounts from high-quality polished stainless steel. Therefore, it offers exceptional strength, corrosion resistance, and a brilliant, show-quality shine to your engine bay. We designed them as direct replacements for many factory or aftermarket mounts. Consequently, these Mastodon motor mounts provide a secure and vibration-dampening connection between your engine and the vehicle’s frame. The polished stainless steel not only looks fantastic but also ensures long-lasting performance and resistance to the harsh conditions of the engine compartment. Upgrade your engine mounting system with these durable and stylish motor mounts. Key Features Fits SBC and BBC Engines: Designed for direct compatibility with both Small Block and Big Block Chevy engines. Polished Stainless Steel Construction: Offers superior strength, corrosion resistance, and a high-luster finish. Provides a Solid and Secure Engine Mounting: Minimizes engine movement and vibration for improved stability. Direct Replacement Design: Often designed as a bolt-in replacement for ease of installation. Includes Durable Bushings: Typically features polyurethane or similar bushings for effective vibration isolation. Enhances Engine Bay Aesthetics: Adds a significant touch of polished stainless steel to your "
"2644","MMR-38005","Performance LS1 Vortec Spark Plugs (Set) Mastodon","performance-ls1-vortec-spark-plugs-set-mastodon","https://allamericanmuscle.co.za/product/performance-ls1-vortec-spark-plugs-set-mastodon/","simple","678.90","678.90","678.90","no","yes","","Ignitions & Electrical","ignitions-electrical","https://allamericanmuscle.co.za/wp-content/uploads/2026/06/MMSI-AT38005.webp","Mastodon Performance spark plugs (set) for Chevy/GMC LS1 and Vortec engines, delivering enhanced ignition and performance.","Upgrade the ignition performance of your Chevy or GMC LS1 or Vortec engine with the Mastodon Performance Spark Plugs. We engineered this set of high-performance spark plugs to deliver a consistent and powerful spark. Consequently, this leads to improved throttle response, enhanced fuel efficiency, and smoother engine operation. We designed these Mastodon spark plugs to meet the specific demands of LS1 and Vortec engines. Therefore, they offer excellent durability and resistance to fouling, ensuring long-lasting performance. Whether you’re looking to boost your engine’s responsiveness or simply replace worn-out plugs, these performance spark plugs are a reliable choice for your GM truck or car. Key Features Mastodon Performance: Engineered for enhanced ignition and engine response. Specific Fitment: Designed for Chevy and GMC LS1 and Vortec engines. Improved Throttle Response: Provides quicker acceleration and better drivability. Enhanced Fuel Efficiency: Promotes more complete combustion. Smoother Engine Operation: Reduces misfires and rough idling. Excellent Durability: Built to withstand high temperatures and pressures. Resistant to Fouling: Ensures consistent performance over time. Complete Set: Typically sold in sets of 8 (check product details). Why Choose Mastodon Performance Spark Plugs for Your LS1 or Vortec Engine in South Africa? If you’re looking to optimize the performance and fuel efficiency of your Chevy or GMC vehicle with an LS1 or Vortec engine in South Afric"
"2645","MMR-8854","Mastodon SBC Upper Long Water Pump Pulley Single Groove","mastodon-sbc-upper-long-water-pump-pulley-single-groove","https://allamericanmuscle.co.za/product/mastodon-sbc-upper-long-water-pump-pulley-single-groove/","simple","502.42","502.42","502.42","no","no","0","Engines & Components","engines-components","https://allamericanmuscle.co.za/wp-content/uploads/2026/06/MMR8854.webp","Durable Mastodon single groove upper water pump pulley designed for Small Block Chevy engines with a long water pump. Ensures proper belt alignment.","Ensure proper belt alignment and efficient cooling system operation on your Small Block Chevy (SBC) engine with a long water pump using the Mastodon Single Groove Upper Water Pump Pulley. This high-quality pulley is designed to fit SBC engines equipped with a long water pump and features a single groove for a single V-belt setup. Typically mounted on the water pump shaft, this pulley works in conjunction with the crank pulley to drive the water pump, ensuring proper coolant circulation and preventing overheating. Constructed from durable materials, this Mastodon single groove upper water pump pulley offers a precise fit and dependable operation, whether you’re building a custom engine or replacing a worn or damaged pulley. Key Features: Mastodon Quality: Engineered for precise fit and reliable performance. Specifically for SBC Long Water Pump: Ensures correct alignment for this configuration. Single Groove Design: For use with single V-belt systems. Durable Construction: Built to withstand engine speeds and belt tension. Ensures Proper Belt Alignment: Prevents belt slippage and wear. Maintains Efficient Cooling: Helps the water pump operate effectively. Upper Pulley Location: Designed for mounting on the water pump shaft. Ideal for Custom Builds and Replacements: Suitable for various SBC applications with long water pumps. Why Choose the Mastodon SBC Upper Long Water Pump Pulley Single Groove in South Africa? If you’re working on a Small Block Chevy engine with a long water p"
"2646","MMR-9193","Mastodon Radiator Only","mastodon-radiator-only","https://allamericanmuscle.co.za/product/mastodon-radiator-only/","simple","5545.37","5545.37","5545.37","no","no","0","Cooling & Heating","cooling-heating","https://allamericanmuscle.co.za/wp-content/uploads/2026/06/9175028_L1600_e7750826-afe5-433e-81ec-0fac146d10f1.webp","Radiator Only. The Radiator Only from All American Muscle. High-capacity cooling to keep temperatures in check, even in traffic or under load.A reliable M…","The Radiator Only from All American Muscle. High-capacity cooling to keep temperatures in check, even in traffic or under load. A reliable Mastodon choice for your American muscle or hot-rod project. Brand: Mastodon Part No: MMR-9193"
"2647","MMR-3521","Mastodon Retro Finned Push In Breather","mastodon-retro-finned-push-in-breather","https://allamericanmuscle.co.za/product/mastodon-retro-finned-push-in-breather/","simple","843.76","843.76","843.76","no","no","0","Engines & Components","engines-components","https://allamericanmuscle.co.za/wp-content/uploads/2026/04/AAR_4.webp","Mastodon Retro Finned Push In Breather With PCV Va","Mastodon Retro Finned Push-In Breather. Classic finned styling. Press-fits securely into standard valve cover grommets. Lightweight cast construction."
"2648","MMR-9544-A","Mastodon Stainless Steel 48 Heater Hose Kit","mastodon-stainless-steel-48-heater-hose-kit","https://allamericanmuscle.co.za/product/mastodon-stainless-steel-48-heater-hose-kit/","simple","1427.56","1427.56","1427.56","no","no","0","Cooling & Heating","cooling-heating","https://allamericanmuscle.co.za/wp-content/uploads/2026/06/spe-39690_xl.webp","Stainless Steel 48 Heater Hose Kit. Shop the Stainless Steel 48 Heater Hose Kit at All American Muscle. Routes coolant reliably with quality hose and fitt…","Shop the Stainless Steel 48 Heater Hose Kit at All American Muscle. Routes coolant reliably with quality hose and fittings. Genuine Mastodon quality, in stock and ready to ship. Brand: Mastodon Part No: MMR-9544-A"
"2649","MMR-3522-SL","Mastodon Retro Finned Polished Aluminum Oval Push-in Breath","mastodon-retro-finned-polished-aluminum-oval-push-in-breath","https://allamericanmuscle.co.za/product/mastodon-retro-finned-polished-aluminum-oval-push-in-breath/","simple","1609.99","1609.99","1609.99","no","yes","","Engines & Components","engines-components","https://allamericanmuscle.co.za/wp-content/uploads/2026/04/product2028329.webp","Mastodon Retro Finned Polished Aluminum Oval Push-in Breath","Nostalgic Billet Aluminum Push-In Breather. Polished Finish. Finned Style. Fits Valve Covers with 1.25 inch holes."
"2650","MMR-09051","Mastodon Air Cleaner Spacers 2″ Silver","mastodon-air-cleaner-spacers-2-silver","https://allamericanmuscle.co.za/product/mastodon-air-cleaner-spacers-2-silver/","simple","464.46","464.46","464.46","no","yes","","Air & Fuel Delivery","air-fuel-delivery","","Air Cleaner Spacers 2″ Silver. Air Cleaner Spacers 2″ Silver. Protects the engine by filtering intake air while allowing strong airflow.A reliable Mastodo…","Air Cleaner Spacers 2″ Silver. Protects the engine by filtering intake air while allowing strong airflow. A reliable Mastodon choice for your American muscle or hot-rod project. Brand: Mastodon Part No: MMR-09051"
"2651","MMR-11103","Mastodon Timing Chain Cover Tab Maker, Sbc","mastodon-timing-chain-cover-tab-maker-sbc","https://allamericanmuscle.co.za/product/mastodon-timing-chain-cover-tab-maker-sbc/","simple","154.82","154.82","154.82","no","yes","","Engines & Components","engines-components","https://allamericanmuscle.co.za/wp-content/uploads/2026/06/SI-AT62003-2.webp","Timing Chain Cover Tab Maker, Sbc – fits Small Block Chevy. The Timing Chain Cover Tab Maker, Sbc from All American Muscle. Keeps the cam and crank in pre…","The Timing Chain Cover Tab Maker, Sbc from All American Muscle. Keeps the cam and crank in precise time for reliable valve timing. Engineered to fit Small Block Chevy applications. Mastodon performance you can count on, shipped fast across South Africa. Brand: Mastodon Application: Small Block Chevy Part No: MMR-11103"
"2652","MMR-21074","Mastodon Universal Hydraulic Brake Light Switch In","mastodon-universal-hydraulic-brake-light-switch-in","https://allamericanmuscle.co.za/product/mastodon-universal-hydraulic-brake-light-switch-in/","simple","387.93","387.93","387.93","no","yes","","Brake Systems","brake-systems","https://allamericanmuscle.co.za/wp-content/uploads/2026/06/KSI-11-8834.webp","Universal Hydraulic Brake Light Switch In. Fit your build with the Universal Hydraulic Brake Light Switch In. Improves braking performance and feel for sa…","Fit your build with the Universal Hydraulic Brake Light Switch In. Improves braking performance and feel for safer, more confident stops. Genuine Mastodon quality, in stock and ready to ship. Brand: Mastodon Part No: MMR-21074"
"2653","MMR-3303","Mastodon Ignition Switch Panel Type C Carbon Fibre","mastodon-ignition-switch-panel-type-c-carbon-fibre","https://allamericanmuscle.co.za/product/mastodon-ignition-switch-panel-type-c-carbon-fibre/","simple","1102.98","1102.98","1102.98","no","yes","","Ignitions & Electrical","ignitions-electrical","","Carbon-fibre-finish dash panel (Type C) carrying the ignition switch and starter controls.","Shop the Ignition Switch Panel Type C Carbon Fibre at All American Muscle. A carbon-fibre-finish dash plate that carries the ignition switch and starter controls in one tidy panel — a clean, race-inspired way to wire up a custom, hot rod or track-day build. Backed by Mastodon and ideal for street and performance use. Brand: Mastodon Part No: MMR-3303"
"2655","MMR-25138","Mastodon Weld-In Motor Mounts for SBC Engine Swaps","mastodon-weld-in-motor-mounts-for-sbc-engine-swaps","https://allamericanmuscle.co.za/product/mastodon-weld-in-motor-mounts-for-sbc-engine-swaps/","simple","1228.45","1228.45","1228.45","no","yes","","Engines & Components","engines-components","https://allamericanmuscle.co.za/wp-content/uploads/2026/06/MMSI-AT25138.webp","Heavy-duty steel Mastodon weld-in motor mounts for secure and precise SBC engine swaps. Shipped from Alberton.","Facilitate a robust and customizable Small Block Chevy (SBC) engine swap into a variety of chassis with the Mastodon Weld-In Motor Mounts. This heavy-duty kit provides a strong and adaptable foundation for you to mount your SBC engine in custom applications, hot rods, off-road vehicles, and more. We constructed these motor mounts from durable steel. Consequently, we designed them to be welded directly to your vehicle’s frame, offering maximum strength and a secure engine installation. Furthermore, the weld-in design allows for precise engine placement and optimal driveline angles in unique swap scenarios. This kit is a crucial component for any SBC engine conversion project where a bolt-in solution isn’t available or you desire a more permanent and reinforced mounting. Key Features Specifically for Small Block Chevy (SBC): Designed for secure mounting of SBC engines. Heavy-Duty Steel Construction: Offers maximum strength and durability for demanding applications. Weld-In Design: Provides a permanent and highly secure engine mounting solution. Allows for Precise Engine Placement: Enables optimal driveline angles and component clearance in custom swaps. Ideal for Custom Builds and Engine Swaps: Perfect for unique chassis and engine combinations. Ensures a Solid Engine Mounting Platform: Minimizes engine movement and vibration. Durable and Long-Lasting: Built to withstand the torque and stresses of high-performance engines. Why Choose the Mastodon Weld-In Motor Mounts for SBC En"
"2656","MMR-38020-R","Mastodon Spark Plug Wire Set","mastodon-spark-plug-wire-set-3","https://allamericanmuscle.co.za/product/mastodon-spark-plug-wire-set-3/","simple","1045.03","1045.03","1045.03","no","yes","","Ignitions & Electrical","ignitions-electrical","https://allamericanmuscle.co.za/wp-content/uploads/2026/06/SI-AT38021-BK-1-3.webp","Spark Plug Wire Set. The Spark Plug Wire Set from All American Muscle. Delivers a strong, reliable spark for easy starting and clean running.Genuine Masto…","The Spark Plug Wire Set from All American Muscle. Delivers a strong, reliable spark for easy starting and clean running. Genuine Mastodon quality, in stock and ready to ship. Brand: Mastodon Part No: MMR-38020-R"
"2657","MMR-75022","Mastodon Valve Covers SBC","mastodon-valve-covers-sbc","https://allamericanmuscle.co.za/product/mastodon-valve-covers-sbc/","simple","3715.65","3715.65","3715.65","no","yes","","Engines & Components","engines-components","https://allamericanmuscle.co.za/wp-content/uploads/2026/06/edl-4263_xl-1.webp","Valve Covers SBC – fits Small Block Chevy. Fit your build with the Valve Covers SBC. A quality valvetrain component built for dependable, high-rpm perform…","Fit your build with the Valve Covers SBC. A quality valvetrain component built for dependable, high-rpm performance. Engineered to fit Small Block Chevy applications. Backed by Mastodon and ideal for street and performance use. Brand: Mastodon Application: Small Block Chevy Part No: MMR-75022"
"2658","MMR-75025","Mastodon LS Valve Covers (Finned, Coil Mounts, Satin Aluminium)","mastodon-ls-valve-covers-finned-coil-mounts-satin-aluminium","https://allamericanmuscle.co.za/product/mastodon-ls-valve-covers-finned-coil-mounts-satin-aluminium/","simple","5315.27","5315.27","5315.27","no","yes","","Engines & Components","engines-components","https://allamericanmuscle.co.za/wp-content/uploads/2026/06/SI-AT75025.webp|https://allamericanmuscle.co.za/wp-content/uploads/2026/06/SI-AT75025.webp","Mastodon aluminum finned valve covers, offering classic style and potential heat dissipation.","You can transform the look of your modern muscle with the Mastodon LS Valve Covers Cast Aluminium. These premium covers are specifically designed for GM LS engines. They seamlessly integrate coil mounts directly into the cover. As a result, you get a clean, high-performance look that replaces the bulky plastic factory covers. The classic finned design and modern satin finish offer the ultimate engine bay dress-up solution. As a trusted supplier in Alberton, Gauteng, we provide you with top-tier aesthetic and functional upgrades for your GM powerhouse. Key Features GM LS Compatibility: We engineered them for you if you own an LS-Series engine (LS1, LS2, LS3, LS6, LS7, etc.). This ensures a perfect, direct-fit replacement. Integrated Coil Mounts: They allow you to bolt your ignition coils directly onto the valve covers. This maintains the efficient coil-on-cover ignition system. Finned, Cast Aluminium: This classic design provides a timeless hot rod aesthetic. Furthermore, the cast aluminium construction is extremely durable. Satin Finish: This provides a sophisticated, low-gloss look. Consequently, it resists fingerprints and is much easier to maintain than a highly polished surface. Increased Internal Clearance: These covers are often built taller than the original plastic versions. This gives you the necessary clearance for high-ratio rocker arms and other performance valve train components. Enhanced Heat Dissipation: The robust aluminium material and finned design help to d"
"2659","MMR-48319","Mastodon Universal U bolts 1 1/16 Cap","mastodon-universal-u-bolts-1-1-16-cap","https://allamericanmuscle.co.za/product/mastodon-universal-u-bolts-1-1-16-cap/","simple","192.66","192.66","192.66","no","yes","","Fasteners & Hardware","fasteners-hardware","https://allamericanmuscle.co.za/wp-content/uploads/2026/06/910-48319.webp","High-strength Mastodon universal U-bolts with a 1-1/16 inch cap for secure fastening of automotive components.","You can securely fasten your vehicle’s components using our reliable Mastodon Universal U-Bolts. We designed them for you to use in universal applications. For instance, they are perfect when you require a 1-1/16 inch cap size. In fact, these high-quality U-bolts from Mastodon are essential for securely fastening various automotive parts. This includes the suspension, exhaust, or any other system where you need a robust clamping force. We manufacture them for you to have superior durability and strength. Furthermore, they are built to withstand the stresses of vehicle operation. Consequently, this ensures you have a secure and long-lasting connection. Ultimately, whether you are performing maintenance, repairs, or a custom build in South Africa, these universal U-bolts are a dependable choice for you. Key Features Brand: Mastodon: It is a trusted name for you to use for automotive components. Universal Application: We made it suitable for you to use on various vehicles and systems. Size: 1-1/16 Inch Cap: We specifically designed it for you to use on connections needing this dimension. Secure Fastening: It ensures components are tightly and safely held together. Durable Construction: We made it from high-strength materials for longevity. Versatile Use: You can use it in suspension, exhaust, and other automotive systems. Suitable for Maintenance & Repair: It is ideal for you to replace worn or damaged U-bolts. Why Choose Mastodon Universal U-Bolts with a 1-1/16″ Cap in South Af"
"2660","MMR-LY-BT-001B","Mastodon 7 Bracket (Black)","mastodon-7-bracket-black","https://allamericanmuscle.co.za/product/mastodon-7-bracket-black/","simple","357.33","357.33","357.33","no","yes","","Lights & Lighting","lights-lighting","https://allamericanmuscle.co.za/wp-content/uploads/2026/06/PD-002-BLK-2.webp","Black mounting bracket for 7-inch round headlights.","7"" Bracket (Black). A black-finished mounting bracket for 7-inch round headlights — it holds the light securely in place and lets you set the aim. Genuine Mastodon quality, in stock and ready to ship. Brand: Mastodon Part No: MMR-LY-BT-001B"
"2661","MMR-UDB-090","Mastodon Under-Dash 90-Degree Brake","mastodon-under-dash-90-degree-brake","https://allamericanmuscle.co.za/product/mastodon-under-dash-90-degree-brake/","simple","6189.12","6189.12","6189.12","no","no","0","Brake Systems","brake-systems","https://allamericanmuscle.co.za/wp-content/uploads/2026/06/90-Degree-brake.webp","Solve engine bay clearance issues with the Mastodon Under-Dash 90-Degree Brake Conversion. This specialized kit relocates your master cylinder and booster beneath the dash. It provides a clean look and reliable performance.","You can gain maximum engine bay clearance and achieve a super-clean firewall with the Mastodon Under-Dash 90-Degree Brake Master/Booster Conversion. Engineers designed this specialized kit for custom builders and hot rod enthusiasts. It cleverly moves the entire brake assembly—master cylinder and power booster—from the firewall to a secure, hidden location beneath the dashboard. The core mechanism uses a durable 90-degree pivot. Consequently, it translates your vertical pedal movement into a precise horizontal push for the master cylinder. This is an essential component for you if you install large engines or require a show-car aesthetic. As a trusted supplier in Alberton, Gauteng, we deliver specialized custom chassis components across South Africa. Get your Mastodon Under-Dash 90-Degree Brake Master/Booster Conversion now ! Key Features Ultimate Firewall Clearance: The under-dash location completely frees up your engine bay. This provides maximum room for oversized engines, custom turbo manifolds, or large headers. 90-Degree Pushrod Mechanism: This critical design translates the pedal force perfectly. This ensures you maintain the ideal hydraulic line of action for the master cylinder. High-Strength Construction: Manufacturers use heavy-duty steel and precision pivot points. This guarantees safety, rigidity, and reliable operation under high pedal force. Adjustable Pedal Ratio: The mounting points often allow you to fine-tune the pedal leverage. This helps you achieve the p"
"2662","MMR-6507","AOD Ford Selector Shaft Seal","aod-ford-selector-shaft-seal","https://allamericanmuscle.co.za/product/aod-ford-selector-shaft-seal/","simple","34.52","34.52","34.52","no","yes","1","Transmission & Drivetrain","transmission-drivetrain","https://allamericanmuscle.co.za/wp-content/uploads/2026/06/G6507A.webp","Ford AOD transmission selector shaft seal – prevents fluid leaks from the shift shaft.","This essential seal prevents leaks of transmission fluid from the area where the transmission’s selector shaft (also known as the shift shaft or manual shaft) exits the main transmission case. A failing selector shaft seal can cause low transmission fluid levels, leading to issues like transmission slippage, erratic shifting, and potential damage to internal components. Crafted from durable materials that can withstand high temperatures and constant movement, this seal provides a long-lasting solution to a common AOD transmission leak point. Replacing a worn or damaged selector shaft seal is crucial for maintaining proper transmission fluid levels and ensuring the smooth and reliable operation of your Ford vehicle’s AOD transmission. Key Features: Direct Fit: Engineered specifically for Ford AOD (Automatic Overdrive) transmissions. Prevents Fluid Leaks: Effectively seals the selector shaft to stop transmission fluid loss. Maintains Correct Fluid Levels: Vital for proper transmission function and longevity. Durable Materials: Constructed from high-quality, temperature-resistant compounds. Essential Replacement Part: Directly addresses a frequent cause of AOD transmission leaks. Why Choose the Ford AOD Transmission Selector Shaft Seal in South Africa? If your Ford vehicle in South Africa is equipped with an AOD automatic transmission and you’ve noticed transmission fluid leaking around the point where the shift linkage connects to the transmission case, this seal is the correct"
"2663","MMR-58006-C","Mastodon SBF Ford Windsor Cork Valve Cover Gaskets","mastodon-sbf-ford-windsor-cork-valve-cover-gaskets","https://allamericanmuscle.co.za/product/mastodon-sbf-ford-windsor-cork-valve-cover-gaskets/","simple","226.32","226.32","226.32","no","yes","","Gaskets & Seals","gaskets-seals","https://allamericanmuscle.co.za/wp-content/uploads/2026/06/MMSI-AT58005-1.webp","SBF Ford Windsor Cork Valve Cover Gaskets – fits Ford Small Block (Windsor). Shop the SBF Ford Windsor Cork Valve Cover Gaskets at All American Muscle. Pr…","Shop the SBF Ford Windsor Cork Valve Cover Gaskets at All American Muscle. Provides a durable, leak-free seal and is made to meet or exceed OE specifications. Engineered to fit Ford Small Block (Windsor) applications. Mastodon performance you can count on, shipped fast across South Africa. Brand: Mastodon Application: Ford Small Block (Windsor) Part No: MMR-58006-C"
"2664","MMR-32024","Mastodon LS 160 DEG Thermostat","mastodon-ls-160-deg-thermostat","https://allamericanmuscle.co.za/product/mastodon-ls-160-deg-thermostat/","simple","228.41","228.41","228.41","no","yes","","Cooling & Heating","cooling-heating","https://allamericanmuscle.co.za/wp-content/uploads/2026/04/6367__56911.webp","Mastodon LS 160 DEG Thermostat ( 2005-08)","Mastodon LS 160 degree thermostat. Designed for high-performance and durability. Maintains optimal engine temperatures. Direct replacement for LS engines."
"2665","MMR-11105","Mastodon Throttle Kickdown Cable Bracket","mastodon-throttle-kickdown-cable-bracket","https://allamericanmuscle.co.za/product/mastodon-throttle-kickdown-cable-bracket/","simple","650.00","650.00","650.00","no","yes","","Air & Fuel Delivery","air-fuel-delivery","https://allamericanmuscle.co.za/wp-content/uploads/2026/06/MMSI-AT11105-1.webp","Throttle Kickdown Cable Bracket. Throttle Kickdown Cable Bracket. A quality fuel-system/throttle component for smooth, reliable operation.Backed by Mastod…","Throttle Kickdown Cable Bracket. A quality fuel-system/throttle component for smooth, reliable operation. Backed by Mastodon and ideal for street and performance use. Brand: Mastodon Part No: MMR-11105"
"2666","MMR-11144","Mastodon Pump Mounting Plate With Gasket, Chrome C","mastodon-pump-mounting-plate-with-gasket-chrome-c","https://allamericanmuscle.co.za/product/mastodon-pump-mounting-plate-with-gasket-chrome-c/","simple","200.00","200.00","200.00","no","yes","","Engines & Components","engines-components","https://allamericanmuscle.co.za/wp-content/uploads/2026/06/MMSI-AT11105-2.webp","Pump Mounting Plate With Gasket, Chrome C. The Pump Mounting Plate With Gasket, Chrome C from All American Muscle. Provides a durable, leak-free seal and…","The Pump Mounting Plate With Gasket, Chrome C from All American Muscle. Provides a durable, leak-free seal and is made to meet or exceed OE specifications. A reliable Mastodon choice for your American muscle or hot-rod project. Brand: Mastodon Part No: MMR-11144"
"2667","MMR-8967-BK","Mastodon Alternator Pulley Delco Single Groove Bla","mastodon-alternator-pulley-delco-single-groove-bla","https://allamericanmuscle.co.za/product/mastodon-alternator-pulley-delco-single-groove-bla/","simple","279.13","279.13","279.13","no","no","0","Engines & Components","engines-components","https://allamericanmuscle.co.za/wp-content/uploads/2026/06/MMR8967BK-2.webp","Alternator Pulley Delco Single Groove Bla. Fit your build with the Alternator Pulley Delco Single Groove Bla. Maintains correct drive-belt alignment and t…","Fit your build with the Alternator Pulley Delco Single Groove Bla. Maintains correct drive-belt alignment and turns the engine accessories smoothly. Mastodon performance you can count on, shipped fast across South Africa. Brand: Mastodon Part No: MMR-8967-BK"
"2668","MMR-39041","Mastodon Locking Trans Dipstick 4L80E/4l60e/700R4","mastodon-locking-trans-dipstick-4l80e-4l60e-700r4","https://allamericanmuscle.co.za/product/mastodon-locking-trans-dipstick-4l80e-4l60e-700r4/","simple","1725.00","1725.00","1725.00","no","yes","","Transmission & Drivetrain","transmission-drivetrain","https://allamericanmuscle.co.za/wp-content/uploads/2026/06/9101751_L1600_0a7120e9-36ba-4cac-b89f-ea122c1b95ed.webp","Locking Trans Dipstick 4L80E/4l60e/700R4 – fits GM 700R4. Shop the Locking Trans Dipstick 4L80E/4l60e/700R4 at All American Muscle. Keeps the lubrication…","Shop the Locking Trans Dipstick 4L80E/4l60e/700R4 at All American Muscle. Keeps the lubrication system working reliably to protect the engine’s moving parts. Engineered to fit GM 700R4 applications. Genuine Mastodon quality, in stock and ready to ship. Brand: Mastodon Application: GM 700R4 Part No: MMR-39041"
"2669","MMR-25039","Mastodon Universal LS Engine Motor Mounts","mastodon-universal-ls-engine-motor-mounts","https://allamericanmuscle.co.za/product/mastodon-universal-ls-engine-motor-mounts/","simple","1487.08","1487.08","1487.08","no","yes","","Engines & Components","engines-components","https://allamericanmuscle.co.za/wp-content/uploads/2026/06/MMSI-AT25078-KIT1-1.webp","Universal LS Engine Motor Mounts – fits GM LS. Upgrade with the Universal LS Engine Motor Mounts. Locates the engine or driveline securely while damping v…","Upgrade with the Universal LS Engine Motor Mounts. Locates the engine or driveline securely while damping vibration. Engineered to fit GM LS applications. Backed by Mastodon and ideal for street and performance use. Brand: Mastodon Application: GM LS Part No: MMR-25039"
"2670","MMR-11185","Mastodon GM Control Arm Shim Kit","mastodon-gm-control-arm-shim-kit","https://allamericanmuscle.co.za/product/mastodon-gm-control-arm-shim-kit/","simple","155.24","155.24","155.24","no","yes","","Fasteners & Hardware","fasteners-hardware","https://allamericanmuscle.co.za/wp-content/uploads/2026/06/92610660_L_07f4b157-38a7-4d34-a11c-0b8b9a123c17.webp","GM Control Arm Shim Kit – fits GM / Chevrolet. GM Control Arm Shim Kit. Upgrades handling and ride quality with quality suspension hardware.Engineered to…","GM Control Arm Shim Kit. Upgrades handling and ride quality with quality suspension hardware. Engineered to fit GM / Chevrolet applications. A reliable Mastodon choice for your American muscle or hot-rod project. Brand: Mastodon Application: GM / Chevrolet Part No: MMR-11185"
"2671","MMR-204","Mastodon Rubber Shifter Boot with Plate (Chrome)","mastodon-rubber-shifter-boot-with-plate-chrome","https://allamericanmuscle.co.za/product/mastodon-rubber-shifter-boot-with-plate-chrome/","simple","327.51","327.51","327.51","no","no","0","Gaskets & Seals","gaskets-seals","https://allamericanmuscle.co.za/wp-content/uploads/2026/06/RH-RON-204.webp","Durable rubber shifter boot with a sleek chrome trim plate from Mastodon, perfect for protecting your shifter and enhancing your interior.","Enhance the interior aesthetics and protect your shifting mechanism with the Mastodon Rubber Shifter Boot, complete with a stylish chrome trim plate. Designed for manual transmissions, this durable rubber boot seals off the shifter opening, preventing dirt, dust, and road noise from entering your vehicle’s cabin. The included polished chrome trim plate provides a clean, finished look, elevating the appearance of your console or floor. Ideal for classic car restorations, custom builds, or simply replacing a worn-out or cracked original boot in South Africa. Key Features: Mastodon Quality: Durable construction for long-lasting performance. Premium Rubber Boot: Effectively seals the shifter opening, preventing debris and noise. Stylish Chrome Trim Plate: Adds a touch of classic elegance to your interior. Universal Fit: Designed to accommodate a variety of manual shifter applications. Protects Interior: Keeps dust, dirt, and road grime out of your cabin. Easy Installation: Designed for a straightforward installation process. Enhances Aesthetics: Improves the look of your car’s interior. Nationwide Delivery Across South Africa: We ship interior accessories nationwide. Expert Support Available: Our team can assist with any questions regarding fitment. Specifications: Application: Universal (for manual transmission shifters) Type: Shifter Boot Material: Rubber Boot, Chrome-Plated Steel Trim Ring Included: Rubber Boot, Chrome Trim Plate Brand: Mastodon Upgrade your manual transmissio"
"2672","MMR-39023-BL","Mastodon Engine Oil Tube & Dipstick SBF 260-351W","mastodon-engine-oil-tube-dipstick-sbf-260-351w","https://allamericanmuscle.co.za/product/mastodon-engine-oil-tube-dipstick-sbf-260-351w/","simple","285.94","285.94","285.94","no","yes","","Transmission & Drivetrain","transmission-drivetrain","https://allamericanmuscle.co.za/wp-content/uploads/2026/06/AllAMericanMuscle_Mastodon-Engine-Oil-Tube-Dipstick-Black-SBF-260-351W_MMSI-AT39023.webp|https://allamericanmuscle.co.za/wp-content/uploads/2026/06/MMSI-AT39023.webp","High-quality black or chrome engine oil dipstick and tube for SBF 260-351W engines.","Ensure you get accurate oil level readings and a sleek, black or chrome look in your Small Block Ford (SBF) 260, 289, 302, or 351W engine with the Mastodon Engine Oil Tube & Dipstick. We designed this set for a precise fit and reliable performance. In addition, the black or chrome finish provides a stylish upgrade to your engine bay, helping you complete your custom build or restoration project. We constructed this tube and dipstick from high-quality, durable materials. Therefore, they are built to withstand the extreme heat and vibrations of your engine for a long-lasting service life. Regular and accurate checks of your engine oil level are an essential part of routine vehicle maintenance. Consequently, having a reliable and easy-to-read dipstick is crucial for you to maintain optimal engine health and performance. Get your Mastodon Engine Oil Tube & Dipstick now ! Key Features: Precise Fit: Specifically designed for Small Block Ford (SBF) 260, 289, 302, and 351W engines. Durable Construction: Made to withstand engine heat and vibrations. Easy to Read: Clear markings for accurate oil level checks. Black/Chrome Finish: Adds a stylish look to your engine bay. Complete Kit: Includes both the tube and dipstick for a complete replacement. Why Choose the Mastodon Engine Oil Tube & Dipstick for Your SBF Engine? If you are working on a Small Block Ford 260-351W engine and need a reliable and stylish dipstick tube, the Mastodon Black Engine Oil Tube and Dipstick is an excellent choi"
"2673","MMR-51245-R","Mastodon LS Car 8mm Spark Plug 135 Degree Plug Boots Red","mastodon-ls-car-8mm-spark-plug-135-degree-plug-boots-red","https://allamericanmuscle.co.za/product/mastodon-ls-car-8mm-spark-plug-135-degree-plug-boots-red/","simple","660.96","660.96","660.96","no","yes","","Ignitions & Electrical","ignitions-electrical","https://allamericanmuscle.co.za/wp-content/uploads/2026/06/51245B-3.webp","LS Car 8mm Spark Plug 135 Degree Plug Boots Red – fits GM LS. Shop the LS Car 8mm Spark Plug 135 Degree Plug Boots Red at All American Muscle. A quality p…","Shop the LS Car 8mm Spark Plug 135 Degree Plug Boots Red at All American Muscle. A quality piece for classic American muscle-car and hot-rod builds. Engineered to fit GM LS applications. Backed by Mastodon and ideal for street and performance use. Brand: Mastodon Application: GM LS Part No: MMR-51245-R"
"2674","MMR-58042","Mastodon LS Exhaust Manifold Gasket Kit LS","mastodon-ls-exhaust-manifold-gasket-kit-ls","https://allamericanmuscle.co.za/product/mastodon-ls-exhaust-manifold-gasket-kit-ls/","simple","876.35","876.35","876.35","no","yes","","Gaskets & Seals","gaskets-seals","https://allamericanmuscle.co.za/wp-content/uploads/2026/06/SI-AT58042.webp","Stop LS exhaust leaks with the Mastodon MLS Gasket Kit. This high-temp, multi-layer steel set includes all bolts. It ensures a permanent, reliable seal for your LS manifolds or headers.","You can eliminate annoying exhaust leaks and secure your manifolds with the Mastodon LS Exhaust Manifold Gasket Kit. We supply this high-performance kit specifically for all LS-Series V8 engines. The gaskets feature Multi-Layer Steel (MLS) construction. Furthermore, the kit includes a fresh set of high-strength bolts. As a result, you get a complete, reliable, and leak-proof seal that withstands extreme heat and pressure. This is an essential component for you if you are installing or reinstalling manifolds or headers on your LS engine. As a trusted supplier in Alberton, Gauteng, we deliver top-tier performance sealing solutions across South Africa. Key Features MLS (Multi-Layer Steel) Construction: Engineers designed this material to handle the severe temperatures and pressures generated by high-performance engines. Consequently, it provides a seal superior to traditional composite gaskets. LS Engine Specific Port Shape: The gaskets feature the precise port shape used on GM LS cylinder heads. This ensures a perfect, unrestricted exhaust flow and an accurate seal. Complete Kit Solution: This comprehensive package includes two MLS gaskets (one for each side) and a full set of new, high-grade exhaust manifold bolts. Therefore, you have everything you need for the installation. Prevents Exhaust Leaks: The strong, non-stick layers of steel effectively stop exhaust gases from escaping. This eliminates that embarrassing ticking sound of a leaking manifold. Withstands Extreme Temper"
"2675","MMR-3099","Mastodon H.E.I Distributor For SB/BB Chevy","mastodon-h-e-i-distributor-for-sb-bb-chevy","https://allamericanmuscle.co.za/product/mastodon-h-e-i-distributor-for-sb-bb-chevy/","simple","1693.96","1693.96","1693.96","no","yes","","Engines & Components","engines-components","https://allamericanmuscle.co.za/wp-content/uploads/2026/06/MMR3099-1.jpg","H.E.I Distributor For SB/BB Chevy – fits GM / Chevrolet. H.E.I Distributor For SB/BB Chevy. Delivers a strong, reliable spark for easy starting and clean…","H.E.I Distributor For SB/BB Chevy. Delivers a strong, reliable spark for easy starting and clean running. Engineered to fit GM / Chevrolet applications. Mastodon performance you can count on, shipped fast across South Africa. Brand: Mastodon Application: GM / Chevrolet Part No: MMR-3099"
"2676","MMR-11369","Mastodon PCV Valve and Grommet, 3/4″, Fits 1.25″ ID, Polished","mastodon-pcv-valve-and-grommet-3-4-fits-1-25-id-polished","https://allamericanmuscle.co.za/product/mastodon-pcv-valve-and-grommet-3-4-fits-1-25-id-polished/","simple","490.75","490.75","490.75","no","yes","","Engines & Components","engines-components","https://allamericanmuscle.co.za/wp-content/uploads/2026/06/SI-AT11369.webp","Upgrade your engine with the Mastodon Polished PCV Valve and Grommet. We designed this kit to fit a 3/4-inch valve with a 1.25-inch ID grommet. Therefore, it provides both a clean, polished look and proper crankcase ventilation for your engine. This is an essential component that helps you maintain engine health and performance.","You can add both style and crucial functionality to your engine with the Mastodon PCV Valve and Grommet. This high-quality set is expertly crafted with a polished finish. Consequently, it provides a sleek, custom look while you maintain proper engine function. A positive crankcase ventilation (PCV) valve is an essential component. It helps you manage crankcase pressure and ensures your engine operates efficiently. This is because it directs harmful blow-by gases from the crankcase back into the intake manifold for combustion. Therefore, upgrading to a durable and high-performing part like this Mastodon valve is a great way to protect your engine’s longevity. Key Features Polished Finish: We polished it to give you a clean, show-quality aesthetic in your engine bay. Accurate Fitment: The 3/4-inch valve is designed to fit snugly into the 1.25-inch ID grommet. Durable Construction: We made it from quality materials to resist oil, heat, and fuel. Essential for Engine Health: It is a vital component for proper crankcase ventilation. Universal Application: You can use it in a wide range of engines that require these specific sizes. Why Choose the Mastodon PCV Valve Set in South Africa? If you are looking for a high-quality PCV valve and grommet in South Africa, the Mastodon polished set is an excellent choice. In fact, its polished finish instantly elevates the look of your engine bay. Furthermore, it provides a reliable and precise fit. This ensures that your engine’s crankcase ve"
"2677","MMR-055","Mastodon Universal Manual Master Cylinder Rod Kit","mastodon-universal-manual-master-cylinder-rod-kit","https://allamericanmuscle.co.za/product/mastodon-universal-manual-master-cylinder-rod-kit/","simple","522.72","522.72","522.72","no","yes","","Brake Systems","brake-systems","https://allamericanmuscle.co.za/wp-content/uploads/2026/06/RH-RON-055-2.webp","High-quality Mastodon Universal Manual Master Cylinder Rod Kit for custom and performance braking systems, providing precise and firm pedal feel for hot rods and race cars in South Africa.","Achieve precise and reliable braking control in your custom or performance vehicle with the Mastodon Universal Manual Master Cylinder Rod Kit. This high-quality kit is an essential component for converting to a manual braking system or upgrading an existing setup, providing a direct and firm pedal feel. Designed for universal application, it allows for custom fitment to various master cylinders and pedal assemblies, making it ideal for hot rods, race cars, and street performance builds across South Africa. Ensures a strong, consistent connection between your brake pedal and master cylinder, critical for responsive and effective braking performance. Key Features: Universal Application: Designed for custom fitment in a wide range of vehicles and setups. Enhanced Pedal Feel: Provides a direct, firm, and consistent brake pedal feel for improved control. Durable Mastodon Quality: Constructed from robust materials for long-lasting performance and reliability. Essential for Manual Brake Conversion: Key component for enthusiasts converting to manual braking systems. Optimized Braking Performance: Ensures a strong and reliable connection for responsive braking. Versatile Design: Allows for adaptation to various master cylinder and pedal assembly configurations. Nationwide Delivery Across South Africa: We ship performance braking components nationwide. Expert Support Available: Our team can assist with technical queries regarding custom installations. Why Choose the Mastodon Universal "
"2678","MMR-4917000-C","Mastodon Parking Brake Ass, Floor Mount, 11 Inch,","mastodon-parking-brake-ass-floor-mount-11-inch-2","https://allamericanmuscle.co.za/product/mastodon-parking-brake-ass-floor-mount-11-inch-2/","simple","3012.01","3012.01","3012.01","no","yes","","Interior & Accessories","interior-accessories","https://allamericanmuscle.co.za/wp-content/uploads/2026/06/4917011_L1450_099be6d9-3229-4f51-a268-99080b17ada6.webp","Parking Brake Ass, Floor Mount, 11 Inch. Shop the Parking Brake Ass, Floor Mount, 11 Inch at All American Muscle. Improves braking performance and feel fo…","Shop the Parking Brake Ass, Floor Mount, 11 Inch at All American Muscle. Improves braking performance and feel for safer, more confident stops. A reliable Mastodon choice for your American muscle or hot-rod project. Brand: Mastodon Part No: MMR-4917000-C"
"2679","MMR-25050","Mastodon Alternator Bracket For Long Water Pump","mastodon-alternator-bracket-for-long-water-pump","https://allamericanmuscle.co.za/product/mastodon-alternator-bracket-for-long-water-pump/","simple","615.09","615.09","615.09","no","yes","","Engines & Components","engines-components","","Alternator Bracket For Long Water Pump. Upgrade with the Alternator Bracket For Long Water Pump. Circulates coolant to keep the engine at a safe operating…","Upgrade with the Alternator Bracket For Long Water Pump. Circulates coolant to keep the engine at a safe operating temperature, built for reliable, leak-free service. Mastodon performance you can count on, shipped fast across South Africa. Brand: Mastodon Part No: MMR-25050"
"2680","MMR-77001","Mastodon Universal 16 inch Electric Slim Radiator F","mastodon-universal-16-inch-electric-slim-radiator-f","https://allamericanmuscle.co.za/product/mastodon-universal-16-inch-electric-slim-radiator-f/","simple","1114.67","1114.67","1114.67","no","yes","","Cooling & Heating","cooling-heating","https://allamericanmuscle.co.za/wp-content/uploads/2026/06/KD4712-1.webp","Universal 16 inch Electric Slim Radiator F. Universal 16 inch Electric Slim Radiator F. High-capacity cooling to keep temperatures in check, even in traff…","Universal 16 inch Electric Slim Radiator F. High-capacity cooling to keep temperatures in check, even in traffic or under load. Genuine Mastodon quality, in stock and ready to ship. Brand: Mastodon Part No: MMR-77001"
"2681","MMR-32017","Mastodon Sbc Chrome Thermostat Housing","mastodon-sbc-chrome-thermostat-housing","https://allamericanmuscle.co.za/product/mastodon-sbc-chrome-thermostat-housing/","simple","631.88","631.88","631.88","no","yes","","Cooling & Heating","cooling-heating","https://allamericanmuscle.co.za/wp-content/uploads/2026/06/sum-377806_xl.webp","Sbc Chrome Thermostat Housing – fits Small Block Chevy. The Sbc Chrome Thermostat Housing from All American Muscle. Routes coolant from the engine with a…","The Sbc Chrome Thermostat Housing from All American Muscle. Routes coolant from the engine with a clean, leak-free connection. Engineered to fit Small Block Chevy applications. Backed by Mastodon and ideal for street and performance use. Brand: Mastodon Application: Small Block Chevy Part No: MMR-32017"
"2682","MMR-11118","Mastodon SBF Valve Cover Bolt Set 289/302/351W","mastodon-sbf-valve-cover-bolt-set-289-302-351w","https://allamericanmuscle.co.za/product/mastodon-sbf-valve-cover-bolt-set-289-302-351w/","simple","310.48","310.48","310.48","no","yes","","Fasteners & Hardware","fasteners-hardware","https://allamericanmuscle.co.za/wp-content/uploads/2026/06/MMSI-AT11118.webp|https://allamericanmuscle.co.za/wp-content/uploads/2026/06/MMSI-AT11118-2.webp","Complete Mastodon valve cover bolt set for Small Block Ford 289, 302, and 351W engines, ensuring a secure and leak-free seal.","Ensure a secure and leak-free seal for your Small Block Ford (SBF) valve covers with the Mastodon Valve Cover Bolt Set. This comprehensive set is specifically designed for 289, 302, and 351W Windsor engines, providing the correct length and thread to properly secure your valve covers to the cylinder heads. Constructed from durable materials with a quality finish, these bolts are built to last and resist corrosion, maintaining a clean and professional look in your engine bay. Whether you’re replacing missing or damaged bolts during an engine rebuild or simply upgrading your engine’s appearance, this Mastodon valve cover bolt set offers a reliable and convenient solution. Key Features: Mastodon Quality: Engineered for secure and long-lasting fastening. Specifically for SBF Windsor: Designed for 289, 302, and 351W Ford engines. Correct Length and Thread: Ensures proper valve cover sealing. Durable Construction: Made from quality materials for longevity and strength. Corrosion Resistant: Maintains a clean look over time. Complete Set: Includes all the necessary bolts for both valve covers. Essential for Engine Maintenance: A crucial component for proper sealing. Enhances Engine Bay Appearance: Provides a uniform and finished look. Why Choose the Mastodon SBF Valve Cover Bolt Set in South Africa? If you’re working on a Small Block Ford 289, 302, or 351W engine in South Africa and need a complete and reliable set of valve cover bolts to ensure a proper seal and clean engine bay app"
"2683","MMR-51046-B","Mastodon LS Truck 8mm 10″ L, 135 Degree Plug Boots BK","mastodon-ls-truck-8mm-10-l-135-degree-plug-boots-bk","https://allamericanmuscle.co.za/product/mastodon-ls-truck-8mm-10-l-135-degree-plug-boots-bk/","simple","660.96","660.96","660.96","no","yes","","Ignitions & Electrical","ignitions-electrical","https://allamericanmuscle.co.za/wp-content/uploads/2026/06/51245B-4.webp","LS Truck 8mm 10″ L, 135 Degree Plug Boots BK – fits GM LS. Shop the LS Truck 8mm 10″ L, 135 Degree Plug Boots BK at All American Muscle. A quality piece f…","Shop the LS Truck 8mm 10″ L, 135 Degree Plug Boots BK at All American Muscle. A quality piece for classic American muscle-car and hot-rod builds. Engineered to fit GM LS applications. Mastodon performance you can count on, shipped fast across South Africa. Brand: Mastodon Application: GM LS Part No: MMR-51046-B"
"2684","MMR-51046-R","Mastodon LS Truck 8mm135 Degree Plug Boots R","mastodon-ls-truck-8mm135-degree-plug-boots-r","https://allamericanmuscle.co.za/product/mastodon-ls-truck-8mm135-degree-plug-boots-r/","simple","660.96","660.96","660.96","no","yes","","Ignitions & Electrical","ignitions-electrical","https://allamericanmuscle.co.za/wp-content/uploads/2026/06/sum-889505r_xl.webp","LS Truck 8mm135 Degree Plug Boots R – fits GM LS. Upgrade with the LS Truck 8mm135 Degree Plug Boots R. A quality piece for classic American muscle-car an…","Upgrade with the LS Truck 8mm135 Degree Plug Boots R. A quality piece for classic American muscle-car and hot-rod builds. Engineered to fit GM LS applications. Genuine Mastodon quality, in stock and ready to ship. Brand: Mastodon Application: GM LS Part No: MMR-51046-R"
"2685","MMR-121804-B","Mastodon Horn Button Polished 9 Hole","mastodon-horn-button-polished-9-hole","https://allamericanmuscle.co.za/product/mastodon-horn-button-polished-9-hole/","simple","725.64","725.64","725.64","no","yes","","Interior & Accessories","interior-accessories","https://allamericanmuscle.co.za/wp-content/uploads/2026/06/1003301-1.webp","Horn Button Polished 9 Hole. Horn Button Polished 9 Hole. A quality interior/electrical component to finish your build.Backed by Mastodon and ideal for st…","Horn Button Polished 9 Hole. A quality interior/electrical component to finish your build. Backed by Mastodon and ideal for street and performance use. Brand: Mastodon Part No: MMR-121804-B"
"2686","MMR-38015","Mastodon LS Wire Set 135","mastodon-ls-wire-set-135","https://allamericanmuscle.co.za/product/mastodon-ls-wire-set-135/","simple","2384.81","2384.81","2384.81","no","yes","","Ignitions & Electrical","ignitions-electrical","https://allamericanmuscle.co.za/wp-content/uploads/2026/04/web2028629_1.webp","Mastodon LS Wire Set 135 Deg Ceramic Boots","Mastodon LS Wire Set 135 with low-resistance wires for maximum energy transfer. 135 degree boot design for tight engine bays. Silicone outer jackets withstand up to 500F."
"2687","MMR-GW-007","Mastodon Block Hugger Headers, Chevy LS1-LLS6 T SS","mastodon-block-hugger-headers-chevy-ls1-lls6-t-ss","https://allamericanmuscle.co.za/product/mastodon-block-hugger-headers-chevy-ls1-lls6-t-ss/","simple","7097.66","7097.66","7097.66","no","yes","","Exhaust","exhaust","https://allamericanmuscle.co.za/wp-content/uploads/2026/06/MMR3307-1.webp","Block Hugger Headers, Chevy LS1-LLS6 T SS – fits GM LS. Fit your build with the Block Hugger Headers, Chevy LS1-LLS6 T SS. Improves exhaust flow for bette…","Fit your build with the Block Hugger Headers, Chevy LS1-LLS6 T SS. Improves exhaust flow for better performance and a great sound. Engineered to fit GM LS applications. Mastodon performance you can count on, shipped fast across South Africa. Brand: Mastodon Application: GM LS Part No: MMR-GW-007"
"2688","MMR-GW-030","Mastodon Exhaust Header, S/S Short Chevy LS","mastodon-exhaust-header-s-s-short-chevy-ls","https://allamericanmuscle.co.za/product/mastodon-exhaust-header-s-s-short-chevy-ls/","simple","5359.00","5359.00","5359.00","no","yes","","Exhaust","exhaust","https://allamericanmuscle.co.za/wp-content/uploads/2026/06/93001000_L1600_3c51221e-f06d-4efb-a10d-651e6232a87b.webp","Exhaust Header, S/S Short Chevy LS – fits GM LS. Shop the Exhaust Header, S/S Short Chevy LS at All American Muscle. Improves exhaust flow for better perf…","Shop the Exhaust Header, S/S Short Chevy LS at All American Muscle. Improves exhaust flow for better performance and a great sound. Engineered to fit GM LS applications. Genuine Mastodon quality, in stock and ready to ship. Brand: Mastodon Application: GM LS Part No: MMR-GW-030"
"2689","MMR-7000-C","Mastodon 7″Dual Brake Booster,Chrome","mastodon-7dual-brake-boosterchrome","https://allamericanmuscle.co.za/product/mastodon-7dual-brake-boosterchrome/","simple","3096.40","3096.40","3096.40","no","yes","","Brake Systems","brake-systems","https://allamericanmuscle.co.za/wp-content/uploads/2026/06/1005-2.webp","7″Dual Brake Booster,Chrome. Upgrade with the 7″Dual Brake Booster,Chrome. Improves braking performance and feel for safer, more confident stops.Backed by…","Upgrade with the 7″Dual Brake Booster,Chrome. Improves braking performance and feel for safer, more confident stops. Backed by Mastodon and ideal for street and performance use. Brand: Mastodon Part No: MMR-7000-C"
"2690","MMR-32016","Mastodon Thermostat Housing Water Neck","mastodon-thermostat-housing-water-neck","https://allamericanmuscle.co.za/product/mastodon-thermostat-housing-water-neck/","simple","425.75","425.75","425.75","no","yes","","Cooling & Heating","cooling-heating","https://allamericanmuscle.co.za/wp-content/uploads/2026/06/MMSI-AT32023-1.webp","Thermostat Housing Water Neck. Thermostat Housing Water Neck. Routes coolant from the engine with a clean, leak-free connection.A reliable Mastodon choice…","Thermostat Housing Water Neck. Routes coolant from the engine with a clean, leak-free connection. A reliable Mastodon choice for your American muscle or hot-rod project. Brand: Mastodon Part No: MMR-32016"
"2691","MMR-12033","Mastodon 24 Inch Universal Braided Throttle Cable","mastodon-24-inch-universal-braided-throttle-cable","https://allamericanmuscle.co.za/product/mastodon-24-inch-universal-braided-throttle-cable/","simple","646.55","646.55","646.55","no","no","0","Air & Fuel Delivery","air-fuel-delivery","https://allamericanmuscle.co.za/wp-content/uploads/2026/06/MMSI-AT12033.webp","Durable 24-inch Mastodon universal braided throttle cable for smooth and reliable engine control.","Ensure smooth and responsive throttle control with the Mastodon 24-inch Universal Braided Throttle Cable. This high-quality cable is designed for universal applications and offers enhanced durability for reliable performance. The braided outer layer provides superior strength and resistance to stretching and wear, ensuring consistent and accurate throttle response. This 24-inch cable is suitable for a variety of vehicles and carburetor/throttle body setups, offering flexibility for custom installations. Key Features: Universal Application: Designed to fit a wide range of vehicles and throttle setups. 24-Inch Length: Provides ample length for various installation configurations. Durable Braided Construction: Offers superior strength and resistance to stretching. Smooth Throttle Response: Ensures consistent and reliable acceleration. High-Quality Materials: Built for long-lasting performance and durability. Easy to Install: Designed for straightforward installation. Enhances Engine Control: Improves the precision and feel of your throttle. Why Choose the Mastodon 24 Inch Universal Braided Throttle Cable in South Africa? If you need a durable and reliable throttle cable for a custom build or to replace a worn-out cable in your vehicle in South Africa, this throttle cable from Mastodon offers excellent quality and smooth throttle response. Specifications: Length: 24 inches Outer Material: Braided Steel Outer Color: Black/Silver Application: Universal End Fittings: Typically inclu"
"2692","MMR-235009","Mastodon Aluminium Rocker Arms BBC 454 1.6","mastodon-aluminium-rocker-arms-bbc-454-1-6","https://allamericanmuscle.co.za/product/mastodon-aluminium-rocker-arms-bbc-454-1-6/","simple","6142.28","6142.28","6142.28","no","yes","","Engines & Components","engines-components","https://allamericanmuscle.co.za/wp-content/uploads/2026/06/MMR235009.webp","High-performance Mastodon aluminum rocker arms with a 1.6 ratio for Chevy BBC 454 engines.","Upgrade your Big Block Chevy (BBC) 454 engine with these high-performance Mastodon Aluminium Rocker Arms BBC featuring a 1.6 ratio. Engineered for strength, reduced weight, and precise valve actuation, these rocker arms help optimize engine performance, improve valve lift, and enhance overall power output. The aluminum construction minimizes inertia, allowing for higher RPM potential and reduced valvetrain noise. A crucial component for any serious BBC 454 build. Get your Mastodon Aluminium Rocker Arms BBC now! Key Features: Specifically for BBC 454 Engines: Designed for direct fitment on 454 cubic inch Big Block Chevy engines. 1.6 Ratio: Increases valve lift compared to the stock ratio, leading to improved airflow and power. Lightweight Aluminum Construction: Reduces valvetrain inertia for higher RPM potential and faster response. Enhanced Valve Actuation: Provides more precise and stable valve movement. Increased Horsepower and Torque: Optimizes engine breathing for significant performance gains. Durable and Reliable: Built to withstand the demands of high-performance engines. Specifications: Application: Big Block Chevy (BBC) 454 Engines Ratio: 1.6 Material: Aluminum Brand: Mastodon Frequently Asked Questions: What is rocker arm ratio? Rocker arm ratio is the relationship between the movement of the pushrod and the movement of the valve. A 1.6 ratio means the valve will open 1.6 times further than the pushrod moves. What are the benefits of aluminum rocker arms? Aluminum r"
"2693","MMR-25096","Mastodon Sbc Double Groove Swp Pulley","mastodon-sbc-double-groove-swp-pulley","https://allamericanmuscle.co.za/product/mastodon-sbc-double-groove-swp-pulley/","simple","840.52","840.52","840.52","no","yes","","Engines & Components","engines-components","https://allamericanmuscle.co.za/wp-content/uploads/2026/06/MMR8853-1.webp","Sbc Double Groove Swp Pulley – fits Small Block Chevy. Shop the Sbc Double Groove Swp Pulley at All American Muscle. Maintains correct drive-belt alignmen…","Shop the Sbc Double Groove Swp Pulley at All American Muscle. Maintains correct drive-belt alignment and turns the engine accessories smoothly. Engineered to fit Small Block Chevy applications. Backed by Mastodon and ideal for street and performance use. Brand: Mastodon Application: Small Block Chevy Part No: MMR-25096"
"2694","MMR-8850","Mastodon SBC Short Water Pump Pulley Single Groove","mastodon-sbc-short-water-pump-pulley-single-groove","https://allamericanmuscle.co.za/product/mastodon-sbc-short-water-pump-pulley-single-groove/","simple","558.24","558.24","558.24","no","yes","","Engines & Components","engines-components","https://allamericanmuscle.co.za/wp-content/uploads/2026/06/MMR8850.webp|https://allamericanmuscle.co.za/wp-content/uploads/2026/06/MMR8850.webp","Durable Mastodon single groove water pump pulley designed for Small Block Chevy engines with a short water pump. Ensures proper belt alignment.","Ensure proper belt alignment and efficient cooling system operation on your Small Block Chevy (SBC) engine with a short water pump using the Mastodon Single Groove Water Pump Pulley. This high-quality pulley is designed to fit SBC engines equipped with a short water pump and features a single groove for a single V-belt setup. Constructed from durable materials, this pulley is built to withstand the demands of your engine and provide reliable performance. Whether you’re building a custom engine or replacing a worn or damaged pulley, this Mastodon single groove water pump pulley offers a precise fit and dependable operation. Key Features: Mastodon Quality: Engineered for precise fit and reliable performance. Specifically for SBC Short Water Pump: Ensures correct alignment for this configuration. Single Groove Design: For use with single V-belt systems. Durable Construction: Built to withstand engine speeds and belt tension. Ensures Proper Belt Alignment: Prevents belt slippage and wear. Maintains Efficient Cooling: Helps the water pump operate effectively. Ideal for Custom Builds and Replacements: Suitable for various SBC applications. Why Choose the Mastodon SBC Short Water Pump Pulley Single Groove in South Africa? If you’re working on a Small Block Chevy engine with a short water pump in South Africa and need a reliable single groove pulley for your water pump, this Mastodon pulley offers a precise fit and durable performance to ensure proper cooling system operation. Specif"
"2695","MMR-GW-76","Mastodon Exhaust Cut-Out, Stainless Steel 304, 3.0","mastodon-exhaust-cut-out-stainless-steel-304-3-0","https://allamericanmuscle.co.za/product/mastodon-exhaust-cut-out-stainless-steel-304-3-0/","simple","3984.91","3984.91","3984.91","no","no","0","Exhaust","exhaust","https://allamericanmuscle.co.za/wp-content/uploads/2026/06/GW-EW004-63-2.webp","Exhaust Cut-Out, Stainless Steel 304, 3.0. Exhaust Cut-Out, Stainless Steel 304, 3.0. Improves exhaust flow for better performance and a great sound.Masto…","Exhaust Cut-Out, Stainless Steel 304, 3.0. Improves exhaust flow for better performance and a great sound. Mastodon performance you can count on, shipped fast across South Africa. Brand: Mastodon Part No: MMR-GW-76"
"2697","MMR-09057","Mastodon Red Male Dist Cap & Rotor SBC","mastodon-red-male-dist-cap-rotor-sbc","https://allamericanmuscle.co.za/product/mastodon-red-male-dist-cap-rotor-sbc/","simple","516.71","516.71","516.71","no","yes","","Ignitions & Electrical","ignitions-electrical","https://allamericanmuscle.co.za/wp-content/uploads/2026/06/91602033_L1600_38ff472b-f4b2-404e-b7c0-460612abaa2f.webp","Red Male Dist Cap & Rotor SBC – fits Small Block Chevy. Fit your build with the Red Male Dist Cap & Rotor SBC. Delivers a strong, reliable spark for easy…","Fit your build with the Red Male Dist Cap & Rotor SBC. Delivers a strong, reliable spark for easy starting and clean running. Engineered to fit Small Block Chevy applications. Backed by Mastodon and ideal for street and performance use. Brand: Mastodon Application: Small Block Chevy Part No: MMR-09057"
"2698","MMR-FRS204-C","Mastodon Master Cylinder Chrome","mastodon-master-cylinder-chrome","https://allamericanmuscle.co.za/product/mastodon-master-cylinder-chrome/","simple","2485.12","2485.12","2485.12","no","no","0","Brake Systems","brake-systems","https://allamericanmuscle.co.za/wp-content/uploads/2026/06/91031447_L1600_cf4d474e-9419-42f7-9e4f-b6c88b5ac649.webp","Master Cylinder Chrome. Shop the Master Cylinder Chrome at All American Muscle. Improves braking performance and feel for safer, more confident stops.A re…","Shop the Master Cylinder Chrome at All American Muscle. Improves braking performance and feel for safer, more confident stops. A reliable Mastodon choice for your American muscle or hot-rod project. Brand: Mastodon Part No: MMR-FRS204-C"
"2699","MMR-32024-B","Mastodon Thermostat, 160 Degree, GM LS2, LS3, LS7 ( 2004-08)","mastodon-thermostat-160-degree-gm-ls2-ls3-ls7-2004-08","https://allamericanmuscle.co.za/product/mastodon-thermostat-160-degree-gm-ls2-ls3-ls7-2004-08/","simple","265.77","265.77","265.77","no","yes","","Cooling & Heating","cooling-heating","","Thermostat, 160 Degree, GM LS2, LS3, LS7 ( 2004-08) – fits GM LS. Upgrade with the Thermostat, 160 Degree, GM LS2, LS3, LS7 ( 2004-08). Regulates coolant…","Upgrade with the Thermostat, 160 Degree, GM LS2, LS3, LS7 ( 2004-08). Regulates coolant flow so the engine reaches and holds its ideal temperature. Engineered to fit GM LS applications. Mastodon performance you can count on, shipped fast across South Africa. Brand: Mastodon Application: GM LS Part No: MMR-32024-B"
"2700","MMR-58022","Mastodon Overhaul Gasket FUll Set","mastodon-overhaul-gasket-full-set","https://allamericanmuscle.co.za/product/mastodon-overhaul-gasket-full-set/","simple","1199.84","1199.84","1199.84","no","yes","","Engines & Components","engines-components","https://allamericanmuscle.co.za/wp-content/uploads/2026/06/MMSI-AT58022-1-2.webp","Overhaul Gasket FUll Set. Overhaul Gasket FUll Set. Provides a durable, leak-free seal and is made to meet or exceed OE specifications.Genuine Mastodon qu…","Overhaul Gasket FUll Set. Provides a durable, leak-free seal and is made to meet or exceed OE specifications. Genuine Mastodon quality, in stock and ready to ship. Brand: Mastodon Part No: MMR-58022"
"2701","MMR-58046-C","Mastodon Valve Cover SBC Cork","mastodon-valve-cover-sbc-cork","https://allamericanmuscle.co.za/product/mastodon-valve-cover-sbc-cork/","simple","317.98","317.98","317.98","no","no","0","Engines & Components","engines-components","https://allamericanmuscle.co.za/wp-content/uploads/2026/06/MMR7483-1.webp","Valve Cover SBC Cork – fits Small Block Chevy. The Valve Cover SBC Cork from All American Muscle. A quality valvetrain component built for dependable, hig…","The Valve Cover SBC Cork from All American Muscle. A quality valvetrain component built for dependable, high-rpm performance. Engineered to fit Small Block Chevy applications. Backed by Mastodon and ideal for street and performance use. Brand: Mastodon Application: Small Block Chevy Part No: MMR-58046-C"
"2702","MMR-58046-R","Mastodon SBC Valve Cover Gasket, Steel Core, Rubber","mastodon-sbc-valve-cover-gasket-steel-core-rubber","https://allamericanmuscle.co.za/product/mastodon-sbc-valve-cover-gasket-steel-core-rubber/","simple","348.35","348.35","348.35","no","yes","","Gaskets & Seals","gaskets-seals","https://allamericanmuscle.co.za/wp-content/uploads/2026/06/MMR7489-3.webp","SBC Valve Cover Gasket, Steel Core, Rubber – fits Small Block Chevy. Fit your build with the SBC Valve Cover Gasket, Steel Core, Rubber. Provides a durabl…","Fit your build with the SBC Valve Cover Gasket, Steel Core, Rubber. Provides a durable, leak-free seal and is made to meet or exceed OE specifications. Engineered to fit Small Block Chevy applications. A reliable Mastodon choice for your American muscle or hot-rod project. Brand: Mastodon Application: Small Block Chevy Part No: MMR-58046-R"
"2703","MMR-58063","Mastodon SBC Intake Manifold Gasket Set","mastodon-sbc-intake-manifold-gasket-set","https://allamericanmuscle.co.za/product/mastodon-sbc-intake-manifold-gasket-set/","simple","350.00","350.00","350.00","no","yes","","Gaskets & Seals","gaskets-seals","https://allamericanmuscle.co.za/wp-content/uploads/2026/06/MMSI-AT58022-1-3.webp","Complete intake manifold gasket set for the Small Block Chevy, including front and rear valley seals.","Shop the SBC Intake Manifold Gasket Set at All American Muscle. A complete intake manifold gasket set for the Small Block Chevy — it seals the manifold to both cylinder heads and the front and rear valley rails to the block, keeping oil and vacuum leaks out. Engineered to fit Small Block Chevy applications. Mastodon performance you can count on, shipped fast across South Africa. Brand: Mastodon Application: Small Block Chevy Part No: MMR-58063"
"2704","MMR-51244-R","Mastodon 8mm LS 8″ Ignition Wire with 180 Degree Plug Boot","mastodon-8mm-ls-8-ignition-wire-with-180-degree-plug-boot","https://allamericanmuscle.co.za/product/mastodon-8mm-ls-8-ignition-wire-with-180-degree-plug-boot/","simple","660.96","660.96","660.96","no","yes","","Ignitions & Electrical","ignitions-electrical","https://allamericanmuscle.co.za/wp-content/uploads/2026/06/51245B-5.webp","8mm LS 8″ Ignition Wire with 180 Degree Plug Boot – fits GM LS. Upgrade with the 8mm LS 8″ Ignition Wire with 180 Degree Plug Boot. Delivers a strong, rel…","Upgrade with the 8mm LS 8″ Ignition Wire with 180 Degree Plug Boot. Delivers a strong, reliable spark for easy starting and clean running. Engineered to fit GM LS applications. Genuine Mastodon quality, in stock and ready to ship. Brand: Mastodon Application: GM LS Part No: MMR-51244-R"
"2705","MMR-Q08","Automatic Transmission Mount Hi-Tech Shifter","automatic-transmission-mount-hi-tech-shifter","https://allamericanmuscle.co.za/product/automatic-transmission-mount-hi-tech-shifter/","simple","11427.81","11427.81","11427.81","no","yes","","Interior & Accessories","interior-accessories","https://allamericanmuscle.co.za/wp-content/uploads/2026/06/SH-HQ08.avif","16-inch Hi-Tech Shifter handle, specifically designed for GM Turbo 350 transmissions, offering extended reach and improved gear selection control.","You can take command of your automatic transmission with the Mastodon Automatic Transmission Mount Hi-Tech Shifter. We designed this kit to give you precise control and quicker, more positive shifts. The included high-performance transmission mount significantly reduces drivetrain movement. This helps you to get more power to the ground. Consequently, you get a more direct and connected driving experience. Furthermore, we built this shifter with durability in mind. Therefore, it provides you with reliable and consistent operation for years to come. This is an ideal upgrade for anyone looking to improve the performance and feel of their automatic transmission. get your Automatic Transmission Mount Hi-Tech Shifter now! Key Features Hi-Tech Shifter Design: We engineered it for quick and precise gear selection. Reduced Drivetrain Movement: The durable transmission mount helps you minimize power-robbing motion. Positive Gear Engagement: It provides a solid, confident feel when you shift gears. Durable Construction: We made it from high-quality materials to withstand the demands of performance driving. Enhanced Performance: This kit gives you quicker shifts and a more responsive feel. Improved Drivability: It provides you with greater control over your transmission. Why Choose This Mastodon Kit in South Africa? If you’re building a performance vehicle in South Africa, you need components that work together seamlessly. In fact, a high-quality shifter is a crucial part of your drivet"
"2706","MMR-32008-BL","Mastodon Water Neck, Black, SBC, BBC, Mopar","mastodon-water-neck-black-sbc-bbc-mopar","https://allamericanmuscle.co.za/product/mastodon-water-neck-black-sbc-bbc-mopar/","simple","319.10","319.10","319.10","no","yes","","Cooling & Heating","cooling-heating","https://allamericanmuscle.co.za/wp-content/uploads/2026/06/bsp-blk90134_xl.webp","Water Neck, Black, SBC, BBC, Mopar – fits Small Block Chevy. The Water Neck, Black, SBC, BBC, Mopar from All American Muscle. Routes coolant from the engi…","The Water Neck, Black, SBC, BBC, Mopar from All American Muscle. Routes coolant from the engine with a clean, leak-free connection. Engineered to fit Small Block Chevy applications. A reliable Mastodon choice for your American muscle or hot-rod project. Brand: Mastodon Application: Small Block Chevy Part No: MMR-32008-BL"
"2707","MMR-31921","Mastodon Disc Brake Kit With E-Brake, 9 Inch Bolt-","mastodon-disc-brake-kit-with-e-brake-9-inch-bolt","https://allamericanmuscle.co.za/product/mastodon-disc-brake-kit-with-e-brake-9-inch-bolt/","simple","14752.45","14752.45","14752.45","no","no","0","Brake Systems","brake-systems","https://allamericanmuscle.co.za/wp-content/uploads/2026/06/91032007_L1600_00d48678-563d-425d-907e-35a1030977ed.webp","Disc Brake Kit With E-Brake, 9 Inch Bolt. Fit your build with the Disc Brake Kit With E-Brake, 9 Inch Bolt. Improves braking performance and feel for safe…","Fit your build with the Disc Brake Kit With E-Brake, 9 Inch Bolt. Improves braking performance and feel for safer, more confident stops. Mastodon performance you can count on, shipped fast across South Africa. Brand: Mastodon Part No: MMR-31921"
"2708","MMR-39018","Mastodon Stainless Flexible Oil Dipstick Small Block","mastodon-stainless-flexible-oil-dipstick-small-block","https://allamericanmuscle.co.za/product/mastodon-stainless-flexible-oil-dipstick-small-block/","simple","430.56","430.56","430.56","no","yes","","Engines & Components","engines-components","https://allamericanmuscle.co.za/wp-content/uploads/2026/06/MMSI-AT39018-2.webp|https://allamericanmuscle.co.za/wp-content/uploads/2026/06/MMSI-AT39018.webp","Mastodon SBF Stainless Flexible Engine Oil Dipstick","Ensure easy and accurate oil level checks in your Small Block engine with the Mastodon Stainless Flexible Engine Oil Dipstick. Designed for Small Block applications in South Africa, this dipstick offers a durable and flexible solution for accessing your oil pan, even in tight engine compartments. Constructed from high-quality stainless steel, it resists corrosion and wear, providing a long-lasting and reliable tool for engine maintenance. The flexible design allows for easy insertion and removal, making oil checks a breeze. Key Features: Mastodon Quality: Engineered for durability and accurate oil level readings. Small Block Compatibility: Specifically designed for various Small Block engine applications. Flexible Design: Allows for easy access in confined engine spaces. Stainless Steel Construction: Resists corrosion and ensures long-term reliability. Clear Markings: Provides easy-to-read oil level indicators. Essential for Engine Maintenance: A crucial tool for regular oil checks. Nationwide Delivery Across South Africa: We ship engine components and tools nationwide. Expert Support Available: Our team can assist with any compatibility or technical inquiries. Why Choose the Mastodon Stainless Flexible Engine Oil Dipstick for Your Small Block Engine in South Africa? If you own a vehicle with a Small Block engine in South Africa and need a durable and flexible oil dipstick for easy and accurate oil level checks, the Mastodon stainless steel dipstick is a reliable and long-las"
"2709","MMR-38022-BL","Mastodon Universal Spark Plug Wire Set 8mm 90 Degree","mastodon-universal-spark-plug-wire-set-8mm-90-degree","https://allamericanmuscle.co.za/product/mastodon-universal-spark-plug-wire-set-8mm-90-degree/","simple","1939.67","1939.67","1939.67","no","yes","","Ignitions & Electrical","ignitions-electrical","https://allamericanmuscle.co.za/wp-content/uploads/2026/06/AllamericanMuscle_Mastodon-Universal-8mm-90-Degree-Spark-Plug-Wire-Set_MMSI-AT38022.webp","Universal Mastodon 8mm spark plug wire set with 90-degree boots for wide vehicle compatibility and improved ignition.","Upgrade your vehicle’s ignition system with the Mastodon Universal Spark Plug Wire Set. We engineered this high-performance 8mm wire set with 90-degree boots on the spark plug end. Consequently, this provides optimal clearance in tight engine bays. We designed the wire set for a universal application across a wide range of vehicles in South Africa. Furthermore, it delivers excellent conductivity and noise suppression. This ensures a strong and consistent spark for improved engine performance and fuel efficiency. We constructed the Mastodon Universal Spark Plug Wire Set from durable materials. Ultimately, this product is built to withstand the harsh conditions of your engine compartment, offering long-lasting reliability. Key Features Mastodon Quality: Engineered for superior ignition performance and durability. Universal Application: Designed to fit a broad range of vehicle makes and models. 8mm Wire Diameter: Provides excellent conductivity for a strong spark. 90-Degree Boots: Offers optimal clearance around spark plugs, especially in confined spaces. Superior Noise Suppression: Minimizes radio frequency interference (RFI) and electromagnetic interference (EMI). Durable Construction: Made from high-quality materials for longevity and resistance to heat and chemicals. Improved Engine Performance: Ensures a consistent spark for better combustion and efficiency. Nationwide Delivery Across South Africa: We ship ignition components and wire sets nationwide. Expert Support Availab"
"2710","MMR-7007","Mastodon Spring Plates 3U bolts, 65-73 Mustang","mastodon-spring-plates-3u-bolts-65-73-mustang","https://allamericanmuscle.co.za/product/mastodon-spring-plates-3u-bolts-65-73-mustang/","simple","2308.86","2308.86","2308.86","no","yes","","Chassis & Suspension","chassis-suspension","https://allamericanmuscle.co.za/wp-content/uploads/2026/06/CE-7007.webp","Mastodon spring plates with 3 U-bolts, designed for 1965-1973 Ford Mustang rear leaf spring mounting.","You can upgrade or replace the spring plates on your classic 1965-1973 Ford Mustang with this durable set Spring Plates 3U bolts from Mastodon. We designed them specifically for these iconic muscle cars. They securely mount the leaf springs to the rear axle. This kit includes three U-bolts per plate. This provides a robust and reliable connection for your Mustang’s rear suspension. Whether you are restoring a vintage Mustang or performing maintenance, these Mastodon spring plates with U-bolts are a direct fit and a quality choice for you. They ensure proper and safe suspension function. Get your Spring Plates 3U bolts now! Key Features Brand: Mastodon: It is known for quality aftermarket suspension components. Application: We designed it specifically for 1965-1973 Ford Mustang models. Includes U-Bolts: Each spring plate comes with three U-bolts for you to have secure mounting. Durable Construction: We made it from strong materials for long-lasting performance. Ensures Proper Leaf Spring Mounting: It securely attaches the leaf springs to the axle. Direct Fit: We designed it as a direct replacement for the original spring plates on 65-73 Mustangs. Essential for Restoration & Maintenance: It is a crucial component for you to maintain the rear suspension. Available in South Africa: We supply Mustang parts to you and nationwide from our base. Why Choose Mastodon Spring Plates with 3 U-Bolts for your 1965-1973 Mustang in South Africa? If you are restoring or maintaining a 1965-1973"
"2711","MMR-9&#8243;-57&#8243;H","Mastodon Ford 9′ Rear End Housing With Axes 57 “","mastodon-ford-9-rear-end-housing-with-axes-57","https://allamericanmuscle.co.za/product/mastodon-ford-9-rear-end-housing-with-axes-57/","simple","29780.35","29780.35","29780.35","no","yes","1","Transmission & Drivetrain","transmission-drivetrain","https://allamericanmuscle.co.za/wp-content/uploads/2026/06/99005557_L1600_98b7cd16-63b6-4e76-b253-9ce017c56a02.webp","Ford 9′ Rear End Housing With Axes 57 ” – fits Ford. The Ford 9′ Rear End Housing With Axes 57 ” from All American Muscle. A quality piece for classic Ame…","The Ford 9′ Rear End Housing With Axes 57 ” from All American Muscle. A quality piece for classic American muscle-car and hot-rod builds. Engineered to fit Ford applications. Mastodon performance you can count on, shipped fast across South Africa. Brand: Mastodon Application: Ford Part No: MMR-9″-57″H"
"2712","MMR-13690","Wheel Spinner 3 Bar","wheel-spinner-3-bar","https://allamericanmuscle.co.za/product/wheel-spinner-3-bar/","simple","800.76","800.76","800.76","no","yes","","Wheels & Tyres","wheels-tires","https://allamericanmuscle.co.za/wp-content/uploads/2026/06/91139608_L1600_10f8e889-7eed-4d65-9006-4ac96e82b8aa.webp","Wheel Spinner 3 Bar. Fit your build with the Wheel Spinner 3 Bar. Quality wheel/tyre hardware to complete the look.Genuine Mastodon quality, in stock and…","Fit your build with the Wheel Spinner 3 Bar. Quality wheel/tyre hardware to complete the look. Genuine Mastodon quality, in stock and ready to ship. Brand: Mastodon Part No: MMR-13690"
"2713","MMR-21079","Mastodon e Cooling Fan Thermostat Switch","mastodon-e-cooling-fan-thermostat-switch","https://allamericanmuscle.co.za/product/mastodon-e-cooling-fan-thermostat-switch/","simple","193.97","193.97","193.97","no","yes","","Cooling & Heating","cooling-heating","https://allamericanmuscle.co.za/wp-content/uploads/2026/06/9106410_L1600_136234c7-9887-4910-98de-bbb51fdf6e6d.webp","e Cooling Fan Thermostat Switch. Shop the e Cooling Fan Thermostat Switch at All American Muscle. Regulates coolant flow so the engine reaches and holds i…","Shop the e Cooling Fan Thermostat Switch at All American Muscle. Regulates coolant flow so the engine reaches and holds its ideal temperature. Backed by Mastodon and ideal for street and performance use. Brand: Mastodon Part No: MMR-21079"
"2714","MMR-16032","Mastodon Universal Adjustable Column Shift Linkage","mastodon-universal-adjustable-column-shift-linkage","https://allamericanmuscle.co.za/product/mastodon-universal-adjustable-column-shift-linkage/","simple","969.83","969.83","969.83","no","yes","","Exterior & Accessories","exterior-accessories","https://allamericanmuscle.co.za/wp-content/uploads/2026/06/MMSI-AT16032.avif","Versatile Mastodon universal adjustable column shift linkage for precise and smooth gear selection in custom builds.","Ensure precise and smooth gear selection with the Mastodon Universal Adjustable Column Shift Linkage. This versatile kit is designed to connect your transmission to your vehicle’s column shifter, offering adjustability to accommodate various transmission and chassis combinations. Constructed from durable materials, this linkage kit provides reliable performance and longevity. The adjustable design allows for fine-tuning to achieve accurate gear engagement, eliminating binding and ensuring smooth shifting. Ideal for custom builds, hot rods, and vehicles with non-standard setups, this kit provides a robust and adaptable solution for your column shift needs. Key Features: Universal Application: Designed to work with a wide range of transmissions and column shifters. Adjustable Design: Allows for precise alignment and smooth gear engagement. Durable Construction: Built from strong materials for reliable performance. Eliminates Binding: Ensures smooth and effortless shifting. Ideal for Custom Builds: Perfect for non-standard chassis and transmission setups. Includes Necessary Hardware: Comes with the components needed for installation. Ensures Accurate Gear Selection: Provides positive and reliable gear engagement. Why Choose the Mastodon Universal Adjustable Column Shift Linkage in South Africa? If you’re working on a custom vehicle build or need to connect a non-original transmission to your column shifter in South Africa, this universal adjustable linkage kit from Mastodon offe"
"2715","MMR-11366","Mastodon Carburetor Studs Kit 5/16″ X 2 1/2″","mastodon-carburetor-studs-kit-5-16-x-2-1-2","https://allamericanmuscle.co.za/product/mastodon-carburetor-studs-kit-5-16-x-2-1-2/","simple","154.82","154.82","154.82","no","yes","","Fasteners & Hardware","fasteners-hardware","https://allamericanmuscle.co.za/wp-content/uploads/2026/04/47a82f28-c73b-43d6-b4d0-9db6ff85eec7.webp","Carburetor Studs Kit 5/16″ X 2 1/2″. Set of 4 carburetor mounting studs in 5/16″ thread, 2-1/2″ length. The right hardware for square-bore carburetors (Ho…","Set of 4 carburetor mounting studs in 5/16″ thread, 2-1/2″ length. The right hardware for square-bore carburetors (Holley, Edelbrock, Quick Fuel, Demon, Brawler) on standard 4150-style intake manifolds. Studs prevent stripped-out threads in cast aluminum manifolds, hold the gasket flat during install, and let the carb drop straight onto its mounting position without juggling alignment. Includes 4 studs with matching nuts and washers. Specifications: Thread: 5/16″ (coarse one end, fine other end — standard pattern) Length: 2-1/2″ Quantity: 4 studs + 4 nuts + 4 washers Compatible carbs: Holley 4150 / 4160 Double Pumper, Edelbrock Performer / AVS, Quick Fuel, Demon, Brawler — any 4150-style square-bore"
"2716","MMR-25008","Mastodon Chrome Distributor Hold Down Clamps Kit SBC/BBC","mastodon-chrome-distributor-hold-down-clamps-kit-sbc-bbc","https://allamericanmuscle.co.za/product/mastodon-chrome-distributor-hold-down-clamps-kit-sbc-bbc/","simple","174.01","174.01","174.01","no","yes","","Fasteners & Hardware","fasteners-hardware","https://allamericanmuscle.co.za/wp-content/uploads/2026/06/MMSI-AT25008.webp","Chrome-plated Mastodon distributor hold down clamps kit for secure mounting on SBC and BBC engines.","Ensure your distributor is securely mounted and add a touch of chrome shine to your Small Block Chevy (SBC) or Big Block Chevy (BBC) engine with the Mastodon Chrome Distributor Hold Down Clamps Kit. This kit includes the necessary clamps and hardware for you to firmly hold your distributor in place. Consequently, this prevents timing issues caused by distributor movement. The chrome-plated finish provides a stylish and durable look that enhances your engine bay’s appearance. In fact, a secure distributor hold-down is crucial for you to maintain accurate ignition timing and optimal engine performance. We designed this kit for easy installation. Therefore, it is a great way for you to add both functionality and visual appeal to your Chevy engine. Key Features Fits SBC and BBC Engines: We designed it for compatibility with both Small Block and Big Block Chevy engines. Chrome-Plated Finish: It adds a bright and stylish look to your engine bay. Ensures Secure Distributor Mounting: This prevents distributor movement and timing fluctuations. Maintains Accurate Ignition Timing: This is crucial for you to get optimal engine performance. Durable Construction: We built it to withstand engine heat and vibrations. Easy Installation: It includes the necessary clamps and hardware for a straightforward setup. Enhances Engine Aesthetics: It improves the overall look of your engine compartment. Why Choose the Mastodon Chrome Distributor Hold Down Clamps Kit for SBC/BBC in South Africa? If you’"
"2717","MMR-32022","Mastodon Chevy Ls Polished Alum Straight Up Water","mastodon-chevy-ls-polished-alum-straight-up-water","https://allamericanmuscle.co.za/product/mastodon-chevy-ls-polished-alum-straight-up-water/","simple","355.61","355.61","355.61","no","yes","","Cooling & Heating","cooling-heating","https://allamericanmuscle.co.za/wp-content/uploads/2026/06/91015822_L1600_5bee793a-a3d7-474a-b5b2-8ce440b5febe.webp","Chevy Ls Polished Alum Straight Up Water – fits GM LS. Fit your build with the Chevy Ls Polished Alum Straight Up Water. A quality piece for classic Ameri…","Fit your build with the Chevy Ls Polished Alum Straight Up Water. A quality piece for classic American muscle-car and hot-rod builds. Engineered to fit GM LS applications. Backed by Mastodon and ideal for street and performance use. Brand: Mastodon Application: GM LS Part No: MMR-32022"
"2718","MMR-7489","Mastodon SBC Valve Cover Gasket Centre Bolt","mastodon-sbc-valve-cover-gasket-centre-bolt","https://allamericanmuscle.co.za/product/mastodon-sbc-valve-cover-gasket-centre-bolt/","simple","290.97","290.97","290.97","no","yes","","Gaskets & Seals","gaskets-seals","https://allamericanmuscle.co.za/wp-content/uploads/2026/06/MMR7489-4.webp","SBC Valve Cover Gasket Centre Bolt – fits Small Block Chevy. Shop the SBC Valve Cover Gasket Centre Bolt at All American Muscle. Provides a durable, leak-…","Shop the SBC Valve Cover Gasket Centre Bolt at All American Muscle. Provides a durable, leak-free seal and is made to meet or exceed OE specifications. Engineered to fit Small Block Chevy applications. A reliable Mastodon choice for your American muscle or hot-rod project. Brand: Mastodon Application: Small Block Chevy Part No: MMR-7489"
"2719","MMR-34042","Mastodon Rubber Shifter Boot Round","mastodon-rubber-shifter-boot-round","https://allamericanmuscle.co.za/product/mastodon-rubber-shifter-boot-round/","simple","287.21","287.21","287.21","no","yes","","Gaskets & Seals","gaskets-seals","https://allamericanmuscle.co.za/wp-content/uploads/2026/06/MMSI-AT34042.webp","Durable Mastodon round rubber shifter boot, providing interior protection and a clean look for manual shifters. Universal fit.","Ensure a clean and finished look for your vehicle’s interior with the Mastodon Rubber Shifter Boot Round. We designed this durable rubber boot to fit around your manual transmission shifter, providing a protective barrier against dust, dirt, and debris from entering the cabin. Furthermore, its round shape offers a universal fit for many applications. We made this shifter boot from high-quality rubber. Consequently, it is built to withstand the rigors of daily use and maintain its flexibility and appearance over time. Whether you’re replacing a worn or damaged boot or finishing a custom build, the Mastodon Rubber Shifter Boot Round offers a practical and aesthetically pleasing solution. Key Features Mastodon Quality: Manufactured for durability and a clean finish. Round Shape: Offers a universal fit for various manual shifters. Protects Interior: Seals out dust, dirt, and debris. Durable Rubber: Made from high-quality rubber for longevity. Enhances Appearance: Provides a neat and finished look to the shifter area. Easy Installation: Simple to fit over most round shifters. Ideal for Replacements and Custom Builds: Suitable for both repairs and new projects. Why Choose the Mastodon Rubber Shifter Boot Round in South Africa? If you need a durable and universally fitting rubber shifter boot with a round design in South Africa, the Mastodon option provides excellent protection for your vehicle’s interior while offering a clean and finished aesthetic. In fact, this boot is a practic"
"2720","MMR-13137","Mastodon GM Chrome Door Window Crank Handle Pair S","mastodon-gm-chrome-door-window-crank-handle-pair-s","https://allamericanmuscle.co.za/product/mastodon-gm-chrome-door-window-crank-handle-pair-s/","simple","323.28","323.28","323.28","no","yes","","Interior & Accessories","interior-accessories","https://allamericanmuscle.co.za/wp-content/uploads/2026/06/SI-AT13138-1.webp","GM Chrome Door Window Crank Handle Pair S – fits GM / Chevrolet. GM Chrome Door Window Crank Handle Pair S. A quality interior/electrical component to fin…","GM Chrome Door Window Crank Handle Pair S. A quality interior/electrical component to finish your build. Engineered to fit GM / Chevrolet applications. Genuine Mastodon quality, in stock and ready to ship. Brand: Mastodon Application: GM / Chevrolet Part No: MMR-13137"
"2721","MMR-128582","Mastodon Lower Swivel Column Mounts","mastodon-lower-swivel-column-mounts","https://allamericanmuscle.co.za/product/mastodon-lower-swivel-column-mounts/","simple","907.05","907.05","907.05","no","yes","","Interior & Accessories","interior-accessories","https://allamericanmuscle.co.za/wp-content/uploads/2026/06/U10715806145.webp","Secure and adjust your steering column with Mastodon Lower Swivel Column Mounts Durable, adjustable, and easy to install.","Looking for a reliable and adjustable solution to mount your steering column in South Africa? The Mastodon Lower Swivel Column Mounts provide a secure and flexible mounting option. Designed for easy installation and adjustability, these mounts ensure your steering column is positioned for optimal comfort and control. Ideal for South African automotive enthusiasts who demand precision and durability in their steering systems. As a trusted supplier in Alberton, Gauteng, we provide top-tier steering components to enhance your vehicle’s handling. Why choose the Mastodon Lower Swivel Column Mounts? Secure Mounting: Ensures your steering column is firmly in place. Adjustable Design: Allows for precise positioning for optimal comfort. Easy Installation: Simplifies the steering column mounting process. Durable Construction: Built to withstand the demands of automotive applications. Trusted Brand: Mastodon is known for high-quality automotive parts. Nationwide Shipping: We deliver steering components across South Africa. Local Expertise: We understand the needs of South African performance enthusiasts. Specifications: Type: Lower Swivel Column Mounts Secure and adjust your steering column with the Mastodon Lower Swivel Column Mounts, designed for precision and durability on South African roads. Frequently Asked Questions: What are the benefits of using swivel column mounts? Allows for adjustability and precise positioning. Is installation easy? These mounts are designed for easy insta"
"2722","MMR-48314","Mastodon Universal Drive Shaft U bolts 1-1/8 Inch","mastodon-universal-drive-shaft-u-bolts-1-1-8-inch","https://allamericanmuscle.co.za/product/mastodon-universal-drive-shaft-u-bolts-1-1-8-inch/","simple","192.66","192.66","192.66","no","yes","","Fasteners & Hardware","fasteners-hardware","https://allamericanmuscle.co.za/wp-content/uploads/2026/06/910-48314.webp","High-strength Mastodon universal drive shaft U-bolts, 1-1/8 inch size, for secure driveline connections.","You can securely fasten your vehicle’s drive shaft using our reliable Mastodon Universal Drive Shaft U-Bolts. We designed them for you to use in universal applications. For instance, they are ideal when you require a 1-1/8 inch size. In fact, these high-quality U-bolts from Mastodon are essential for you to safely and securely connect the drive shaft to the differential flange or other driveline components. In addition, we manufacture them for durability and strength. Furthermore, we build them to withstand the stresses of vehicle operation. This ensures a secure and long-lasting connection. Ultimately, whether you are performing maintenance, repairs, or a custom build in South Africa, these universal drive shaft U-bolts are a dependable choice for a wide range of vehicles. Key Features Brand: Mastodon: It is a trusted name for you to use for automotive components. Universal Application: We made it suitable for you to use on various vehicles. Size: 1-1/8 Inch: We specifically designed it for you to use on connections needing this dimension. Secure Connection: It ensures the drive shaft is firmly attached. Durable Construction: We made it from high-strength materials for longevity. Essential for Driveline: It is a critical component for you to have safe and effective power transfer. Suitable for Maintenance & Repair: It is ideal for you to replace worn or damaged U-bolts. Why Choose Mastodon Universal Drive Shaft U-Bolts in South Africa? If you are working on a vehicle in Sout"
"2723","MMR-FO-036","Mastodon Coyote 5.0l Exhaust Manifold – Stainless Steel","mastodon-coyote-5-0l-exhaust-manifold-stainless-steel","https://allamericanmuscle.co.za/product/mastodon-coyote-5-0l-exhaust-manifold-stainless-steel/","simple","11425.66","11425.66","11425.66","no","no","0","Exhaust","exhaust","https://allamericanmuscle.co.za/wp-content/uploads/2026/04/def7dc831a5a611c715aa7a8c66962aac0a36a258b43c4c617dff928e58b9e56.webp","Mastodon Exhaust Manifold, Coyote 5.0l, Stainless","Stainless steel exhaust manifold for the Ford Coyote 5.0L — direct fitment for 2011–2017 Mustang GT engines (and aftermarket Coyote crate engine swaps). Stainless construction outlives factory cast-iron manifolds (no cracking, no scaling) and frees up modest exhaust flow improvements without going to a full long-tube header install. 304-grade stainless steel — corrosion-resistant for any climate. Sold as a single manifold; check fitment for your specific build (driver vs passenger side) before ordering. Specifications: Application: Ford Coyote 5.0L (2011–2017 Mustang GT, F-150 5.0L, Coyote crate engine) Material: 304 stainless steel Type: Direct-fit exhaust manifold (replaces factory cast-iron) Hardware: M10x1.5 header bolts (use existing or order separately)"
"2724","MMR-UJ001","Mastodon U-Joint, 3/4″ Smooth X 3/4″ Smooth","mastodon-u-joint-3-4-smooth-x-3-4-smooth","https://allamericanmuscle.co.za/product/mastodon-u-joint-3-4-smooth-x-3-4-smooth/","simple","750.00","750.00","750.00","no","yes","","Chassis & Suspension","chassis-suspension","https://allamericanmuscle.co.za/wp-content/uploads/2026/06/brg-130964_xl.webp","U-Joint, 3/4″ Smooth X 3/4″ Smooth. Upgrade with the U-Joint, 3/4″ Smooth X 3/4″ Smooth. A quality steering component for safe, precise control.Genuine Ma…","Upgrade with the U-Joint, 3/4″ Smooth X 3/4″ Smooth. A quality steering component for safe, precise control. Genuine Mastodon quality, in stock and ready to ship. Brand: Mastodon Part No: MMR-UJ001"
"2725","MMR-6061-A","Mastodon Steering Wheel Adapter 6 Holes Polished","mastodon-steering-wheel-adapter-6-holes-polished","https://allamericanmuscle.co.za/product/mastodon-steering-wheel-adapter-6-holes-polished/","simple","1287.38","1287.38","1287.38","no","no","0","Interior & Accessories","interior-accessories","https://allamericanmuscle.co.za/wp-content/uploads/2026/06/910105502_L700_af2d0a4f-1e28-4322-a7ea-49559f88e6d7.webp","Polished steering wheel adapter (boss) for 6-hole aftermarket steering wheels.","Steering Wheel Adapter 6 Holes Polished. The polished adapter (boss) that mounts a 6-hole aftermarket steering wheel to your steering column, setting the wheel at the right depth and finishing the centre neatly. Backed by Mastodon and ideal for street and performance use. Brand: Mastodon Part No: MMR-6061-A"
"2726","MMR-12006","Mastodon Braided Kickdown Cable for Chrysler 727","mastodon-braided-kickdown-cable-for-chrysler-727","https://allamericanmuscle.co.za/product/mastodon-braided-kickdown-cable-for-chrysler-727/","simple","646.55","646.55","646.55","no","no","0","Transmission & Drivetrain","transmission-drivetrain","https://allamericanmuscle.co.za/wp-content/uploads/2026/06/MMSI-AT12006.webp","Durable Mastodon braided transmission kickdown cable for Chrysler 727 automatic transmissions, ensuring precise shifting.","Ensure you have precise and dependable kickdown operation for your Chrysler 727 automatic transmission with the high-quality Mastodon Braided Kickdown Cable. We specifically designed this durable cable to provide smooth and accurate activation of the kickdown function. This allows your transmission to downshift appropriately for optimal acceleration and passing performance. The braided outer layer offers enhanced strength, durability, and resistance to wear and tear. Consequently, it ensures long-lasting reliable operation. We designed this cable as a direct replacement for your original kickdown cable. Therefore, it is essential for you to maintain the performance and responsiveness of your Chrysler 727 transmission. Key Features Precise Kickdown Activation: It ensures accurate and smooth downshifting for optimal performance. Durable Braided Construction: This offers you superior strength, flexibility, and resistance to wear. Direct Replacement: We designed it as a direct fit for Chrysler 727 automatic transmissions. Enhanced Reliability: It provides consistent and dependable kickdown operation. Improved Performance: It contributes to the overall responsiveness and drivability of your vehicle. Long-Lasting Durability: We built it to withstand the rigors of daily use and demanding conditions. Essential for 727 Transmissions: This is a crucial component for you to ensure proper transmission function. Why Choose the Mastodon Braided Kickdown Cable for Chrysler 727 in South Afri"
"2727","MMR-6002-A","Mastodon 9 Bolt Billet Polished GM Hub Adapter","mastodon-9-bolt-billet-polished-gm-hub-adapter","https://allamericanmuscle.co.za/product/mastodon-9-bolt-billet-polished-gm-hub-adapter/","simple","1231.39","1231.39","1231.39","no","yes","","Interior & Accessories","interior-accessories","https://allamericanmuscle.co.za/wp-content/uploads/2026/06/910105502_L700_af2d0a4f-1e28-4322-a7ea-49559f88e6d7-1.webp","9 Bolt Billet Polished GM Hub Adapter – fits GM / Chevrolet. Fit your build with the 9 Bolt Billet Polished GM Hub Adapter. A quality piece for classic Am…","Fit your build with the 9 Bolt Billet Polished GM Hub Adapter. A quality piece for classic American muscle-car and hot-rod builds. Engineered to fit GM / Chevrolet applications. Mastodon performance you can count on, shipped fast across South Africa. Brand: Mastodon Application: GM / Chevrolet Part No: MMR-6002-A"
"2728","MMR-100106","Mastodon Alternator 1 Wire 140 Amp V-belt – Chrome","mastodon-alternator-1-wire-140-amp-v-belt-chrome","https://allamericanmuscle.co.za/product/mastodon-alternator-1-wire-140-amp-v-belt-chrome/","simple","3216.81","3216.81","3216.81","no","yes","","Engines & Components","engines-components","https://allamericanmuscle.co.za/wp-content/uploads/2026/04/s-l1600.webp","Mastodon Aopec alternator, GM 1 wire","1-wire 140-amp chrome alternator — the dress-up upgrade for any classic muscle car or street rod that needs more electrical capacity than the factory alternator could ever deliver. The 1-wire design takes only a single charge wire to the battery (no field/excitation wiring) — simplifies a swap or rewire dramatically. 140 amps handles modern accessories: electric fans, electric water pumps, EFI fuel pumps, audio systems, and full-time headlights without ever flickering. Bright chrome finish for show-quality engine bays. V-belt pulley for classic accessory drives. Specifications: Output: 140 amps Type: 1-wire (self-exciting) Pulley: V-belt Finish: Chrome Application: Universal — Small Block Chevy, Big Block Chevy, Small Block Ford, hot rod / street rod builds"
"2729","MMR-39018-BK","Mastodon SBF Stainless Engine Oil Dipstick BK","mastodon-sbf-stainless-engine-oil-dipstick-bk","https://allamericanmuscle.co.za/product/mastodon-sbf-stainless-engine-oil-dipstick-bk/","simple","615.47","615.47","615.47","no","yes","","Engines & Components","engines-components","https://allamericanmuscle.co.za/wp-content/uploads/2026/06/MMSI-AT39020-1.webp","SBF Stainless Engine Oil Dipstick BK – fits Ford Small Block (Windsor). Upgrade with the SBF Stainless Engine Oil Dipstick BK. Keeps the lubrication syste…","Upgrade with the SBF Stainless Engine Oil Dipstick BK. Keeps the lubrication system working reliably to protect the engine’s moving parts. Engineered to fit Ford Small Block (Windsor) applications. Backed by Mastodon and ideal for street and performance use. Brand: Mastodon Application: Ford Small Block (Windsor) Part No: MMR-39018-BK"
"2730","MMR-7000-A","Mastodon Leaf Spring Pads 3 Tube x 21/4 Wide","mastodon-leaf-spring-pads-3-tube-x-21-4-wide","https://allamericanmuscle.co.za/product/mastodon-leaf-spring-pads-3-tube-x-21-4-wide/","simple","1026.09","1026.09","1026.09","no","yes","","Chassis & Suspension","chassis-suspension","https://allamericanmuscle.co.za/wp-content/uploads/2026/06/CE-7000A.webp","Mastodon leaf spring pads with a 3-tube design for noise reduction, 2 1/4 inch wide. Ensures proper leaf spring alignment.","You can ensure proper alignment and noise reduction for your vehicle’s leaf spring suspension with these Mastodon Leaf Spring Pads. We designed them with a 3-tube configuration and a width of 2 1/4 inches. This provides a durable and effective interface between the leaf spring and the axle or spring perch. Furthermore, the tubular design helps you to minimize friction and noise. This contributes to a smoother and quieter ride. In fact, they are ideal for a variety of automotive applications. These Mastodon leaf spring pads are a reliable choice for you to use for maintenance, repair, or custom suspension setups. Ultimately, you can ensure your leaf springs are properly seated and protected with these quality pads. Key Features Brand: Mastodon: It is known for durable aftermarket suspension components. Configuration: 3 Tube Design: This helps you reduce friction and noise. Width: 2 1/4 Inch: It fits leaf springs with a 2 1/4 inch width. Durable Material: We constructed it from robust materials for you to have long-lasting performance. Reduces Noise & Vibration: It helps you eliminate squeaks and unwanted movement. Ensures Proper Alignment: It assists you in correctly positioning the leaf spring assembly. Versatile Application: It is suitable for you to use on various vehicles with 2 1/4 inch wide leaf springs. Ideal for Maintenance & Upgrades: It is perfect for you to replace worn pads or improve suspension performance. Why Choose Mastodon 3 Tube x 2 1/4 Inch Wide Leaf Spring "
"2731","MMR-25007","Mastodon Steel Throttle Return Bracket Kit Holley","mastodon-steel-throttle-return-bracket-kit-holley","https://allamericanmuscle.co.za/product/mastodon-steel-throttle-return-bracket-kit-holley/","simple","258.45","258.45","258.45","no","yes","","Fasteners & Hardware","fasteners-hardware","https://allamericanmuscle.co.za/wp-content/uploads/2026/06/MMSI-AT25007.webp","Durable steel Mastodon throttle return bracket kit for Holley carburetors, ensuring safe and reliable operation.","Ensure you have safe and reliable throttle operation with the Mastodon Steel Throttle Return Bracket Kit. We designed this specifically for Holley carburetors. Furthermore, this robust kit provides a secure mounting point for your throttle return springs. Consequently, this ensures the throttle reliably returns to the idle position when you release the accelerator pedal. We constructed this bracket from durable steel. Therefore, we built it to withstand the stresses of engine operation and to resist corrosion, offering you long-lasting performance. Proper throttle return is crucial for safety and preventing unintended acceleration. We designed this kit as a direct fit for most Holley carburetors. Ultimately, it includes the necessary hardware for easy installation. Key Features Designed for Holley Carburetors: It ensures a perfect fit and proper function with most Holley models. Durable Steel Construction: It provides strength, stability, and resistance to corrosion. Ensures Safe Throttle Return: It guarantees the throttle closes properly when you release the pedal. Prevents Unintended Acceleration: This is a crucial safety component for any vehicle. Provides Secure Mounting: It offers a stable point for you to attach throttle return springs. Easy Installation: It includes the necessary mounting hardware for a straightforward setup. Essential for Proper Throttle Function: This is a key component for safe and reliable operation. Why Choose the Mastodon Steel Throttle Return Br"
"2732","MMR-20047-BK","Mastodon Air Cleaner Filter Element, Washable","mastodon-air-cleaner-filter-element-washable","https://allamericanmuscle.co.za/product/mastodon-air-cleaner-filter-element-washable/","simple","332.20","332.20","332.20","no","yes","","Air & Fuel Delivery","air-fuel-delivery","https://allamericanmuscle.co.za/wp-content/uploads/2026/06/edl-43667_xl-1.webp","Air Cleaner Filter Element, Washable. Fit your build with the Air Cleaner Filter Element, Washable. Protects the engine by filtering intake air while allo…","Fit your build with the Air Cleaner Filter Element, Washable. Protects the engine by filtering intake air while allowing strong airflow. Genuine Mastodon quality, in stock and ready to ship. Brand: Mastodon Part No: MMR-20047-BK"
"2733","MMR-3808","Mastodon Header Gasket For 62-95 Small Block Ford","mastodon-header-gasket-for-62-95-small-block-ford","https://allamericanmuscle.co.za/product/mastodon-header-gasket-for-62-95-small-block-ford/","simple","717.89","717.89","717.89","no","yes","","Gaskets & Seals","gaskets-seals","https://allamericanmuscle.co.za/wp-content/uploads/2026/06/fel-1415_tb_xl-1.webp","Header Gasket For 62-95 Small Block Ford – fits Ford Small Block (Windsor). Shop the Header Gasket For 62-95 Small Block Ford at All American Muscle. Impr…","Shop the Header Gasket For 62-95 Small Block Ford at All American Muscle. Improves exhaust flow for better performance and a great sound. Engineered to fit Ford Small Block (Windsor) applications. Backed by Mastodon and ideal for street and performance use. Brand: Mastodon Application: Ford Small Block (Windsor) Part No: MMR-3808"
"2734","MMR-SBC195IV","Mastodon SBC 195 Intake Valve Size 2.08 4.91 Stem 8.0mm","mastodon-sbc-195-intake-valve-size-2-08-4-91-stem-8-0mm","https://allamericanmuscle.co.za/product/mastodon-sbc-195-intake-valve-size-2-08-4-91-stem-8-0mm/","simple","411.62","411.62","411.62","no","yes","","Engines & Components","engines-components","https://allamericanmuscle.co.za/wp-content/uploads/2026/06/mil-45685-1.webp","SBC 195 Intake Valve Size 2.08 4.91 Stem 8.0mm – fits Small Block Chevy. Upgrade with the SBC 195 Intake Valve Size 2.08 4.91 Stem 8.0mm. A quality valvet…","Upgrade with the SBC 195 Intake Valve Size 2.08 4.91 Stem 8.0mm. A quality valvetrain component built for dependable, high-rpm performance. Engineered to fit Small Block Chevy applications. A reliable Mastodon choice for your American muscle or hot-rod project. Brand: Mastodon Application: Small Block Chevy Part No: MMR-SBC195IV"
"2735","MMR-11131","Mastodon SBC/BBC Chevy Oil Filter Adapter Spin-On","mastodon-sbc-bbc-chevy-oil-filter-adapter-spin-on","https://allamericanmuscle.co.za/product/mastodon-sbc-bbc-chevy-oil-filter-adapter-spin-on/","simple","490.98","490.98","490.98","no","yes","","Engines & Components","engines-components","https://allamericanmuscle.co.za/wp-content/uploads/2026/06/MMSI-AT11131.webp","Convenient Mastodon spin-on oil filter adapter for Small Block and Big Block Chevy engines, simplifying oil filter changes.","Simplify your oil filter installation and maintenance on your Small Block Chevy (SBC) or Big Block Chevy (BBC) engine with the Mastodon Spin-On Oil Filter Adapter. This high-quality adapter allows you to convert from the factory canister-style oil filter to a more modern and convenient spin-on type filter. Constructed from durable materials, this adapter ensures a secure and leak-free connection, providing reliable oil filtration for your engine. It’s a popular upgrade for ease of service and compatibility with a wider range of readily available spin-on oil filters. This Mastodon adapter is designed to fit both SBC and BBC Chevy engines, offering versatility for various applications. Key Features: Mastodon Quality: Engineered for a secure and leak-free connection. Converts to Spin-On Filter: Allows for easier oil filter changes. Fits SBC & BBC Chevy Engines: Versatile compatibility for both engine types. Durable Construction: Made from quality materials for longevity. Ensures Proper Oil Filtration: Maintains engine lubrication and cleanliness. Easy Installation: Straightforward bolt-on installation. Wider Filter Compatibility: Allows the use of common spin-on oil filters. Ideal for Upgrades and Replacements: Suitable for various Chevy engine projects. Why Choose the Mastodon SBC & BBC Chevy Spin-On Oil Filter Adapter in South Africa? If you own a Small Block or Big Block Chevy engine in South Africa and want to upgrade to the convenience of a spin-on oil filter for easier mai"
"2736","MMR-13138","Mastodon Chrome Window Crank Handle (Ford Truck)","mastodon-chrome-window-crank-handle-ford-truck","https://allamericanmuscle.co.za/product/mastodon-chrome-window-crank-handle-ford-truck/","simple","280.43","280.43","280.43","no","yes","","Interior & Accessories","interior-accessories","https://allamericanmuscle.co.za/wp-content/uploads/2026/06/SI-AT13138.webp","Restore your Ford truck interior with the Mastodon Chrome Window Crank Handle. This OEM-style, durable handle is a perfect replacement. It brings a brilliant chrome finish back to your door panel.","You can complete the restoration of your classic Ford truck interior with the Mastodon Chrome Window Crank Handle. This high-quality handle is designed as a direct replacement for various Ford truck models. It features a dazzling, show-quality chrome finish. As a result, you get a durable, attractive component that instantly refreshes your cabin’s appearance. This is an essential detail for you if you are working on a custom project or a full restoration. As a trusted supplier in Alberton, Gauteng, we provide you with top-tier interior and exterior components for your classic vehicle. Key Features Ford Truck Specific Fitment: We designed it to install directly into the door panel of many classic Ford truck models. This ensures a hassle-free, factory-like fit for you. Show-Quality Chrome Finish: This finish is highly polished. It resists rust and pitting. Consequently, you get a long-lasting, brilliant appearance. OEM-Style Design: The handle maintains the original look and feel of your classic truck interior. This is ideal for you if you are aiming for an authentic restoration. Durable Construction: We built it with high-quality metal. Thus, it provides greater longevity and strength compared to old, worn-out, or cheap plastic handles. Easy Installation: You can install it quickly with simple hand tools. This makes it a perfect weekend project for you. Sold Individually: This allows you to purchase only the handles you need for your truck. Nationwide Shipping: We deliver rest"
"2737","MMR-11363","Mastodon Round Breather with Vent","mastodon-round-breather-with-vent","https://allamericanmuscle.co.za/product/mastodon-round-breather-with-vent/","simple","198.73","198.73","198.73","no","yes","","Air & Fuel Delivery","air-fuel-delivery","https://allamericanmuscle.co.za/wp-content/uploads/2026/06/knn-62-1160_xl.webp","Round Breather with Vent. Fit your build with the Round Breather with Vent. A quality valvetrain component built for dependable, high-rpm performance.Back…","Fit your build with the Round Breather with Vent. A quality valvetrain component built for dependable, high-rpm performance. Backed by Mastodon and ideal for street and performance use. Brand: Mastodon Part No: MMR-11363"
"2738","MMR-25088","Mastodon Steering Column Drop 2.5″ Column","mastodon-steering-column-drop-2-5-column","https://allamericanmuscle.co.za/product/mastodon-steering-column-drop-2-5-column/","simple","736.13","736.13","736.13","no","yes","","Interior & Accessories","interior-accessories","https://allamericanmuscle.co.za/wp-content/uploads/2026/06/SI-AT25088.webp","Secure your steering column with the Mastodon Chrome 2.5″ Aluminium Column Drop. Machined from billet aluminium, this piece provides a strong, secure mount and a stunning chrome interior accent.","You can secure your steering column with show-quality style using the Mastodon Chrome Aluminium Steering Column Drop. This precision-engineered drop fits 2.5-inch diameter steering columns. Manufacturers machine it from high-grade billet aluminium. The final touch is a durable chrome finish. As a result, you get a strong, secure mounting solution that dramatically enhances the look of your custom interior. This is an essential component for you if you need to position your column accurately and securely. As a trusted supplier in Alberton, Gauteng, we deliver top-tier interior dress-up components and mounting hardware across South Africa.Get your Mastodon Steering Column Drop 2.5″ now! Key Features Fits 2.5-Inch Diameter Columns: The precision bore accepts most common aftermarket and custom 2.5-inch steering columns. This ensures a snug, wobble-free fit. Billet Aluminium Construction: We machine it from solid billet aluminium. This material provides superior strength and a lightweight advantage over cast metal. Show-Quality Chrome Finish: The surface wears a brilliant, triple-plated chrome. This ensures lasting durability and a stunning mirror shine for your interior. Secure and Stable Mount: The robust design securely clamps your column. This prevents unwanted movement and vibrations. Completes Interior Look: The column drop is a highly visible part. Consequently, this chrome finish instantly upgrades the aesthetic of your dashboard and firewall area. Easy Installation: The d"
"2739","MMR-3802","Mastodon Header Gasket For 55-91 Small Block Chevy","mastodon-header-gasket-for-55-91-small-block-chevy","https://allamericanmuscle.co.za/product/mastodon-header-gasket-for-55-91-small-block-chevy/","simple","447.94","447.94","447.94","no","yes","","Gaskets & Seals","gaskets-seals","https://allamericanmuscle.co.za/wp-content/uploads/2026/06/rfl-2006_mb_xl.webp","Header Gasket For 55-91 Small Block Chevy – fits Small Block Chevy. Upgrade with the Header Gasket For 55-91 Small Block Chevy. Improves exhaust flow for…","Upgrade with the Header Gasket For 55-91 Small Block Chevy. Improves exhaust flow for better performance and a great sound. Engineered to fit Small Block Chevy applications. Mastodon performance you can count on, shipped fast across South Africa. Brand: Mastodon Application: Small Block Chevy Part No: MMR-3802"
"2740","MMR-11144-B","Mastodon SBC Fuel Pump Mounting plate + Gasket","mastodon-sbc-fuel-pump-mounting-plate-gasket","https://allamericanmuscle.co.za/product/mastodon-sbc-fuel-pump-mounting-plate-gasket/","simple","198.73","198.73","198.73","no","yes","","Engines & Components","engines-components","https://allamericanmuscle.co.za/wp-content/uploads/2026/06/MMSI-AT11145-2-1.webp","SBC Fuel Pump Mounting plate + Gasket – fits Small Block Chevy. SBC Fuel Pump Mounting plate + Gasket. Delivers steady fuel volume and pressure to keep th…","SBC Fuel Pump Mounting plate + Gasket. Delivers steady fuel volume and pressure to keep the engine fed under load. Engineered to fit Small Block Chevy applications. Genuine Mastodon quality, in stock and ready to ship. Brand: Mastodon Application: Small Block Chevy Part No: MMR-11144-B"
"2742","MMR-45018","Mastodon Universal Steering U Joint","mastodon-universal-steering-u-joint","https://allamericanmuscle.co.za/product/mastodon-universal-steering-u-joint/","simple","891.83","891.83","891.83","no","yes","","Chassis & Suspension","chassis-suspension","","Universal steering U-joint for routing the steering shaft through an angle.","Fit your build with the Universal Steering U Joint. A universal joint for the steering shaft that lets you route the steering through an angle between the column and the box — essential on engine swaps and custom chassis where a straight shot isn’t possible. A reliable Mastodon choice for your American muscle or hot-rod project. Brand: Mastodon Part No: MMR-45018"
"2743","MMR-6104-B","Mastodon Steering Wheel Adapter 9 Holes Black","mastodon-steering-wheel-adapter-9-holes-black","https://allamericanmuscle.co.za/product/mastodon-steering-wheel-adapter-9-holes-black/","simple","1287.38","1287.38","1287.38","no","yes","","Interior & Accessories","interior-accessories","https://allamericanmuscle.co.za/wp-content/uploads/2026/06/14-1-scaled-2.webp","Black steering wheel adapter (boss) for 9-hole aftermarket steering wheels.","Shop the Steering Wheel Adapter 9 Holes Black at All American Muscle. A black-finished adapter (boss) that mounts a 9-hole aftermarket steering wheel to your column, positioning the wheel correctly and finishing the centre neatly. Mastodon performance you can count on, shipped fast across South Africa. Brand: Mastodon Part No: MMR-6104-B"
"2744","MMR-12035","Mastodon 36 Inch Universal Throttle Cable Black Plastic","mastodon-36-inch-universal-throttle-cable-black-plastic","https://allamericanmuscle.co.za/product/mastodon-36-inch-universal-throttle-cable-black-plastic/","simple","484.93","484.93","484.93","no","no","0","Air & Fuel Delivery","air-fuel-delivery","https://allamericanmuscle.co.za/wp-content/uploads/2026/06/MMSI-AT12035.webp","Reliable 36-inch black plastic Mastodon universal throttle cable for smooth engine control in longer setups.","Ensure smooth and reliable throttle control with the Mastodon 36-inch Universal Throttle Cable featuring a durable black plastic outer casing. This high-quality cable is designed for universal applications requiring a longer reach and offers reliable performance. The black plastic outer layer provides protection and flexibility for various installations. This 36-inch cable is suitable for a variety of vehicles and carburetor/throttle body setups, offering extended reach for custom installations. Key Features: Universal Application: Designed to fit a wide range of vehicles and throttle setups. 36-Inch Length: Provides extended reach for various installation configurations. Durable Black Plastic Casing: Offers protection and flexibility. Smooth Throttle Response: Ensures consistent and reliable acceleration. High-Quality Materials: Built for long-lasting performance and durability. Easy to Install: Designed for straightforward installation. Enhances Engine Control: Improves the precision and feel of your throttle. Why Choose the Mastodon 36 Inch Universal Throttle Cable Black Plastic in South Africa? If you need a longer, reliable throttle cable for a custom build or to replace a worn-out cable in your vehicle in South Africa, this throttle cable from Mastodon with a black plastic casing offers good quality and smooth throttle response with the added length for versatile installations. Specifications: Length: 36 inches Outer Material: Plastic Outer Color: Black Application: Uni"
"2745","MMR-38026-R","Mastodon Spark Plug Wire Set","mastodon-spark-plug-wire-set-4","https://allamericanmuscle.co.za/product/mastodon-spark-plug-wire-set-4/","simple","1045.03","1045.03","1045.03","no","yes","","Ignitions & Electrical","ignitions-electrical","https://allamericanmuscle.co.za/wp-content/uploads/2026/06/SI-AT38021-BK-1-4.webp","Spark Plug Wire Set. Spark Plug Wire Set. Delivers a strong, reliable spark for easy starting and clean running.Backed by Mastodon and ideal for street an…","Spark Plug Wire Set. Delivers a strong, reliable spark for easy starting and clean running. Backed by Mastodon and ideal for street and performance use. Brand: Mastodon Part No: MMR-38026-R"
"2746","MMR-38021-BL","Mastodon Spark Plug Wire Set 8.5mm 180 Deg, Blue","mastodon-spark-plug-wire-set-8-5mm-180-deg-blue","https://allamericanmuscle.co.za/product/mastodon-spark-plug-wire-set-8-5mm-180-deg-blue/","simple","946.45","946.45","946.45","no","yes","","Ignitions & Electrical","ignitions-electrical","https://allamericanmuscle.co.za/wp-content/uploads/2026/06/MMR3002BK-1-1.webp","Spark Plug Wire Set 8.5mm 180 Deg, Blue. The Spark Plug Wire Set 8.5mm 180 Deg, Blue from All American Muscle. Delivers a strong, reliable spark for easy…","The Spark Plug Wire Set 8.5mm 180 Deg, Blue from All American Muscle. Delivers a strong, reliable spark for easy starting and clean running. A reliable Mastodon choice for your American muscle or hot-rod project. Brand: Mastodon Part No: MMR-38021-BL"
"2747","MMR-38019-R","Mastodon Chevy LS spark plug wires","mastodon-chevy-ls-spark-plug-wires","https://allamericanmuscle.co.za/product/mastodon-chevy-ls-spark-plug-wires/","simple","775.87","775.87","775.87","no","yes","","Ignitions & Electrical","ignitions-electrical","https://allamericanmuscle.co.za/wp-content/uploads/2026/06/MMSI-AT38019.webp","High-quality Mastodon spark plug wires set designed for Chevy LS series engines, ensuring optimal spark delivery.","Ensure optimal spark delivery and peak engine performance in your Chevy LS series engine with the Mastodon Spark Plug Wires Set. This high-quality set of spark plug wires is specifically designed for LS engines, providing a reliable connection between the ignition coils and the spark plugs. Featuring low resistance for maximum voltage transfer, these wires help to eliminate misfires, improve throttle response, and enhance overall engine efficiency. Constructed with durable materials to withstand the high temperatures and demanding conditions of your engine bay, the Mastodon Spark Plug Wires are a crucial component for maintaining the health and performance of your LS-powered vehicle. This set provides a direct fit replacement for your old or worn-out wires. Key Features: Mastodon Quality: Engineered for reliable and efficient spark delivery. Specific Fitment: Designed for Chevy LS series engines (LS1, LS2, LS3, LS6, etc.). Low Resistance: Maximizes voltage transfer to the spark plugs. Eliminates Misfires: Ensures smooth and consistent engine operation. Improved Throttle Response: Enhances acceleration and drivability. Durable Construction: Built to withstand engine heat and harsh conditions. Direct Fit Replacement: Easy installation with no modifications needed. Complete Set: Includes all necessary wires for your LS engine. Why Choose Mastodon Spark Plug Wires for Your Chevy LS Engine in South Africa? If you’re looking to maintain or improve the ignition performance of your C"
"2748","MMR-33015","Mastodon GM Ignition Module","mastodon-gm-ignition-module","https://allamericanmuscle.co.za/product/mastodon-gm-ignition-module/","simple","287.21","287.21","287.21","no","yes","","Ignitions & Electrical","ignitions-electrical","https://allamericanmuscle.co.za/wp-content/uploads/2026/06/MMSI-AT33015-3.webp","Reliable Mastodon ignition module for General Motors vehicles, restoring proper spark and engine performance.","Ensure reliable ignition and optimal engine performance in your General Motors vehicle with the Mastodon GM Ignition Module. This high-quality replacement module is designed to meet or exceed OEM specifications, providing consistent spark delivery to your engine’s cylinders. A faulty ignition module can lead to various issues, including engine misfires, rough idling, and even a no-start condition. Replacing it with this dependable Mastodon module can restore your vehicle’s smooth operation and fuel efficiency. Built with durable components, this ignition module offers a cost-effective solution to keep your GM vehicle running smoothly. Key Features: Mastodon Quality: Manufactured to high standards for reliable performance. Direct Fit: Designed as a direct replacement for specified GM ignition module part numbers. Restores Engine Performance: Eliminates misfires and rough idling caused by a faulty module. Improves Fuel Efficiency: Ensures proper combustion for optimal fuel economy. Ensures Reliable Starting: Provides consistent spark for quick and easy starts. Durable Construction: Built with quality materials for long-lasting operation. Essential for Ignition System Maintenance: A crucial component for a healthy engine. Why Choose the Mastodon GM Ignition Module in South Africa? If you’re experiencing ignition problems with your General Motors vehicle in South Africa, this Mastodon ignition module offers a reliable and cost-effective solution to restore proper engine function."
"2749","MMR-11077","Mastodon Intake Manifold Heater Hose 1/2 inch NPT F","mastodon-intake-manifold-heater-hose-1-2-inch-npt-f","https://allamericanmuscle.co.za/product/mastodon-intake-manifold-heater-hose-1-2-inch-npt-f/","simple","199.05","199.05","199.05","no","yes","","Cooling & Heating","cooling-heating","https://allamericanmuscle.co.za/wp-content/uploads/2026/06/vta-36033-mpa_pz.webp","Intake Manifold Heater Hose 1/2 inch NPT F. Upgrade with the Intake Manifold Heater Hose 1/2 inch NPT F. Routes coolant reliably with quality hose and fit…","Upgrade with the Intake Manifold Heater Hose 1/2 inch NPT F. Routes coolant reliably with quality hose and fittings. Backed by Mastodon and ideal for street and performance use. Brand: Mastodon Part No: MMR-11077"
"2750","MMR-7702","Ready to Run Distributor Ford Windsor 302","ready-to-run-distributor-ford-windsor-302","https://allamericanmuscle.co.za/product/ready-to-run-distributor-ford-windsor-302/","simple","3983.09","3983.09","3983.09","no","yes","","Ignitions & Electrical","ignitions-electrical","https://allamericanmuscle.co.za/wp-content/uploads/2026/06/KNDI-7702.webp","Aftermarket “Ready to Run” distributor for Ford Windsor 302 engines, offering simple installation and improved ignition.","Simplify your Ford Windsor 302 engine’s ignition setup with this aftermarket “Ready to Run” distributor. Designed for easy installation and immediate performance, this distributor eliminates the need for an external ignition control box. It features a built-in module and high-performance advance curve, providing a reliable and consistent spark across the RPM range. Ideal for street performance, mild upgrades, or simply replacing a worn-out stock distributor, this “Ready to Run” unit offers a hassle-free solution for improved ignition and engine operation on your Small Block Ford (SBF) Windsor 302 engine. Ensure compatibility with your specific 302 Windsor engine year and model. Key Features: “Ready to Run” Design: No external ignition box required for simple installation. Built-In Ignition Module: Self-contained and easy to wire. Performance Advance Curve: Optimized for street and mild performance. Reliable Spark: Ensures consistent ignition across the RPM range. Direct Replacement: Designed to replace stock Ford Windsor 302 distributors (verify fitment). Improved Engine Operation: Enhances starting, idle, and overall performance. Ideal for Upgrades: A great choice for replacing older or less efficient distributors. Why Choose This “Ready to Run” Distributor for Your Ford Windsor 302 in South Africa? If you’re looking for a straightforward and effective ignition upgrade for your Ford Windsor 302 engine in South Africa, this “Ready to Run” distributor offers easy installation "
"2751","MMR-8360","Mastodon Pro-Billet Ready To Run Distributor – Internal Module SBC/BBC","mastodon-pro-billet-ready-to-run-distributor-internal-module-sbc-bbc","https://allamericanmuscle.co.za/product/mastodon-pro-billet-ready-to-run-distributor-internal-module-sbc-bbc/","simple","4254.43","4254.43","4254.43","no","yes","","Ignitions & Electrical","ignitions-electrical","https://allamericanmuscle.co.za/wp-content/uploads/2026/06/KNDI-8360.webp","The Mastodon Pro-Billet ready to run distributor SBC BBC is a high-performance ignition system featuring a durable billet housing and an integrated module for a simple, reliable upgrade on Chevy engines.","Upgrade your Small Block Chevrolet (SBC) or Big Block Chevrolet (BBC) engine’s ignition system with this high-performance Mastodon Pro-Billet ready to run distributor SBC BBC. It features an integrated ignition module, simplifying installation and eliminating the need for an external ignition box. The robust Pro-Billet aluminum housing provides superior stability and strength, protecting the internal components from high-RPM stresses. Mastodon built this unit for quality and performance. Therefore, it delivers a powerful and consistent spark across the RPM range. This results in improved combustion, enhanced horsepower, and better throttle response. The precision advance curve is designed for optimal street and mild performance applications. Ultimately, this Mastodon “Ready to Run” distributor directly replaces many stock Chevrolet distributors. It offers a significant upgrade in reliability and performance. You must ensure you check compatibility with your specific SBC or BBC engine year and model. Get your Mastodon Pro-Billet ready to run distributor SBC BBC now! Key Features Pro-Billet Housing: Machined aluminum construction provides maximum strength and stability. Genuine Mastodon Product: A renowned name builds these for high-quality ignition components. “Ready to Run” Design: It has a built-in ignition module for easy, clutter-free installation. Compatible with SBC/BBC: We designed it for a wide range of Small and Big Block Chevrolet engines (you must verify fitment). P"
"2752","MMR-SBC195EV","SBC 195 Exhaust Valve Size 1.6 L 4.97 Stem 8.0mm","sbc-195-exhaust-valve-size-1-6-l-4-97-stem-8-0mm","https://allamericanmuscle.co.za/product/sbc-195-exhaust-valve-size-1-6-l-4-97-stem-8-0mm/","simple","390.09","390.09","390.09","no","yes","","Engines & Components","engines-components","https://allamericanmuscle.co.za/wp-content/uploads/2026/06/afr-7254-1_kg_xl.webp","SBC 195 Exhaust Valve Size 1.6 L 4.97 Stem 8.0mm – fits Small Block Chevy. Fit your build with the SBC 195 Exhaust Valve Size 1.6 L 4.97 Stem 8.0mm. Impro…","Fit your build with the SBC 195 Exhaust Valve Size 1.6 L 4.97 Stem 8.0mm. Improves exhaust flow for better performance and a great sound. Engineered to fit Small Block Chevy applications. Genuine Mastodon quality, in stock and ready to ship. Brand: Mastodon Application: Small Block Chevy Part No: MMR-SBC195EV"
"2753","MMR-208","Transmission Dipstick Flexible SS SBC/BBC Mastodon","transmission-dipstick-flexible-ss-sbc-bbc-mastodon","https://allamericanmuscle.co.za/product/transmission-dipstick-flexible-ss-sbc-bbc-mastodon/","simple","1080.15","1080.15","1080.15","no","no","0","Transmission & Drivetrain","transmission-drivetrain","https://allamericanmuscle.co.za/wp-content/uploads/2026/06/RH-RON-208.webp","Flexible stainless steel transmission dipstick from Mastodon, designed for accurate fluid level checks on SBC/BBC engines, combining style with functionality.","Ensure accurate fluid level readings and add a touch of custom style to your engine bay with the Mastodon Flexible Stainless Steel Transmission Dipstick, specifically designed for Small Block Chevy (SBC) and Big Block Chevy (BBC) engines. This high-quality dipstick features a durable, braided stainless steel outer housing and a flexible inner cable, allowing for easy installation in tight spaces where a rigid dipstick might not fit. The flexible design also helps prevent kinking and offers a clean, professional look under the hood. Essential for proper transmission maintenance and performance, this Mastodon dipstick provides a reliable and stylish solution for your Chevy powertrain in South Africa. Key Features: Mastodon Quality: Manufactured for precision and durability. Flexible Stainless Steel Design: Allows for easy installation in confined engine bays and offers a custom look. Accurate Fluid Level Readings: Ensures precise measurement for optimal transmission health. SBC/BBC Compatibility: Specifically designed to fit Small Block Chevy and Big Block Chevy engines. Durable Construction: Braided stainless steel outer and robust inner cable for longevity. Prevents Kinking: Flexible nature reduces the risk of damage during installation or use. Enhances Engine Bay Aesthetics: Adds a polished, high-performance look. Essential for Maintenance: Crucial for monitoring transmission fluid levels. Nationwide Delivery Across South Africa: We ship transmission components and fluids na"
"2754","MMR-LY-BT-5.75 B","Mastodon 5.7 Bracket (Black)","mastodon-5-7-bracket-black","https://allamericanmuscle.co.za/product/mastodon-5-7-bracket-black/","simple","357.33","357.33","357.33","no","yes","","Lights & Lighting","lights-lighting","https://allamericanmuscle.co.za/wp-content/uploads/2026/06/PD-002-BLK-3.webp","Black mounting bracket for 5.75-inch round headlights.","Upgrade with the 5.75"" Bracket (Black). A black-finished mounting bracket for 5.75-inch round headlights, holding the light securely and letting you set the aim. A reliable Mastodon choice for your American muscle or hot-rod project. Brand: Mastodon Part No: MMR-LY-BT-5.75 B"
"2755","MMR-12007","Mastodon Braided Kickdown Cable for TH700-R4","mastodon-braided-kickdown-cable-for-th700-r4","https://allamericanmuscle.co.za/product/mastodon-braided-kickdown-cable-for-th700-r4/","simple","646.55","646.55","646.55","no","no","0","Transmission & Drivetrain","transmission-drivetrain","https://allamericanmuscle.co.za/wp-content/uploads/2026/06/MMSI-AT12007.webp","Durable Mastodon braided transmission kickdown cable for GM TH700-R4 automatic transmissions, ensuring precise shifting.","Restore precise and reliable kickdown operation to your GM TH700-R4 automatic transmission with the high-quality Mastodon Braided Kickdown Cable. We specifically designed this durable cable to ensure smooth and accurate activation of the kickdown function. This allows your transmission to downshift appropriately for optimal acceleration and passing performance. The braided outer layer offers enhanced strength, durability, and resistance to wear and tear. Consequently, it ensures long-lasting reliable operation. This cable is a direct replacement for your original kickdown cable. Therefore, it is essential for you to maintain the performance and responsiveness of your TH700-R4 transmission. Key Features Precise Kickdown Activation: It ensures accurate and smooth downshifting for optimal performance. Durable Braided Construction: This offers superior strength, flexibility, and resistance to wear. Direct Replacement: We designed it as a direct fit for GM TH700-R4 automatic transmissions. Enhanced Reliability: It provides you with consistent and dependable kickdown operation. Improved Performance: It contributes to the overall responsiveness and drivability of your vehicle. Long-Lasting Durability: We built it to withstand the rigors of daily use and demanding conditions. Essential for TH700-R4 Transmissions: This is a crucial component for you to ensure proper transmission function. Why Choose the Mastodon Braided Kickdown Cable for TH700-R4 in South Africa? If you own a vehicle"
"2756","MMR-20047-R","Mastodon Air Cleaner Filter Element, Washable","mastodon-air-cleaner-filter-element-washable-2","https://allamericanmuscle.co.za/product/mastodon-air-cleaner-filter-element-washable-2/","simple","332.20","332.20","332.20","no","yes","","Air & Fuel Delivery","air-fuel-delivery","https://allamericanmuscle.co.za/wp-content/uploads/2026/06/edl-43667_xl-2.webp","Air Cleaner Filter Element, Washable. The Air Cleaner Filter Element, Washable from All American Muscle. Protects the engine by filtering intake air while…","The Air Cleaner Filter Element, Washable from All American Muscle. Protects the engine by filtering intake air while allowing strong airflow. Genuine Mastodon quality, in stock and ready to ship. Brand: Mastodon Part No: MMR-20047-R"
"2757","MMR-11135","Mastodon 90 Degree Water Pump Fitting 5/8 Hose","mastodon-90-degree-water-pump-fitting-5-8-hose","https://allamericanmuscle.co.za/product/mastodon-90-degree-water-pump-fitting-5-8-hose/","simple","286.61","286.61","286.61","no","yes","","Cooling & Heating","cooling-heating","https://allamericanmuscle.co.za/wp-content/uploads/2026/06/MMSI-AT11135-1.webp","90 Degree Water Pump Fitting 5/8 Hose. Fit your build with the 90 Degree Water Pump Fitting 5/8 Hose. Circulates coolant to keep the engine at a safe oper…","Fit your build with the 90 Degree Water Pump Fitting 5/8 Hose. Circulates coolant to keep the engine at a safe operating temperature, built for reliable, leak-free service. Backed by Mastodon and ideal for street and performance use. Brand: Mastodon Part No: MMR-11135"
"2758","MMR-02065BK","Mastodon Black 7mm/8mm Spark Plug Wire Separators","mastodon-black-7mm-8mm-spark-plug-wire-separators","https://allamericanmuscle.co.za/product/mastodon-black-7mm-8mm-spark-plug-wire-separators/","simple","58.58","58.58","58.58","no","yes","","Ignitions & Electrical","ignitions-electrical","https://allamericanmuscle.co.za/wp-content/uploads/2026/06/MMSI-AT02064-1.webp","Mastodon black spark plug wire separators for 7mm and 8mm wires. Keeps engine bay tidy and prevents ignition issues.","Keep your spark plug wires neatly organized and prevent potential ignition issues with the Mastodon Black Spark Plug Wire Separators. Designed to accommodate both 7mm and 8mm spark plug wires, these separators ensure proper routing, preventing tangling, chafing, and interference that can lead to performance problems. By maintaining optimal separation between ignition wires, these separators contribute to consistent engine performance and a cleaner, more organized engine compartment. The sleek black finish offers a subtle and professional look under the hood. This set typically includes enough separators for all the spark plug wires on a standard engine. Key Features: Mastodon Quality: Engineered for durability and a clean, organized look. Fits 7mm and 8mm Wires: Versatile design compatible with common spark plug wire diameters. Organizes Spark Plug Wires: Prevents tangling, chafing, and potential electrical interference. Ensures Proper Wire Separation: Contributes to optimal and consistent ignition performance. Sleek Black Finish: Offers a subtle and professional appearance in the engine bay. Durable Construction: Made from high-quality materials for long-lasting reliability. Easy Installation: Typically features a simple clip-on or screw-down mechanism. Why Choose the Mastodon Black 7mm/8mm Spark Plug Wire Separators in South Africa? If you’re in South Africa and want to organize your 7mm or 8mm spark plug wires for improved engine bay appearance and to prevent potential ign"
"2759","MMR-58019","Mastodon Copper Header Exhaust Gaskets SBC (Pair)","mastodon-copper-header-exhaust-gaskets-sbc-pair","https://allamericanmuscle.co.za/product/mastodon-copper-header-exhaust-gaskets-sbc-pair/","simple","379.99","379.99","379.99","no","yes","","Gaskets & Seals","gaskets-seals","https://allamericanmuscle.co.za/wp-content/uploads/2026/06/MMSI-AT58019.webp","Premium Mastodon copper exhaust header gaskets (pair) for Small Block Chevy engines, providing a superior seal for aftermarket headers.","Ensure a superior, leak-free seal for your aftermarket exhaust headers on your Small Block Chevy (SBC) engine with the Mastodon Copper Header Exhaust Gaskets. This pair of high-quality gaskets is constructed from durable copper, known for its excellent heat resistance and sealing properties under high temperatures and pressures. Copper gaskets can conform to minor imperfections in the header and cylinder head surfaces, providing a tighter and more reliable seal compared to some composite gaskets. Ideal for high-performance applications, racing engines, or anyone seeking the ultimate in exhaust sealing, these Mastodon copper gaskets will help maximize exhaust flow and prevent power-robbing leaks. Sold as a pair, these gaskets are designed for easy installation with most standard SBC exhaust headers. Key Features: Mastodon Quality: Engineered for a premium and leak-free seal. Specifically for SBC Engines: Designed for optimal fitment with Small Block Chevy headers. Durable Copper Construction: Offers excellent heat resistance and sealing. Superior Sealing Properties: Conforms to surface imperfections for a tight seal. Ideal for High-Performance: Suitable for demanding engine applications. Maximizes Exhaust Flow: Prevents power loss due to leaks. Easy Installation: Designed for standard SBC exhaust headers. Sold as a Pair: Includes gaskets for both exhaust manifolds/headers. Why Choose the Mastodon Copper Header Exhaust Gaskets for Your SBC in South Africa? If you’re looking for"
"2760","MMR-9153","Mastodon Radiator Only","mastodon-radiator-only-2","https://allamericanmuscle.co.za/product/mastodon-radiator-only-2/","simple","5076.18","5076.18","5076.18","no","no","0","Cooling & Heating","cooling-heating","https://allamericanmuscle.co.za/wp-content/uploads/2026/06/9175028_L1600_e7750826-afe5-433e-81ec-0fac146d10f1-1.webp","Radiator Only. Radiator Only. High-capacity cooling to keep temperatures in check, even in traffic or under load.Genuine Mastodon quality, in stock and re…","Radiator Only. High-capacity cooling to keep temperatures in check, even in traffic or under load. Genuine Mastodon quality, in stock and ready to ship. Brand: Mastodon Part No: MMR-9153"
"2761","MMR-3045BK","Mastodon Billet Distributor Cap V8","mastodon-billet-distributor-cap-v8","https://allamericanmuscle.co.za/product/mastodon-billet-distributor-cap-v8/","simple","315.89","315.89","315.89","no","yes","","Ignitions & Electrical","ignitions-electrical","https://allamericanmuscle.co.za/wp-content/uploads/2026/06/MMR3045BK.webp","High-quality Mastodon billet aluminum distributor cap with a black finish for V8 engines.","Upgrade the look and durability of your V8 engine’s ignition system with the Mastodon Billet Distributor Cap. Precision-machined from high-quality billet aluminum with a sleek black finish, this distributor cap offers superior strength and a custom aesthetic compared to standard plastic caps. Designed for V8 distributors, it ensures a secure fit and reliable spark transfer, contributing to consistent engine performance. A perfect addition for show cars, hot rods, and anyone looking to enhance their engine bay. Key Features: Billet Aluminum Construction: Provides exceptional strength and durability. Sleek Black Finish: Offers a modern and stylish appearance. Precision Machined: Ensures a perfect fit and reliable performance. Designed for V8 Distributors: Compatible with most standard V8 ignition systems. Enhanced Engine Bay Aesthetics: Adds a custom and high-quality look. Improved Durability: Resists cracking and wear better than plastic caps. Specifications: Application: V8 Engines (compatibility with specific makes/models may vary) Material: Billet Aluminum Finish: Black Type: Distributor Cap Brand: Mastodon Frequently Asked Questions: Will this fit my specific V8 engine? While designed for V8 distributors, the exact fit can vary depending on the make, model, and year of your vehicle. Please check the product specifications or compatibility charts to ensure it matches your distributor. Does it come with a rotor? Distributor caps are typically sold separately from the rotor. "
"2762","MMR-58012","Mastodon SBC/BBC 3 inch Reusable Copper Header Exha","mastodon-sbc-bbc-3-inch-reusable-copper-header-exha","https://allamericanmuscle.co.za/product/mastodon-sbc-bbc-3-inch-reusable-copper-header-exha/","simple","316.03","316.03","316.03","no","yes","","Gaskets & Seals","gaskets-seals","https://allamericanmuscle.co.za/wp-content/uploads/2026/06/MMSI-AT58011-1.webp","SBC/BBC 3 inch Reusable Copper Header Exha – fits Small Block Chevy. Fit your build with the SBC/BBC 3 inch Reusable Copper Header Exha. Improves exhaust…","Fit your build with the SBC/BBC 3 inch Reusable Copper Header Exha. Improves exhaust flow for better performance and a great sound. Engineered to fit Small Block Chevy applications. A reliable Mastodon choice for your American muscle or hot-rod project. Brand: Mastodon Application: Small Block Chevy Part No: MMR-58012"
"2763","MMR-105","Mastodon Throttle Return Spring Kit, Chrome","mastodon-throttle-return-spring-kit-chrome","https://allamericanmuscle.co.za/product/mastodon-throttle-return-spring-kit-chrome/","simple","327.51","327.51","327.51","no","yes","","Air & Fuel Delivery","air-fuel-delivery","https://allamericanmuscle.co.za/wp-content/uploads/2026/06/qft-49-3_w.webp","Chrome throttle return spring and bracket kit — returns the carburettor throttle to idle.","Shop the Throttle Return Spring Kit, Chrome at All American Muscle. A chrome bracket and return spring set that positively pulls the carburettor throttle back to idle when you lift off the accelerator — a basic safety item on any carburetted engine. Mastodon performance you can count on, shipped fast across South Africa. Brand: Mastodon Part No: MMR-105"
"2764","MMR-85007","Mastodon HEI Distributor Pontiac 326-455","mastodon-hei-distributor-pontiac-326-455","https://allamericanmuscle.co.za/product/mastodon-hei-distributor-pontiac-326-455/","simple","2500.00","2500.00","2500.00","no","yes","","Ignitions & Electrical","ignitions-electrical","https://allamericanmuscle.co.za/wp-content/uploads/2026/06/Pontiac-HEI-Distributor-SBC-BBC-SA-1.webp","HEI Distributor Pontiac 326-455 – fits Pontiac. Upgrade with the HEI Distributor Pontiac 326-455. Delivers a strong, reliable spark for easy starting and…","Upgrade with the HEI Distributor Pontiac 326-455. Delivers a strong, reliable spark for easy starting and clean running. Engineered to fit Pontiac applications. Genuine Mastodon quality, in stock and ready to ship. Brand: Mastodon Application: Pontiac Part No: MMR-85007"
"2765","MMR-02127","Mastodon Distributor Wire Harness, HEI, Connector","mastodon-distributor-wire-harness-hei-connector","https://allamericanmuscle.co.za/product/mastodon-distributor-wire-harness-hei-connector/","simple","69.62","69.62","69.62","no","yes","","Ignitions & Electrical","ignitions-electrical","https://allamericanmuscle.co.za/wp-content/uploads/2026/06/105170072_L_703ecaff-64d6-49af-8f8c-95fc96e96a98.webp","Distributor Wire Harness, HEI, Connector. Distributor Wire Harness, HEI, Connector. Delivers a strong, reliable spark for easy starting and clean running.…","Distributor Wire Harness, HEI, Connector. Delivers a strong, reliable spark for easy starting and clean running. Backed by Mastodon and ideal for street and performance use. Brand: Mastodon Part No: MMR-02127"
"2766","MMR-12032","Mastodon Universal Braided Throttle Cable 24 Inch Black","mastodon-universal-braided-throttle-cable-24-inch-black","https://allamericanmuscle.co.za/product/mastodon-universal-braided-throttle-cable-24-inch-black/","simple","484.93","484.93","484.93","no","yes","","Air & Fuel Delivery","air-fuel-delivery","https://allamericanmuscle.co.za/wp-content/uploads/2026/06/MMSI-AT12032.webp","Durable 24-inch black Mastodon universal braided throttle cable for smooth and reliable engine control.","Ensure smooth and responsive throttle control with the Mastodon Universal Braided Throttle Cable in a 24-inch length with a sleek black finish. This high-quality cable is designed for universal applications and offers enhanced durability and a stylish look for your engine bay. The braided outer layer provides superior strength and resistance to stretching and wear, ensuring consistent and reliable throttle response. This 24-inch cable is suitable for a variety of vehicles and carburetor/throttle body setups, offering flexibility for custom installations. Key Features: Universal Application: Designed to fit a wide range of vehicles and throttle setups. 24-Inch Length: Provides ample length for various installation configurations. Durable Braided Construction: Offers superior strength and resistance to stretching. Sleek Black Finish: Adds a stylish and custom look to your engine bay. Smooth Throttle Response: Ensures consistent and reliable acceleration. High-Quality Materials: Built for long-lasting performance and durability. Easy to Install: Designed for straightforward installation. Enhances Engine Control: Improves the precision and feel of your throttle. Why Choose the Mastodon Universal Braided Throttle Cable 24″ in South Africa? If you need a durable and reliable throttle cable for a custom build or to replace a worn-out cable in your vehicle in South Africa, this 24-inch black braided universal throttle cable from Mastodon offers excellent quality, a stylish appearance"
"2767","MMR-076","TH350 Stainless Steel Kick Down Cable","th350-stainless-steel-kick-down-cable","https://allamericanmuscle.co.za/product/th350-stainless-steel-kick-down-cable/","simple","522.72","522.72","522.72","no","no","0","Transmission & Drivetrain","transmission-drivetrain","https://allamericanmuscle.co.za/wp-content/uploads/2026/06/RH-RON-076.webp","High-quality Mastodon TH350 Stainless Steel Kick Down Cable for GM automatic transmissions, ensuring precise and reliable downshifts with superior durability for vehicles in South Africa.","Ensure precise and reliable downshifts for your TH350 automatic transmission with the Mastodon TH350 Stainless Steel Kick Down Cable. This high-quality, durable cable is a critical component for proper transmission operation, enabling your transmission to kick down into a lower gear when the throttle is fully opened. Crafted from robust stainless steel, this cable offers superior longevity and resistance to corrosion compared to standard cables, making it ideal for performance applications, restorations, and daily drivers across South Africa. Its smooth operation ensures accurate and timely downshifts, crucial for optimal engine performance and drivability. Key Features: TH350 Specific Fitment: Designed precisely for GM’s Turbo-Hydramatic 350 (TH350) automatic transmissions. Stainless Steel Construction: Offers exceptional durability, corrosion resistance, and a premium look. Reliable Downshifts: Ensures proper kick-down function for optimal acceleration and passing power. Smooth Operation: Engineered for low-friction movement for responsive transmission action. Enhanced Longevity: Built to withstand demanding automotive environments and provide a long service life. Performance & Restoration Ready: Perfect for high-performance builds, classic car restorations, or reliable replacements. Nationwide Delivery Across South Africa: We ship transmission components and cables nationwide. Expert Support Available: Our team can assist with installation and adjustment advice. Why Choose"
"2768","MMR-11214","Mastodon Valve Cover Hold Downs Minitab 1-1/2″ 12PC","mastodon-valve-cover-hold-downs-minitab-1-1-2-12pc","https://allamericanmuscle.co.za/product/mastodon-valve-cover-hold-downs-minitab-1-1-2-12pc/","simple","180.56","180.56","180.56","no","yes","","Fasteners & Hardware","fasteners-hardware","","Valve Cover Hold Downs Minitab 1-1/2″ 12PC. Shop the Valve Cover Hold Downs Minitab 1-1/2″ 12PC at All American Muscle. A quality valvetrain component bui…","Shop the Valve Cover Hold Downs Minitab 1-1/2″ 12PC at All American Muscle. A quality valvetrain component built for dependable, high-rpm performance. Genuine Mastodon quality, in stock and ready to ship. Brand: Mastodon Part No: MMR-11214"
"2769","MMR-11076","Mastodon Camaro Hood Bumper Stopper Pair","mastodon-camaro-hood-bumper-stopper-pair","https://allamericanmuscle.co.za/product/mastodon-camaro-hood-bumper-stopper-pair/","simple","262.74","262.74","262.74","no","yes","","Exterior & Accessories","exterior-accessories","https://allamericanmuscle.co.za/wp-content/uploads/2026/06/gmk-4010-205-62p_xl.webp","Camaro Hood Bumper Stopper Pair – fits Chevrolet Camaro. Upgrade with the Camaro Hood Bumper Stopper Pair. A quality piece for classic American muscle-car…","Upgrade with the Camaro Hood Bumper Stopper Pair. A quality piece for classic American muscle-car and hot-rod builds. Engineered to fit Chevrolet Camaro applications. Backed by Mastodon and ideal for street and performance use. Brand: Mastodon Application: Chevrolet Camaro Part No: MMR-11076"
"2770","MMR-28130","Mastodon SBC Viton Valve Stem Seal 16set","mastodon-sbc-viton-valve-stem-seal-16set","https://allamericanmuscle.co.za/product/mastodon-sbc-viton-valve-stem-seal-16set/","simple","228.41","228.41","228.41","no","yes","","Gaskets & Seals","gaskets-seals","https://allamericanmuscle.co.za/wp-content/uploads/2026/06/fel-ss72861_xl.webp","SBC Viton Valve Stem Seal 16set – fits Small Block Chevy. SBC Viton Valve Stem Seal 16set. Provides a durable, leak-free seal and is made to meet or excee…","SBC Viton Valve Stem Seal 16set. Provides a durable, leak-free seal and is made to meet or exceed OE specifications. Engineered to fit Small Block Chevy applications. A reliable Mastodon choice for your American muscle or hot-rod project. Brand: Mastodon Application: Small Block Chevy Part No: MMR-28130"
"2771","MMR-083","Mastodon 36 Inch Universal Braided Throttle Cable","mastodon-36-inch-universal-braided-throttle-cable","https://allamericanmuscle.co.za/product/mastodon-36-inch-universal-braided-throttle-cable/","simple","522.72","522.72","522.72","no","yes","","Air & Fuel Delivery","air-fuel-delivery","https://allamericanmuscle.co.za/wp-content/uploads/2026/06/MMSI-AT12034.webp","Durable 36-inch Mastodon universal braided throttle cable for smooth and reliable engine control in longer setups.","Ensure smooth and responsive throttle control with the Mastodon 36-inch Universal Braided Throttle Cable. This high-quality cable is designed for universal applications and offers enhanced durability for reliable performance, especially in setups requiring a longer cable. The braided outer layer provides superior strength and resistance to stretching and wear, ensuring consistent and accurate throttle response. This 36-inch cable is suitable for a variety of vehicles and carburetor/throttle body setups, offering extended reach and flexibility for custom installations. Key Features: Universal Application: Designed to fit a wide range of vehicles and throttle setups. 36-Inch Length: Provides extended reach for various installation configurations. Durable Braided Construction: Offers superior strength and resistance to stretching. Smooth Throttle Response: Ensures consistent and reliable acceleration. High-Quality Materials: Built for long-lasting performance and durability. Easy to Install: Designed for straightforward installation. Enhances Engine Control: Improves the precision and feel of your throttle. Why Choose the Mastodon 36 Inch Universal Braided Throttle Cable in South Africa? If you need a longer, durable, and reliable throttle cable for a custom build or to replace a worn-out cable in your vehicle in South Africa, this 36-inch braided universal throttle cable from Mastodon offers excellent quality and smooth throttle response with the added length for versatile inst"
"2772","MMR-081","Mastodon Universal Throttle Cable, 24 Inch, S/S Br","mastodon-universal-throttle-cable-24-inch-s-s-br","https://allamericanmuscle.co.za/product/mastodon-universal-throttle-cable-24-inch-s-s-br/","simple","522.72","522.72","522.72","no","no","0","Air & Fuel Delivery","air-fuel-delivery","https://allamericanmuscle.co.za/wp-content/uploads/2026/06/RH-RON-084.webp","High-quality Mastodon Universal 24 Inch Stainless Steel Throttle Cable for smooth, responsive accelerator control in custom and performance vehicles across South Africa.","Achieve smooth, responsive throttle control in your custom or performance vehicle with the Mastodon Universal 24 Inch Stainless Steel Throttle Cable. This high-quality, durable cable is an essential upgrade for any hot rod, custom build, or classic car requiring a precise and reliable connection between the accelerator pedal and the carburetor or throttle body. At 24 inches in length, this Mastodon Universal 24 Inch Stainless Steel Throttle Cable offers flexibility for routing in various engine bay configurations. Constructed from robust stainless steel braiding, it provides superior longevity, resistance to corrosion, and a premium, braided look that enhances your engine bay’s aesthetics. Perfect for enthusiasts across South Africa who demand both performance and style. Key Features: Universal Application: Designed for custom fitment in a wide range of vehicles and setups. 24-Inch Length: Provides ample length for various routing options in different engine bays. Stainless Steel Braided: Offers exceptional durability, corrosion resistance, and a high-performance aesthetic. Smooth Operation: Engineered for low-friction movement for responsive and precise throttle control. Enhanced Longevity: Built to withstand demanding automotive environments and provide a long service life. Performance & Custom Ready: Ideal for high-performance builds, engine swaps, and custom vehicle projects. Nationwide Delivery Across South Africa: We ship performance fuel system components and cables na"
"2773","MMR-39019-SS","stainless steel flexible dipstick – Driver Side SBC","stainless-steel-flexible-dipstick-driver-side-sbc","https://allamericanmuscle.co.za/product/stainless-steel-flexible-dipstick-driver-side-sbc/","simple","552.00","552.00","552.00","no","yes","","Engines & Components","engines-components","https://allamericanmuscle.co.za/wp-content/uploads/2026/06/AllAmericanMuscle_Sbc-Stainless-Flexible-Dipstick-Driver-Side_MMSI-AT39019.webp","Mastodon Sbc Stainless Flexible Dipstick Driver Side","Ensure easy and accurate oil level checks in your Small Block Chevy (SBC) engine with this stainless steel flexible dipstick. Specifically designed for driver-side placement, this dipstick offers a durable and flexible solution for accessing your oil pan, even in tight engine compartments. Constructed from high-quality stainless steel, it resists corrosion and wear, providing a long-lasting and reliable tool for engine maintenance. The flexible design allows for easy insertion and removal, making oil checks a breeze. Key Features: Durable Stainless Steel: Resists corrosion and ensures a long lifespan. Flexible Design: Allows for easy access in confined engine spaces. Clear Markings: Provides easy-to-read oil level indicators. Driver-Side Specific: Designed for driver-side placement in SBC engines. Essential for Engine Maintenance: A crucial tool for regular oil checks. Why Choose this Stainless Flexible Dipstick for Your SBC Engine? If you own a vehicle with a Small Block Chevy engine and need a durable and flexible oil dipstick for easy and accurate oil level checks on the driver’s side, this stainless steel dipstick is a reliable and long-lasting solution. Specifications: Application: Small Block Chevy (SBC) Engines Material: Stainless Steel Placement: Driver Side Type: Flexible Engine Oil Dipstick Frequently Asked Questions: Which SBC engines is this dipstick compatible with? This dipstick is designed for a range of Small Block Chevy engines. Please compare the length and "
"2774","MMR-11370","SBF Brass Freeze Plug Kit (260-302) Mastodon","sbf-brass-freeze-plug-kit-260-302-mastodon","https://allamericanmuscle.co.za/product/sbf-brass-freeze-plug-kit-260-302-mastodon/","simple","290.96","290.96","290.96","no","yes","","Engines & Components","engines-components","https://allamericanmuscle.co.za/wp-content/uploads/2026/06/MMSI-AT11370.avif","Mastodon brass freeze plug kit for Small Block Ford 260, 289, and 302 engines. Offers superior corrosion resistance.","Ensure the integrity of your Small Block Ford (SBF) 260, 289, or 302 engine block with the Mastodon SBF Brass Freeze Plug Kit. This high-quality kit includes a complete set of brass freeze plugs (also known as frost plugs or expansion plugs) designed to seal the core plug holes in your engine block. Brass construction offers excellent corrosion resistance, providing a long-lasting and reliable seal against coolant leaks, especially important in varying temperatures. Whether you’re rebuilding your SBF engine or replacing old, corroded freeze plugs, this Mastodon brass kit provides a durable and effective solution. Key Features: Mastodon Quality: Provides durable and corrosion-resistant freeze plugs. Complete SBF Kit: Includes all the necessary freeze plugs for most SBF 260, 289, and 302 engine blocks. Brass Construction: Offers superior corrosion resistance compared to steel plugs, ensuring a long-lasting seal. Ideal for Engine Rebuilds: Essential for a thorough and reliable engine overhaul. Durable and Long-Lasting: Brass material resists rust and deterioration. Direct Replacement: Designed to fit the core plug holes in SBF engine blocks. Why Choose the Mastodon SBF Ford Brass Freeze Plug Kit in South Africa? If you’re rebuilding a Small Block Ford 260, 289, or 302 engine in South Africa and want to ensure a reliable and corrosion-resistant seal for your engine block’s core plug holes, the Mastodon Brass Freeze Plug Kit is a high-quality choice. Specifications: Engine Compati"
"2775","MMR-32006","Dual Electric Fan Control Harness South Africa","dual-electric-fan-control-harness-south-africa","https://allamericanmuscle.co.za/product/dual-electric-fan-control-harness-south-africa/","simple","597.15","597.15","597.15","no","yes","","Mobile Electronics","mobile-electronics","https://allamericanmuscle.co.za/wp-content/uploads/2026/06/MMSI-AT32006.webp","The dual electric fan control harness South Africa needs is the Mastodon MSI-AT32006, a universal, multi-wire solution that simplifies wiring for reliable dual cooling fan control.","Are you struggling with your dual electric cooling fan wiring? Need a reliable and easy-to-install harness for your custom build or performance vehicle? The dual electric fan control harness South Africa demands reliability, and the Mastodon MSI-AT32006 is the universal solution you need. This multi-wire harness simplifies your wiring needs and ensures your engine stays at optimal temperatures, especially in the demanding South African climate. Consequently, selecting a high-quality component like this is critical for engine longevity. As a trusted supplier in Alberton, Gauteng, we provide reliable electrical components to power your automotive projects. Streamlined Installation and Reliable Control This specialized Mastodon harness significantly streamlines the installation process for dual electric cooling fans. Furthermore, its universal application means you can use the harness for a wide range of custom builds and performance vehicles, from classic American muscle to modern imports. The harness ensures consistent and efficient operation of your cooling fans, cycling them on and off precisely when needed. Therefore, you gain peace of mind knowing your engine runs cool even during peak summer traffic or intense track use. Durability and Local Support Mastodon builds this harness with durable construction materials designed to withstand the heat, vibration, and demands of automotive electrical systems. In addition to superior durability, we back the product with local exper"
"2776","MMR-22023-C","Mastodon Radiator Hose Kit with Aluminum Caps 48′","mastodon-radiator-hose-kit-with-aluminum-caps-48","https://allamericanmuscle.co.za/product/mastodon-radiator-hose-kit-with-aluminum-caps-48/","simple","1548.19","1548.19","1548.19","no","yes","","Cooling & Heating","cooling-heating","https://allamericanmuscle.co.za/wp-content/uploads/2026/06/100.9544A-1.webp","Radiator Hose Kit with Aluminum Caps 48′. The Radiator Hose Kit with Aluminum Caps 48′ from All American Muscle. High-capacity cooling to keep temperature…","The Radiator Hose Kit with Aluminum Caps 48′ from All American Muscle. High-capacity cooling to keep temperatures in check, even in traffic or under load. Genuine Mastodon quality, in stock and ready to ship. Brand: Mastodon Part No: MMR-22023-C"
"2777","MMR-38020-BL","Mastodon Spark Plug Wire Set","mastodon-spark-plug-wire-set-5","https://allamericanmuscle.co.za/product/mastodon-spark-plug-wire-set-5/","simple","946.45","946.45","946.45","no","yes","","Ignitions & Electrical","ignitions-electrical","https://allamericanmuscle.co.za/wp-content/uploads/2026/06/SI-AT38021-BK-1-5.webp","Spark Plug Wire Set. Fit your build with the Spark Plug Wire Set. Delivers a strong, reliable spark for easy starting and clean running.Backed by Mastodon…","Fit your build with the Spark Plug Wire Set. Delivers a strong, reliable spark for easy starting and clean running. Backed by Mastodon and ideal for street and performance use. Brand: Mastodon Part No: MMR-38020-BL"
"2778","MMR-11092","Mastodon Throttle Return Springs & Bracket Kit","mastodon-throttle-return-springs-bracket-kit","https://allamericanmuscle.co.za/product/mastodon-throttle-return-springs-bracket-kit/","simple","128.88","128.88","128.88","no","yes","","Air & Fuel Delivery","air-fuel-delivery","https://allamericanmuscle.co.za/wp-content/uploads/2026/06/MMSI-AT11092.webp","Mastodon throttle return springs & bracket kit for safe and reliable return to idle on carbureted engines.","Ensure your throttle reliably returns to the idle position with the Mastodon Throttle Return Springs & Bracket Kit. This comprehensive kit provides the necessary components for you to safely and effectively return your carburetor throttle to idle when you remove your foot from the accelerator pedal. We consider this kit essential for your safety and for proper engine operation. Therefore, it typically includes a sturdy mounting bracket and one or more high-quality return springs. Furthermore, it is compatible with a wide range of carburetors and intake manifold setups. Ultimately, this Mastodon kit is a crucial addition for any carbureted vehicle. Key Features Mastodon Quality: We engineered it for you to have reliable and safe throttle return. Complete Kit: It typically includes a mounting bracket and one or more return springs. Ensures Safe Throttle Operation: It guarantees the throttle returns to idle. Universal Compatibility: We designed it to work with many carburetors and intake manifolds. Durable Construction: We made it from high-quality materials for long-lasting performance. Easy Installation: It mounts to the intake manifold or carburetor linkage. Essential Safety Component: It prevents the throttle from sticking open. Why Choose the Mastodon Throttle Return Springs & Bracket Kit in South Africa? If you’re in South Africa and need a reliable and complete solution to ensure your carbureted engine’s throttle returns to idle safely and consistently, the Mastodon Throt"
"2779","MMR-02064-C","Mastodon Chrome 7mm/8mm Spark Plug Wire Separators","mastodon-chrome-7mm-8mm-spark-plug-wire-separators","https://allamericanmuscle.co.za/product/mastodon-chrome-7mm-8mm-spark-plug-wire-separators/","simple","70.31","70.31","70.31","no","yes","","Ignitions & Electrical","ignitions-electrical","https://allamericanmuscle.co.za/wp-content/uploads/2026/06/MMSI-AT02064.webp","Mastodon chrome spark plug wire separators for 7mm and 8mm wires. Keeps engine bay tidy and stylish.","Organize and add a touch of chrome to your engine bay with the Mastodon Chrome Spark Plug Wire Separators. Designed to accommodate both 7mm and 8mm spark plug wires, these separators keep your ignition wires neatly routed, preventing tangling, chafing, and potential interference. By maintaining proper separation, these wire separators can help ensure optimal ignition performance and a cleaner engine compartment appearance. The bright chrome finish adds a stylish accent to your engine. This set typically includes enough separators for all the spark plug wires on a standard engine. Key Features: Mastodon Quality: Designed for durability and a clean look. Fits 7mm and 8mm Wires: Versatile design accommodates common spark plug wire sizes. Keeps Wires Organized: Prevents tangling, chafing, and interference. Ensures Proper Separation: Helps maintain optimal ignition performance. Bright Chrome Finish: Adds a stylish and show-quality look to your engine bay. Durable Construction: Made from quality materials for long-lasting use. Easy Installation: Typically features a simple clip-on or screw-down design. Why Choose the Mastodon Chrome 7mm/8mm Spark Plug Wire Separators in South Africa? If you’re in South Africa and want to tidy up your engine bay while adding a touch of chrome, these Mastodon spark plug wire separators are a practical and stylish solution for both 7mm and 8mm wires. Specifications: Compatibility: 7mm and 8mm Spark Plug Wires Finish: Chrome Plated Brand: Mastodon Orga"
"2780","MMR-43011","Mastodon LS Swap Mounts SA – Red Poly Engine","mastodon-ls-swap-mounts-sa-red-poly-engine","https://allamericanmuscle.co.za/product/mastodon-ls-swap-mounts-sa-red-poly-engine/","simple","1487.08","1487.08","1487.08","no","yes","","Engines & Components","engines-components","https://allamericanmuscle.co.za/wp-content/uploads/2026/06/MMSI-AT43011.webp","Red polyurethane Mastodon engine mounts with a 3-bolt pattern, designed for robust and vibration-dampening LS engine swaps.","Secure your LS engine conversion with the robust Mastodon LS swap mounts SA. Specifically engineered for LS engine swap applications, these premium red polyurethane (poly) engine mounts provide superior stability and vibration dampening, consequently ensuring a more precise and reliable engine placement in your chassis. This makes them an ideal choice for both street performance builds and dedicated race applications. Furthermore, these Mastodon LS swap mounts feature a durable, high-strength steel bracket combined with vibrant red polyurethane bushings. Indeed, the polyurethane material offers greater rigidity and longevity compared to traditional rubber mounts, effectively minimizing engine movement under hard acceleration and braking. Moreover, their direct-fit design simplifies the LS engine swap process, allowing for straightforward installation without extensive modifications. Ultimately, choosing these Mastodon LS swap mounts means investing in enhanced power transfer, improved handling characteristics, and a secure engine bay for your high-performance vehicle in South Africa. Key Features: Specifically designed for LS engine swaps. Durable red polyurethane construction for strength and vibration isolation. 3-bolt design for secure and precise installation. Minimizes engine movement under load. Improves power transfer to the wheels. Enhances driving feel and reduces noise, vibration, and harshness (NVH). Resistant to oil, coolant, and other automotive fluids. Eye-catch"
"2781","MMR-COVER","Mastodon Plastic Car Cover","mastodon-plastic-car-cover","https://allamericanmuscle.co.za/product/mastodon-plastic-car-cover/","simple","121.65","121.65","121.65","no","yes","","Exterior & Accessories","exterior-accessories","https://allamericanmuscle.co.za/wp-content/uploads/2026/06/Plastic-Car-Cover-1.webp","Plastic Car Cover. The Plastic Car Cover from All American Muscle. A quality exterior/body component for a clean, finished look.Backed by Mastodon and ide…","The Plastic Car Cover from All American Muscle. A quality exterior/body component for a clean, finished look. Backed by Mastodon and ideal for street and performance use. Brand: Mastodon Part No: MMR-COVER"
"2782","MMR-065","Mastodon H.E.I. Distributor High Performance Ignite","mastodon-h-e-i-distributor-high-performance-ignite","https://allamericanmuscle.co.za/product/mastodon-h-e-i-distributor-high-performance-ignite/","simple","284.23","284.23","284.23","no","no","0","Ignitions & Electrical","ignitions-electrical","https://allamericanmuscle.co.za/wp-content/uploads/2026/06/91602033_L1600_38ff472b-f4b2-404e-b7c0-460612abaa2f-1.webp","H.E.I. Distributor High Performance Ignite. Fit your build with the H.E.I. Distributor High Performance Ignite. Delivers a strong, reliable spark for easy…","Fit your build with the H.E.I. Distributor High Performance Ignite. Delivers a strong, reliable spark for easy starting and clean running. A reliable Mastodon choice for your American muscle or hot-rod project. Brand: Mastodon Part No: MMR-065"
"2783","MMR-SBC180EV","Mastodon SBC 180 Exhaust Valve Size 1.6 L 4.91 Stem 11/32","mastodon-sbc-180-exhaust-valve-size-1-6-l-4-91-stem-11-32","https://allamericanmuscle.co.za/product/mastodon-sbc-180-exhaust-valve-size-1-6-l-4-91-stem-11-32/","simple","411.62","411.62","411.62","no","yes","","Engines & Components","engines-components","https://allamericanmuscle.co.za/wp-content/uploads/2026/06/afr-7254-1_kg_xl-1.webp","SBC 180 Exhaust Valve Size 1.6 L 4.91 Stem 11/32 – fits Small Block Chevy. Shop the SBC 180 Exhaust Valve Size 1.6 L 4.91 Stem 11/32 at All American Muscl…","Shop the SBC 180 Exhaust Valve Size 1.6 L 4.91 Stem 11/32 at All American Muscle. Improves exhaust flow for better performance and a great sound. Engineered to fit Small Block Chevy applications. Mastodon performance you can count on, shipped fast across South Africa. Brand: Mastodon Application: Small Block Chevy Part No: MMR-SBC180EV"
"2784","MMR-SBC180IV","Mastodon SBC 180 Intake Valve Size 2.02 L 4.91 Stem 11/32","mastodon-sbc-180-intake-valve-size-2-02-l-4-91-stem-11-32","https://allamericanmuscle.co.za/product/mastodon-sbc-180-intake-valve-size-2-02-l-4-91-stem-11-32/","simple","411.62","411.62","411.62","no","yes","","Engines & Components","engines-components","https://allamericanmuscle.co.za/wp-content/uploads/2026/06/V1650B-1.webp","SBC 180 Intake Valve Size 2.02 L 4.91 Stem 11/32 – fits Small Block Chevy. Upgrade with the SBC 180 Intake Valve Size 2.02 L 4.91 Stem 11/32. A quality va…","Upgrade with the SBC 180 Intake Valve Size 2.02 L 4.91 Stem 11/32. A quality valvetrain component built for dependable, high-rpm performance. Engineered to fit Small Block Chevy applications. Genuine Mastodon quality, in stock and ready to ship. Brand: Mastodon Application: Small Block Chevy Part No: MMR-SBC180IV"
"2785","MMR-11137","Mastodon Valve Cover Spreader Bars","mastodon-valve-cover-spreader-bars","https://allamericanmuscle.co.za/product/mastodon-valve-cover-spreader-bars/","simple","175.73","175.73","175.73","no","yes","","Fasteners & Hardware","fasteners-hardware","https://allamericanmuscle.co.za/wp-content/uploads/2026/06/MMSI-AT11137-1.webp","Valve Cover Spreader Bars. Valve Cover Spreader Bars. A quality valvetrain component built for dependable, high-rpm performance.Backed by Mastodon and ide…","Valve Cover Spreader Bars. A quality valvetrain component built for dependable, high-rpm performance. Backed by Mastodon and ideal for street and performance use. Brand: Mastodon Part No: MMR-11137"
"2786","MMR-32010-C","Mastodon 90 Degree Swivel Water Neck Polished Alum","mastodon-90-degree-swivel-water-neck-polished-alum","https://allamericanmuscle.co.za/product/mastodon-90-degree-swivel-water-neck-polished-alum/","simple","414.02","414.02","414.02","no","yes","","Cooling & Heating","cooling-heating","https://allamericanmuscle.co.za/wp-content/uploads/2026/06/MMSI-AT32009-2.webp","90 Degree Swivel Water Neck Polished Alum. The 90 Degree Swivel Water Neck Polished Alum from All American Muscle. Routes coolant from the engine with a c…","The 90 Degree Swivel Water Neck Polished Alum from All American Muscle. Routes coolant from the engine with a clean, leak-free connection. A reliable Mastodon choice for your American muscle or hot-rod project. Brand: Mastodon Part No: MMR-32010-C"
"2787","MMR-7/16","Mastodon Rocker Arm Studs 7/16","mastodon-rocker-arm-studs-7-16","https://allamericanmuscle.co.za/product/mastodon-rocker-arm-studs-7-16/","simple","1200.00","1200.00","1200.00","no","yes","","Engines & Components","engines-components","https://allamericanmuscle.co.za/wp-content/uploads/2026/06/edl-8599_gt_xl.webp","Rocker Arm Studs 7/16. Fit your build with the Rocker Arm Studs 7/16. A quality valvetrain component built for dependable, high-rpm performance.Mastodon p…","Fit your build with the Rocker Arm Studs 7/16. A quality valvetrain component built for dependable, high-rpm performance. Mastodon performance you can count on, shipped fast across South Africa. Brand: Mastodon Part No: MMR-7/16"
"2788","MMR-128503-200","Mastodon Column Drop 3-12/4 Dia 2-1/2 inch","mastodon-column-drop-3-12-4-dia-2-1-2-inch","https://allamericanmuscle.co.za/product/mastodon-column-drop-3-12-4-dia-2-1-2-inch/","simple","804.99","804.99","804.99","no","yes","","Interior & Accessories","interior-accessories","https://allamericanmuscle.co.za/wp-content/uploads/2026/06/9100409_L1300_192b62f7-b7ef-4b8b-8e34-7bcd27542c07.webp","Column Drop 3-12/4 Dia 2-1/2 inch. Shop the Column Drop 3-12/4 Dia 2-1/2 inch at All American Muscle. A quality steering component for safe, precise contr…","Shop the Column Drop 3-12/4 Dia 2-1/2 inch at All American Muscle. A quality steering component for safe, precise control. Genuine Mastodon quality, in stock and ready to ship. Brand: Mastodon Part No: MMR-128503-200"
"2789","MMR-190","Mastodon Power Steering Pulley, GM, Aluminium 1 V","mastodon-power-steering-pulley-gm-aluminium-1-v","https://allamericanmuscle.co.za/product/mastodon-power-steering-pulley-gm-aluminium-1-v/","simple","913.22","913.22","913.22","no","yes","","Engines & Components","engines-components","https://allamericanmuscle.co.za/wp-content/uploads/2026/06/tff-8488d_xl.webp","Power Steering Pulley, GM, Aluminium 1 V – fits GM / Chevrolet. Upgrade with the Power Steering Pulley, GM, Aluminium 1 V. Maintains correct drive-belt al…","Upgrade with the Power Steering Pulley, GM, Aluminium 1 V. Maintains correct drive-belt alignment and turns the engine accessories smoothly. Engineered to fit GM / Chevrolet applications. Backed by Mastodon and ideal for street and performance use. Brand: Mastodon Application: GM / Chevrolet Part No: MMR-190"
"2790","MMR-38020-BK","Mastodon Universal Ignition Wire Set 8.5mm","mastodon-universal-ignition-wire-set-8-5mm","https://allamericanmuscle.co.za/product/mastodon-universal-ignition-wire-set-8-5mm/","simple","1200.00","1200.00","1200.00","no","yes","","Ignitions & Electrical","ignitions-electrical","https://allamericanmuscle.co.za/wp-content/uploads/2026/04/noimage_1-2.webp","Mastodon Universal Ignition Wire Set 8.5mm 90 Deg","Universal 8.5mm ignition wire set — the daily-driver classic plug wire upgrade. 8.5mm spiral-core construction delivers low resistance, long life, and the EMI suppression that modern fuel injection / ignition systems demand. Pre-cut and pre-terminated — drop in straight out of the box. Specifications: Wire diameter: 8.5mm Conductor: Spiral-wound core (low resistance, EMI suppressed) Application: Universal V8 (Small Block Chevy, Big Block Chevy, Small Block Ford, etc.) Quantity: Complete V8 set (8 wires + coil wire)"
"2791","MMR-191","Mastodon Power Steering Pump Pulley, GN, 2 Groove","mastodon-power-steering-pump-pulley-gn-2-groove","https://allamericanmuscle.co.za/product/mastodon-power-steering-pump-pulley-gn-2-groove/","simple","1045.48","1045.48","1045.48","no","yes","","Engines & Components","engines-components","https://allamericanmuscle.co.za/wp-content/uploads/2026/06/91032914_L_6e1d3ae0-cd36-47d5-98c5-47b55549d13c.webp","Power Steering Pump Pulley, GN, 2 Groove. The Power Steering Pump Pulley, GN, 2 Groove from All American Muscle. Maintains correct drive-belt alignment an…","The Power Steering Pump Pulley, GN, 2 Groove from All American Muscle. Maintains correct drive-belt alignment and turns the engine accessories smoothly. Mastodon performance you can count on, shipped fast across South Africa. Brand: Mastodon Part No: MMR-191"
"2792","MMR-9512","Mastodon High-Volume Fan 16″","mastodon-high-volume-fan-16","https://allamericanmuscle.co.za/product/mastodon-high-volume-fan-16/","simple","862.50","862.50","862.50","no","no","0","Cooling & Heating","cooling-heating","https://allamericanmuscle.co.za/wp-content/uploads/2026/06/91015449_L1600_e4a33876-5fc8-4158-98e9-8103035bcb68.webp","High-Volume Fan 16″. Fit your build with the High-Volume Fan 16″. Pulls plenty of air through the radiator for strong cooling at idle and low speed.Genuin…","Fit your build with the High-Volume Fan 16″. Pulls plenty of air through the radiator for strong cooling at idle and low speed. Genuine Mastodon quality, in stock and ready to ship. Brand: Mastodon Part No: MMR-9512"
"2793","MMR-3/8","Mastodon Rocker Arm Studs 3/8","mastodon-rocker-arm-studs-3-8","https://allamericanmuscle.co.za/product/mastodon-rocker-arm-studs-3-8/","simple","1200.00","1200.00","1200.00","no","yes","","Engines & Components","engines-components","https://allamericanmuscle.co.za/wp-content/uploads/2026/06/MMR3813-2.webp","Rocker Arm Studs 3/8. Shop the Rocker Arm Studs 3/8 at All American Muscle. A quality valvetrain component built for dependable, high-rpm performance.Back…","Shop the Rocker Arm Studs 3/8 at All American Muscle. A quality valvetrain component built for dependable, high-rpm performance. Backed by Mastodon and ideal for street and performance use. Brand: Mastodon Part No: MMR-3/8"
"2794","MMR-28091","Mastodon Breather Grommets Rubber","mastodon-breather-grommets-rubber","https://allamericanmuscle.co.za/product/mastodon-breather-grommets-rubber/","simple","250.00","250.00","250.00","no","yes","","Gaskets & Seals","gaskets-seals","https://allamericanmuscle.co.za/wp-content/uploads/2026/06/MMSI-AT28091.webp","You can ensure your classic V8 engine remains leak-free with these Mastodon Rubber Breather Grommets. We designed them for a perfect fit on many popular SBC, BBC, and SBF valve covers. Therefore, they provide a crucial seal that protects your engine from oil leaks and helps you maintain a clean and reliable appearance.","You can ensure a clean and leak-free valve cover on your Small Block Chevy (SBC), Big Block Chevy (BBC), or Small Block Ford (SBF) engine with these Mastodon Rubber Breather Grommets. We designed these grommets to provide a secure seal around your PCV valves or breathers. This prevents oil leaks and helps you maintain a tidy engine bay. We crafted them from durable, high-quality rubber. This ensures they resist heat and oil. Therefore, they offer long-lasting performance and a perfect fit for a wide range of popular V8 engines. Ultimately, these are an essential part of a leak-free and reliable engine. Key Features Secure Seal: They create a tight seal to prevent you from having oil leaks. Durable Rubber Construction: We made them from high-quality material to resist heat, fuel, and oil. Perfect Fitment: With an O.D. of 1 1/4″ and an I.D. of 3/4″, they fit common valve cover holes and accessories. Universal Application: We designed them for you to use on popular SBC, BBC, and SBF engines (302, 350, 454, etc.). Enhances Engine Bay: They provide a clean and finished look for your valve covers. Why Choose These Mastodon Grommets in South Africa? If you’re building or maintaining a classic V8 engine in South Africa, a small leak can ruin your day. In fact, oil leaks can make a mess and can even cause you to have a fire. Consequently, you must use high-quality grommets like these Mastodon ones to prevent such issues. Furthermore, their universal sizing makes them a convenient solu"
"2795","MMR-38021-R","Mastodon Universal Ignition Wire Set 8.5mm 180 Deg","mastodon-universal-ignition-wire-set-8-5mm-180-deg","https://allamericanmuscle.co.za/product/mastodon-universal-ignition-wire-set-8-5mm-180-deg/","simple","1200.00","1200.00","1200.00","no","yes","","Ignitions & Electrical","ignitions-electrical","https://allamericanmuscle.co.za/wp-content/uploads/2026/06/MMR3002BK-1-2.webp","Universal Ignition Wire Set 8.5mm 180 Deg. Universal Ignition Wire Set 8.5mm 180 Deg. Delivers a strong, reliable spark for easy starting and clean runnin…","Universal Ignition Wire Set 8.5mm 180 Deg. Delivers a strong, reliable spark for easy starting and clean running. Mastodon performance you can count on, shipped fast across South Africa. Brand: Mastodon Part No: MMR-38021-R"
"2796","MMR-02069","Mastodon Assorted Vacuum Line Cap Kit","mastodon-assorted-vacuum-line-cap-kit","https://allamericanmuscle.co.za/product/mastodon-assorted-vacuum-line-cap-kit/","simple","103.50","103.50","103.50","no","yes","","Gaskets & Seals","gaskets-seals","https://allamericanmuscle.co.za/wp-content/uploads/2026/06/MMSI-AT02065.webp","Mastodon assorted vacuum line cap kit for sealing various sized vacuum ports and preventing leaks.","Seal off unused vacuum ports and prevent leaks with the versatile Mastodon Assorted Vacuum Line Cap Kit. This comprehensive kit contains a variety of cap sizes to fit various vacuum line diameters that you commonly find in automotive applications. Made from durable rubber or silicone, these caps provide a reliable seal. This prevents vacuum leaks that can lead to poor engine performance, idle issues, and other problems. Therefore, whether you’re performing engine swaps, modifications, or simply tidying up your engine bay, this Mastodon vacuum line cap kit is an essential addition to your toolkit. Key Features Mastodon Quality: We engineered it for a reliable and long-lasting seal. Assorted Sizes: It includes a variety of cap diameters to fit most common vacuum line sizes. Prevents Vacuum Leaks: It ensures you have proper engine operation and performance. Durable Materials: We made it from quality rubber or silicone for resistance to heat and chemicals. Versatile Application: We consider it ideal for engine swaps, modifications, and general maintenance. Easy to Use: You simply push it onto the open vacuum port for a secure seal. Organized Kit: It typically comes in a resealable container for easy storage and access. Why Choose the Mastodon Assorted Vacuum Line Cap Kit in South Africa? If you’re in South Africa and working on your engine, performing modifications, or need to seal off unused vacuum lines, the Mastodon Assorted Vacuum Line Cap Kit is an essential set. In fact, it"
"2797","MMR-39015","700R4 Transmission Dipstick Flexible SS Chevy","700r4-transmission-dipstick-flexible-ss-chevy","https://allamericanmuscle.co.za/product/700r4-transmission-dipstick-flexible-ss-chevy/","simple","581.90","581.90","581.90","no","no","0","Transmission & Drivetrain","transmission-drivetrain","https://allamericanmuscle.co.za/wp-content/uploads/2026/06/Mastodon-Chevy-Flexible-Stainless-700R4-Trans-Dip.webp","Durable and flexible Mastodon stainless steel transmission dipstick for Chevy vehicles with 700R4 automatic transmissions. Easy fluid level checks.","Ensure easy and accurate monitoring of your 700R4 automatic transmission fluid level in your Chevrolet vehicle with the Mastodon Flexible Stainless Steel Transmission Dipstick. This high-quality dipstick offers a durable and flexible alternative to the factory dipstick, making fluid checks simpler, especially in tight engine compartments. Constructed from braided stainless steel, this dipstick is not only robust and resistant to corrosion but also adds a touch of style to your engine bay. The clearly marked fluid level indicators ensure accurate readings, helping you maintain the proper transmission fluid level for optimal performance and longevity of your 700R4 transmission. This Mastodon dipstick is designed as a direct fit for Chevy vehicles equipped with the 700R4 transmission. Key Features: Mastodon Quality: Manufactured for durability and accurate readings. Flexible Design: Braided stainless steel allows for easy access in tight spaces. Durable Construction: Resistant to corrosion and engine bay elements. Clear Level Markings: Ensures accurate transmission fluid level checks. Direct Fit: Specifically designed for Chevy vehicles with 700R4 transmissions. Enhances Engine Bay Appearance: Adds a stylish touch with stainless steel. Essential for Transmission Maintenance: Facilitates regular fluid level checks. Why Choose the Mastodon Flexible Stainless 700R4 Transmission Dipstick for Your Chevy in South Africa? If you own a Chevrolet with a 700R4 transmission in South Africa"
"2798","MMR-075","Mastodon Transmission Kickdown Cable, Ford C6 And C4","mastodon-transmission-kickdown-cable-ford-c6-and-c4","https://allamericanmuscle.co.za/product/mastodon-transmission-kickdown-cable-ford-c6-and-c4/","simple","522.72","522.72","522.72","no","no","0","Transmission & Drivetrain","transmission-drivetrain","https://allamericanmuscle.co.za/wp-content/uploads/2026/06/MMSI-AT12005-1.webp","Transmission Kickdown Cable, Ford C6 And C4 – fits Ford C6. Shop the Transmission Kickdown Cable, Ford C6 And C4 at All American Muscle. A quality fuel-sy…","Shop the Transmission Kickdown Cable, Ford C6 And C4 at All American Muscle. A quality fuel-system/throttle component for smooth, reliable operation. Engineered to fit Ford C6 applications. A reliable Mastodon choice for your American muscle or hot-rod project. Brand: Mastodon Application: Ford C6 Part No: MMR-075"
"2799","MMR-HEI-060","Mastodon H.E.I. Distributor Cap 8 Cylinder","mastodon-h-e-i-distributor-cap-8-cylinder","https://allamericanmuscle.co.za/product/mastodon-h-e-i-distributor-cap-8-cylinder/","simple","132.20","132.20","132.20","no","yes","","Ignitions & Electrical","ignitions-electrical","https://allamericanmuscle.co.za/wp-content/uploads/2026/06/MMRKNC-060.webp","Mastodon H.E.I. distributor cap for 8-cylinder engines, ensuring reliable spark distribution.","Ensure proper spark distribution and reliable ignition for your 8-cylinder engine equipped with a High Energy Ignition (H.E.I.) distributor using the Mastodon H.E.I. Distributor Cap. This high-quality replacement cap is designed to accurately direct the high-voltage current from the coil to the correct spark plug in your firing order. A crucial component for maintaining optimal engine performance, this Mastodon distributor cap offers a direct fit and durable construction, making it an essential part for any H.E.I. system maintenance or tune-up on an 8-cylinder engine. Key Features: Mastodon Quality: Engineered for reliable ignition system performance in 8-cylinder engines. Specifically for H.E.I. Distributors: Designed for proper fitment on High Energy Ignition distributors. 8-Cylinder Application: Ensures correct spark distribution for V8 engines. Durable Construction: Made from quality materials for long-lasting performance and resistance to heat and ozone. Direct Replacement: Designed to replace many standard H.E.I. 8-cylinder distributor caps. Ensures Proper Spark Timing: Critical for optimal engine efficiency and power. Easy Installation: Typically installs with standard tools. Why Choose the Mastodon H.E.I. Distributor Cap 8 Cylinder in South Africa? If you’re in South Africa and need a reliable replacement distributor cap for your 8-cylinder engine with an H.E.I. system to ensure proper spark delivery and maintain optimal performance, the Mastodon H.E.I. Distributor Ca"
"2800","MMR-58009","Mastodon 4 Barrel Carburettor Gasket Each","mastodon-4-barrel-carburettor-gasket-each","https://allamericanmuscle.co.za/product/mastodon-4-barrel-carburettor-gasket-each/","simple","35.00","35.00","35.00","no","yes","","Gaskets & Seals","gaskets-seals","https://allamericanmuscle.co.za/wp-content/uploads/2026/06/SUM-G1418.webp","Gasket sealing a four-barrel carburettor to the intake manifold. Sold each.","4 Barrel Carburettor Gasket, Each. The gasket that seals a four-barrel carburettor to the intake manifold (or to a spacer), keeping the induction system airtight and free of vacuum leaks. Sold individually. Genuine Mastodon quality, in stock and ready to ship. Brand: Mastodon Part No: MMR-58009"
"2801","MMR-HEI-002","Mastodon H.E.I. Distributor Coil Cap","mastodon-h-e-i-distributor-coil-cap","https://allamericanmuscle.co.za/product/mastodon-h-e-i-distributor-coil-cap/","simple","66.10","66.10","66.10","no","yes","","Ignitions & Electrical","ignitions-electrical","https://allamericanmuscle.co.za/wp-content/uploads/2026/06/MMRKNC-002.webp","Mastodon H.E.I. distributor coil cap for reliable ignition system performance.","Ensure reliable ignition performance for your High Energy Ignition (H.E.I.) distributor with the Mastodon H.E.I. Distributor Coil Cap. This high-quality replacement cap is designed to provide a secure and protective housing for your distributor coil, safeguarding it from the elements and ensuring proper electrical connections. A crucial component for maintaining a strong and consistent spark, this Mastodon coil cap is a direct replacement for many standard H.E.I. distributor coil caps. Keep your engine running smoothly with this durable and dependable replacement part. Key Features: Mastodon Quality: Engineered for reliable ignition system performance. Specifically for H.E.I. Distributors: Designed for proper fitment on High Energy Ignition distributors. Protects Distributor Coil: Provides a secure and protective housing. Ensures Proper Electrical Connections: Maintains a reliable link for optimal spark. Direct Replacement: Designed to replace many standard H.E.I. coil caps. Durable Construction: Made from quality materials for long-lasting performance. Easy Installation: Typically installs with standard tools. Why Choose the Mastodon H.E.I. Distributor Coil Cap in South Africa? If you’re in South Africa and need a reliable replacement coil cap for your H.E.I. distributor to ensure proper ignition function, the Mastodon H.E.I. Distributor Coil Cap (MMRKNC-002) is a quality choice. Specifications: Type: Distributor Coil Cap Compatibility: High Energy Ignition (H.E.I.) Distribu"
"2802","MMR-1112-BK","Mastodon 600 CFM Vacuum Secondary Carb SA","mastodon-600-cfm-vacuum-secondary-carb-sa","https://allamericanmuscle.co.za/product/mastodon-600-cfm-vacuum-secondary-carb-sa/","simple","6894.15","6894.15","6894.15","no","yes","","Air & Fuel Delivery","air-fuel-delivery","https://allamericanmuscle.co.za/wp-content/uploads/2026/06/1112BK-black-carb.webp","The Mastodon 600cfm vacuum secondary carb SA (1112BK) is a high-performance, black-finish 600 CFM carburetor with vacuum secondaries, ideal for street-driven V8 engines.","The Mastodon 600cfm vacuum secondary carb SA (Part #1112BK) is the ideal choice for street rods, muscle cars, and light trucks using small to mid-sized V8 engines. This carburetor delivers reliable performance, excellent throttle response, and improved fuel economy compared to oversized or outdated stock units. The 600 CFM rating is perfectly sized for many street applications, offering the right balance between peak horsepower and low-end drivability. Consequently, it is a popular choice for builders who prioritize smooth performance. Vacuum Secondary Design for Street ability The key feature of the Mastodon 1112BK is its vacuum secondary design. Furthermore, vacuum secondaries only open fully when the engine truly needs the additional airflow, based on engine load and RPM. This automatic, demand-based operation eliminates the bogging and stumbling often associated with mechanical secondary carburetors on street-driven vehicles. Therefore, this Mastodon 600cfm vacuum secondary carb SA provides smooth acceleration and helps optimize fuel economy during everyday driving. Performance Features and Finish Mastodon builds this carburetor with precision and durability in mind. The sleek black finish (BK) not only adds a stealthy, custom look to your engine bay but also provides excellent corrosion resistance. Key performance features typically include dual-feed fuel inlets, easily changeable primary metering jets, and an electric choke for fast, reliable cold starting. This unit of"
"2803","MOG-349","Moog Chassis Parts 348 – Moog Premium Universal U-","moog-chassis-parts-348-moog-premium-universal-u","https://allamericanmuscle.co.za/product/moog-chassis-parts-348-moog-premium-universal-u/","simple","1686.04","1686.04","1686.04","no","no","0","Chassis & Suspension","chassis-suspension","https://allamericanmuscle.co.za/wp-content/uploads/2026/06/2b0f6f76-d4b3-4ca4-9646-11e53d94997c-1.webp","Moog Chassis Parts 348 – Moog Premium Universal U. Moog Premium universal joint (U-joint) for the driveshaft. Moog’s heat-treated, durable design delivers…","Moog Premium universal joint (U-joint) for the driveshaft. Moog’s heat-treated, durable design delivers smooth, reliable power transfer – trusted OE-quality driveline hardware. Moog Premium universal joint Heat-treated for durability OE-quality driveline replacement"
"2804","MOG-370","Moog Chassis Parts 369 – Moog Premium Universal U-","moog-chassis-parts-369-moog-premium-universal-u","https://allamericanmuscle.co.za/product/moog-chassis-parts-369-moog-premium-universal-u/","simple","873.94","873.94","873.94","no","no","0","Chassis & Suspension","chassis-suspension","https://allamericanmuscle.co.za/wp-content/uploads/2026/06/2b0f6f76-d4b3-4ca4-9646-11e53d94997c.webp","Moog Chassis Parts 369 – Moog Premium Universal U. Moog Premium universal joint (U-joint) for the driveshaft. Moog’s heat-treated, durable design delivers…","Moog Premium universal joint (U-joint) for the driveshaft. Moog’s heat-treated, durable design delivers smooth, reliable power transfer – trusted OE-quality driveline hardware. Moog Premium universal joint Heat-treated for durability OE-quality driveline replacement"
"2805","FRA-203","Pioneer Flexplates","pioneer-flexplates","https://allamericanmuscle.co.za/product/pioneer-flexplates/","simple","2238.27","2238.27","2238.27","no","yes","2","Transmission & Drivetrain","transmission-drivetrain","https://allamericanmuscle.co.za/wp-content/uploads/2026/06/723b141a-5081-43f4-8500-f3d95b0e94ac.webp","Pioneer Flexplates. Pioneer flexplate – connects the crankshaft to the torque converter on automatic-transmission engines and carries the starter ring gea…","Pioneer flexplate – connects the crankshaft to the torque converter on automatic-transmission engines and carries the starter ring gear. Manufactured to OE specifications for correct balance and reliable starting. Pioneer flexplate with ring gear OE-spec fit and balance Verify application before fitment"
"2806","PC-0012","Pro Comp 3/8 Rocker Arm Studs Set","pro-comp-3-8-rocker-arm-studs-set","https://allamericanmuscle.co.za/product/pro-comp-3-8-rocker-arm-studs-set/","simple","2000.00","2000.00","2000.00","no","no","0","Engines & Components","engines-components","https://allamericanmuscle.co.za/wp-content/uploads/2026/06/11773138-81d6-43bd-ba27-a9e8ef2a8d6e.webp","Pro Comp 3/8 Rocker Arm Studs Set. Pro Comp rocker arm stud set, 3/8″ diameter. Hardened studs give the rocker arms a secure, stable mounting base – a rec…","Pro Comp rocker arm stud set, 3/8″ diameter. Hardened studs give the rocker arms a secure, stable mounting base – a recommended upgrade when running higher valve-spring pressures. 3/8″ rocker arm studs; complete set Hardened for high spring pressure Pro Comp quality"
"2807","PCE147-1042","Speedmaster SBF Windsor Aluminum Intake Manifold Polished","speedmaster-sbf-windsor-aluminum-intake-manifold-polished","https://allamericanmuscle.co.za/product/speedmaster-sbf-windsor-aluminum-intake-manifold-polished/","simple","8500.00","8500.00","8500.00","no","no","0","Air & Fuel Delivery","air-fuel-delivery","https://allamericanmuscle.co.za/wp-content/uploads/2026/06/0e2b6e74-b4c0-4020-94fd-08dc067f0b66.webp","Speedmaster SBF Windsor Aluminum Intake Manifold Polished – fits Ford Small Block (Windsor). Speedmaster aluminium intake manifold for the Ford Small Bloc…","Speedmaster aluminium intake manifold for the Ford Small Block Windsor (289/302/351W), polished finish. The dual-plane design delivers strong street and mid-range performance with a great underhood look, and saves weight over cast iron. Application: Ford SB Windsor 289/302/351W Polished aluminium, dual-plane Street/strip performance"
"2808","RB-52670-1022Bk","1967-1970 Mustang Billet Black Hood Hinges","1967-1970-mustang-billet-black-hood-hinges","https://allamericanmuscle.co.za/product/1967-1970-mustang-billet-black-hood-hinges/","simple","57183.75","57183.75","57183.75","no","yes","1","Exterior & Accessories","exterior-accessories","https://allamericanmuscle.co.za/wp-content/uploads/2026/06/595a2c6f-770f-4031-876b-6940c0a381c1.webp","1967-1970 Mustang Billet Black Hood Hinges – fits Ford Mustang. Ring Brothers billet aluminium hood hinges for 1967-1970 Ford Mustang, black anodised. Pre…","Ring Brothers billet aluminium hood hinges for 1967-1970 Ford Mustang, black anodised. Precision CNC-machined to replace the bulky factory hinges with a smooth, show-quality mechanism and reliable operation. Application: 1967-1970 Ford Mustang CNC billet aluminium, black anodised Ring Brothers show-quality (pair)"
"2809","PCE261-1018","Speedmaster SBF W Roller Rockers Arm Set 3/8 1.6 Ratio","speedmaster-sbf-w-roller-rockers-arm-set-3-8-1-6-ratio","https://allamericanmuscle.co.za/product/speedmaster-sbf-w-roller-rockers-arm-set-3-8-1-6-ratio/","simple","5750.00","5750.00","5750.00","no","yes","1","Engines & Components","engines-components","https://allamericanmuscle.co.za/wp-content/uploads/2026/06/e39e6169-2c53-4805-b29e-45419c655358.webp","Speedmaster SBF W Roller Rockers Arm Set 3/8 1.6 Ratio – fits Ford Small Block (Windsor). Speedmaster roller rocker arm set for the Ford Small Block Winds…","Speedmaster roller rocker arm set for the Ford Small Block Windsor, 1.6 ratio, 3/8″ stud mount. The full-roller design cuts friction and valvetrain wear while the 1.6 ratio adds valve lift for more airflow and power. Application: Ford SB Windsor 1.6 ratio, 3/8″ stud mount, full roller Complete set"
"2810","PCE305-1302","Speedmaster Ford 351C-4.030″ 1.100″ 0.927″ Flat Top Hyper Pistons Coated","speedmaster-ford-351c-4-030-1-100-0-927-flat-top-hyper-pistons-coated","https://allamericanmuscle.co.za/product/speedmaster-ford-351c-4-030-1-100-0-927-flat-top-hyper-pistons-coated/","simple","6500.00","6500.00","6500.00","no","yes","1","Engines & Components","engines-components","https://allamericanmuscle.co.za/wp-content/uploads/2026/06/9be6f8f6-8dbd-47d0-bbf2-3cec190c297a.webp","Speedmaster Ford 351C-4.030″ 1.100″ 0.927″ Flat Top Hyper Pistons Coated – fits Ford 351 Cleveland. Speedmaster hypereutectic flat-top pistons for the For…","Speedmaster hypereutectic flat-top pistons for the Ford 351 Cleveland, 4.030″ bore (0.030″ over). Friction-coated for reduced wear, with a flat-top crown for a strong compression ratio in street and performance builds. Application: Ford 351 Cleveland, 4.030″ bore Hypereutectic flat-top, coated 1.100″ compression height, 0.927″ pin"
"2811","SUM-66256","Summit Starter Bolt & Shim Kit SBC","summit-starter-bolt-shim-kit-sbc","https://allamericanmuscle.co.za/product/summit-starter-bolt-shim-kit-sbc/","simple","638.89","638.89","638.89","no","yes","","Fasteners & Hardware","fasteners-hardware","https://allamericanmuscle.co.za/wp-content/uploads/2026/06/d351ea54-3b90-44d3-a773-d5992a5a7317.webp","Summit Starter Bolt & Shim Kit SBC – fits Small Block Chevy. Summit Racing starter bolt and shim kit for the Small Block Chevy. Includes the correct hardw…","Summit Racing starter bolt and shim kit for the Small Block Chevy. Includes the correct hardware and shims to mount the starter and dial in proper starter-to-flywheel engagement, eliminating noise and bind. Application: Small Block Chevy starter Bolts and alignment shims included Summit Racing quality"
"2813","W-120-12069-BK","Wilwood Parking Brake Caliper – MC4 Mechanical, 1/8-2 Inch","wilwood-parking-brake-caliper-mc4-mechanical-1-8-2-inch","https://allamericanmuscle.co.za/product/wilwood-parking-brake-caliper-mc4-mechanical-1-8-2-inch/","simple","2812.18","2812.18","2812.18","no","yes","1","Brake Systems","brake-systems","https://allamericanmuscle.co.za/wp-content/uploads/2026/06/120-12069-BK.webp","Reliable parking brake solution: Wilwood MC4 Mechanical Caliper. Durable, black finish, 1/8-27 NPT fitting.","Need a robust and reliable parking brake solution for your custom build or performance vehicle in South Africa? The Wilwood MC4 Mechanical Parking Brake Caliper offers exceptional holding power and durability. This caliper is designed for mechanical actuation and features a 1/8-27 NPT fitting, making it versatile for various applications. Its sleek black finish adds a touch of style to your braking system. Ideal for South African automotive enthusiasts who demand high-quality braking components. As a trusted supplier, we provide top-tier brake solutions to enhance your vehicle’s safety and performance. Why choose the Wilwood MC4 Mechanical Parking Brake Caliper? Reliable Holding Power: Ensures secure parking brake engagement. Durable Construction: Built to withstand the demands of performance vehicles. Versatile Fitting: 1/8-27 NPT fitting for various plumbing options. Sleek Black Finish: Adds a stylish touch to your braking system. Trusted Brand: Wilwood is renowned for high-performance brake components. Nationwide Shipping: We deliver brake solutions across South Africa. Local Expertise: We understand the needs of South African builders and performance enthusiasts. Specifications: Type: Parking Brake Caliper Model: MC4 Mechanical Fitting: 1/8-27 NPT Finish: Black Ensure reliable parking brake performance with the Wilwood MC4 Mechanical Caliper, a must-have for safety-conscious South African drivers. Frequently Asked Questions: What type of actuation does this caliper use? T"
"2815","AC-19418859","AC Delco Chevrolet Starter Motor","ac-delco-chevrolet-starter-motor","https://allamericanmuscle.co.za/product/ac-delco-chevrolet-starter-motor/","simple","11450.00","11450.00","11450.00","no","no","0","Engines & Components","engines-components","https://allamericanmuscle.co.za/wp-content/uploads/2026/06/ADO-19418859.webp","Genuine AC Delco starter motor for Chevrolet vehicles, ensuring reliable and powerful engine starting.","Ensure reliable engine starting for your Chevrolet vehicle with this genuine AC Delco Starter Motor. As a trusted original equipment manufacturer (OEM), AC Delco provides high-quality and dependable parts designed specifically for Chevrolet applications. This starter motor is engineered to deliver consistent and powerful cranking performance, ensuring your engine starts smoothly every time. Whether you are performing routine maintenance or replacing a faulty starter in Pretoria, Gauteng, or anywhere in South Africa, choosing a genuine AC Delco part ensures optimal compatibility and longevity for your Chevrolet. Don’t risk unreliable aftermarket options; invest in the quality and performance of AC Delco. Key Features: Brand: AC Delco: A trusted OEM supplier for General Motors vehicles. Application: Specifically designed for various Chevrolet models. Reliable Performance: Delivers consistent and powerful engine cranking. Genuine OEM Part: Ensures optimal fit, function, and durability. Direct Replacement: Designed to replace your original starter motor directly. High-Quality Construction: Built to withstand the demands of daily use. Essential for Starting: A crucial component for reliable vehicle operation. Available in South Africa: We supply genuine AC Delco parts to Pretoria, Gauteng, and nationwide. Expert Advice Available: Our team can assist with compatibility and installation queries. Why Choose a Genuine AC Delco Chevrolet Starter Motor in South Africa? When it comes to "
"2816","BRG-114925","Borgeson Universal Steering U-Joints","borgeson-universal-steering-u-joints-2","https://allamericanmuscle.co.za/product/borgeson-universal-steering-u-joints-2/","simple","9536.34","9536.34","9536.34","no","no","0","Chassis & Suspension","chassis-suspension","","Borgeson steering universal joint — routes the steering shaft through an angle without slop.","The Borgeson Universal Steering U-Joints from All American Muscle. Borgeson steering universal joints let you route the steering shaft through an angle between the column and the steering box or rack, with the precision and strength Borgeson is known for in hot rod and muscle car steering. Genuine All American Muscle quality, in stock and ready to ship. Part No: BRG-114925"
"2818","KD-6011","SPARCO Tow Strap","sparco-tow-strap","https://allamericanmuscle.co.za/product/sparco-tow-strap/","simple","350.00","350.00","350.00","no","yes","1","Trailer/Towing/Winches","trailer-towing-winches","https://allamericanmuscle.co.za/wp-content/uploads/2026/06/cca1a66d-b26f-4039-91b0-0c5f4c070f4a.webp","SPARCO Tow Strap. Shop the SPARCO Tow Strap at All American Muscle. A quality piece for classic American muscle-car and hot-rod builds.A reliable All Amer…","Shop the SPARCO Tow Strap at All American Muscle. A quality piece for classic American muscle-car and hot-rod builds. A reliable All American Muscle choice for your American muscle or hot-rod project. Part No: KD-6011"
"2819","CR-15-751","Canton Racing 15-751 Oil Pump Pickup Big Block For","canton-racing-15-751-oil-pump-pickup-big-block-for","https://allamericanmuscle.co.za/product/canton-racing-15-751-oil-pump-pickup-big-block-for/","simple","1302.84","1302.84","1302.84","no","yes","1","Engines & Components","engines-components","https://allamericanmuscle.co.za/wp-content/uploads/2026/06/98093ef5-9d1d-4284-9cd1-308835113a33.webp","Canton Racing 15-751 Oil Pump Pickup Big Block For. Upgrade with the Canton Racing 15-751 Oil Pump Pickup Big Block For. Keeps the lubrication system work…","Upgrade with the Canton Racing 15-751 Oil Pump Pickup Big Block For. Keeps the lubrication system working reliably to protect the engine’s moving parts. All American Muscle performance you can count on, shipped fast across South Africa. Part No: CR-15-751"
"2820","PK 49-1006","Speedmaster SBF Intake Manifold Gasket","speedmaster-sbf-intake-manifold-gasket","https://allamericanmuscle.co.za/product/speedmaster-sbf-intake-manifold-gasket/","simple","350.00","350.00","350.00","no","no","0","Gaskets & Seals","gaskets-seals","https://allamericanmuscle.co.za/wp-content/uploads/2026/06/4616e515-d701-4100-a5e2-26203fbd38bb.webp","Speedmaster SBF Intake Manifold Gasket – fits Ford Small Block (Windsor). Speedmaster intake manifold gasket set for the Ford Small Block Windsor. Seals t…","Speedmaster intake manifold gasket set for the Ford Small Block Windsor. Seals the intake manifold to the cylinder heads and resists heat and fluids for a dependable seal. Application: Ford Small Block Windsor Intake manifold gasket set Speedmaster quality"
"2821","PS35MR04","Rear View Mirror Parking Kit, 4.3″ TFT Mirror","rear-view-mirror-parking-kit-4-3-tft-mirror","https://allamericanmuscle.co.za/product/rear-view-mirror-parking-kit-4-3-tft-mirror/","simple","3900.06","3900.06","3900.06","no","no","0","Interior & Accessories","interior-accessories","https://allamericanmuscle.co.za/wp-content/uploads/2026/06/bb190681-e481-42e5-9934-4b80498c7bd5.webp","Rear View Mirror Parking Kit, 4.3″ TFT Mirror. The Rear View Mirror Parking Kit, 4.3″ TFT Mirror from All American Muscle. A quality interior/electrical c…","The Rear View Mirror Parking Kit, 4.3″ TFT Mirror from All American Muscle. A quality interior/electrical component to finish your build. Backed by All American Muscle and ideal for street and performance use. Part No: PS35MR04"
"2822","37968","United Pacific LED Aux Light","united-pacific-led-aux-light","https://allamericanmuscle.co.za/product/united-pacific-led-aux-light/","simple","461.41","461.41","461.41","no","no","0","Lights & Lighting","lights-lighting","https://allamericanmuscle.co.za/wp-content/uploads/2026/06/386da7af-6396-464e-a202-3ac9ec76c0cc.webp","United Pacific LED Aux Light. Fit your build with the United Pacific LED Aux Light. Bright, reliable lighting with a clean, period-correct look.A reliable…","Fit your build with the United Pacific LED Aux Light. Bright, reliable lighting with a clean, period-correct look. A reliable All American Muscle choice for your American muscle or hot-rod project. Part No: 37968"
"2823","KD-1610","Kyostar Radiator Cap – Aluminum","kyostar-radiator-cap-aluminum","https://allamericanmuscle.co.za/product/kyostar-radiator-cap-aluminum/","simple","204.45","204.45","204.45","no","yes","1","Cooling & Heating","cooling-heating","https://allamericanmuscle.co.za/wp-content/uploads/2026/06/KD1610.webp","Durable and lightweight Kyostar Radiator Cap. Aluminum construction for reliable cooling system sealing","Looking for a reliable and lightweight radiator cap for your vehicle in South Africa? The Kyostar Radiator Cap is constructed from durable aluminum, providing a secure seal for your cooling system. This cap helps maintain optimal pressure and prevents coolant leaks, ensuring your engine stays cool under demanding conditions. Ideal for South African automotive enthusiasts who value quality and reliability. As a trusted supplier in Alberton, Gauteng, we provide top-tier cooling system components to enhance your vehicle’s performance. Why choose the Kyostar Radiator Cap? Durable Aluminum Construction: Provides a secure and long-lasting seal. Lightweight Design: Reduces unnecessary weight. Reliable Cooling System Seal: Prevents coolant leaks and maintains pressure. Easy Installation: Simplifies the replacement process. Trusted Brand: Kyostar is known for quality automotive accessories. Nationwide Shipping: We deliver cooling system components across South Africa. Local Expertise: We understand the needs of South African performance enthusiasts. Specifications: Type: Radiator Cap Material: Aluminum Ensure reliable cooling system performance with the Kyostar Radiator Cap , designed for durability and lightweight sealing on South African roads. Frequently Asked Questions: What are the benefits of using an aluminum radiator cap? Durable, lightweight, and reliable sealing. Is installation easy? Yes, radiator caps are designed for easy installation. Does it come with all necessary hard"
"2824","Z-156","GUD Oil filter Z156 For Opel & Isuzu","gud-oil-filter-z156-for-opel-isuzu","https://allamericanmuscle.co.za/product/gud-oil-filter-z156-for-opel-isuzu/","simple","150.00","150.00","150.00","no","yes","1","Engines & Components","engines-components","https://allamericanmuscle.co.za/wp-content/uploads/2026/06/3be62b9f-f740-4b77-b24b-9f5405240990.webp","GUD Oil filter Z156 For Opel & Isuzu. GUD spin-on oil filter, part Z156. Quality filtration media protects the engine by trapping contaminants while maint…","GUD spin-on oil filter, part Z156. Quality filtration media protects the engine by trapping contaminants while maintaining oil flow. Fits various Opel and Isuzu applications. GUD Z156 spin-on oil filter Fits select Opel and Isuzu engines OE-quality filtration"
"2825","Z-297","GUD Oil Filter Z297","gud-oil-filter-z297","https://allamericanmuscle.co.za/product/gud-oil-filter-z297/","simple","85.18","85.18","85.18","no","yes","1","Engines & Components","engines-components","https://allamericanmuscle.co.za/wp-content/uploads/2026/06/46c6b5e4-b538-4472-90a2-d1ba055b3299.webp","GUD Oil Filter Z297. GUD spin-on oil filter, part Z297. Reliable filtration media keeps engine oil clean for long service life. Please confirm fitment by…","GUD spin-on oil filter, part Z297. Reliable filtration media keeps engine oil clean for long service life. Please confirm fitment by application. GUD Z297 spin-on oil filter OE-quality filtration media Verify fitment for your vehicle"
"2826","20-854","Canton Racing Braided Engine Dipstick SS","canton-racing-braided-engine-dipstick-ss","https://allamericanmuscle.co.za/product/canton-racing-braided-engine-dipstick-ss/","simple","1737.11","1737.11","1737.11","no","no","0","Engines & Components","engines-components","https://allamericanmuscle.co.za/wp-content/uploads/2026/06/20-854.webp","Durable Canton Racing stainless steel braided engine dipstick with a billet aluminium handle for improved reliability and style.","Upgrade your engine bay with the durable and stylish Canton Racing Braided Engine Dipstick Stainless Steel, available across South Africa. This high-quality dipstick from Canton Racing Products offers a significant improvement over flimsy stock dipsticks. The stainless steel braided hose resists heat and corrosion, while the billet aluminium handle adds a touch of performance and makes checking your oil level easier and more reliable. Choose the correct dipstick for your specific engine application in SA for a long-lasting and attractive upgrade. Key Features: Canton Racing Quality: From a trusted name in performance oiling systems. Stainless Steel Braided Hose: Resists heat, corrosion, and kinking. Billet Aluminium Handle: Provides a secure grip and a stylish look. Improved Reliability: Easier and more accurate oil level readings. Durable Construction: Built to withstand engine bay conditions. Various Applications: Available for a wide range of engine makes and models. Nationwide Delivery Across South Africa: We ship engine accessories nationwide. Expert Support Available: Our team can help you select the right dipstick for your engine. Why Choose the Canton Racing Braided Engine Dipstick Stainless Steel in South Africa? For performance enthusiasts and those looking for a durable and stylish upgrade to their engine bay in South Africa, the Canton Racing stainless steel braided dipstick is an excellent choice. Specifications: Brand: Canton Racing Products Material: Stainless "
"2827","SCE-4219","SCE Gaskets LS Exhaust Pro Copper Embossed Exhaust","sce-gaskets-ls-exhaust-pro-copper-embossed-exhaust","https://allamericanmuscle.co.za/product/sce-gaskets-ls-exhaust-pro-copper-embossed-exhaust/","simple","1887.97","1887.97","1887.97","no","yes","1","Exhaust","exhaust","https://allamericanmuscle.co.za/wp-content/uploads/2026/06/89650cd8-2526-4a5a-b1db-bbcc66052385.webp","SCE Gaskets LS Exhaust Pro Copper Embossed Exhaust – fits GM LS. Fit your build with the SCE Gaskets LS Exhaust Pro Copper Embossed Exhaust. Improves exha…","Fit your build with the SCE Gaskets LS Exhaust Pro Copper Embossed Exhaust. Improves exhaust flow for better performance and a great sound. Engineered to fit GM LS applications. All American Muscle performance you can count on, shipped fast across South Africa. Application: GM LS Part No: SCE-4219"
"2830","MMR-PS-315","Mastodon Park Distance Kit, LED Display","mastodon-park-distance-kit-led-display","https://allamericanmuscle.co.za/product/mastodon-park-distance-kit-led-display/","simple","1284.17","1284.17","1284.17","no","no","0","Ignitions & Electrical","ignitions-electrical","https://allamericanmuscle.co.za/wp-content/uploads/2026/06/11170002_L1600_72fdb9a7-2206-49db-b103-56e4c2c7d50d.webp","Reverse parking sensor kit with LED distance display and audible alert.","Park Distance Kit, LED Display. A reverse parking sensor kit with an LED display — the sensors mount in the rear bumper and the display warns you, with a distance readout and audible alert, as you close on an obstacle behind the car. A reliable Mastodon choice for your American muscle or hot-rod project. Brand: Mastodon Part No: MMR-PS-315"
"2831","ALT-4456","12v 124a SBC Alternator Late Model 4 Pin","12v-124a-sbc-alternator-late-model-4-pin","https://allamericanmuscle.co.za/product/12v-124a-sbc-alternator-late-model-4-pin/","simple","3466.35","3466.35","3466.35","no","yes","2","Engines & Components","engines-components","https://allamericanmuscle.co.za/wp-content/uploads/2026/06/2557294_L1600_c0363542-0a4c-483d-be7f-06a8098fb1a4.webp","12v 124a SBC Alternator Late Model 4 Pin – fits Small Block Chevy. The 12v 124a SBC Alternator Late Model 4 Pin from All American Muscle. Reliable chargin…","The 12v 124a SBC Alternator Late Model 4 Pin from All American Muscle. Reliable charging output to keep the battery and electrics powered. Engineered to fit Small Block Chevy applications. All American Muscle performance you can count on, shipped fast across South Africa. Application: Small Block Chevy Part No: ALT-4456"
"2832","Z-280","GUD Oil Filter Z280","gud-oil-filter-z280","https://allamericanmuscle.co.za/product/gud-oil-filter-z280/","simple","85.18","85.18","85.18","no","yes","2","Engines & Components","engines-components","https://allamericanmuscle.co.za/wp-content/uploads/2026/06/63f77964-2be4-485e-b41b-a25f55f24045.webp","GUD Oil Filter Z280. Fit your build with the GUD Oil Filter Z280. A quality driveline/transmission component for smooth, reliable operation.Genuine All Am…","Fit your build with the GUD Oil Filter Z280. A quality driveline/transmission component for smooth, reliable operation. Genuine All American Muscle quality, in stock and ready to ship. Part No: Z-280"
"2833","BRG-014949","Borgeson Universal Steering U-Joints","borgeson-universal-steering-u-joints","https://allamericanmuscle.co.za/product/borgeson-universal-steering-u-joints/","simple","7835.33","7835.33","7835.33","no","yes","2","Chassis & Suspension","chassis-suspension","","Borgeson steering universal joint — routes the steering shaft through an angle without slop.","Shop the Borgeson Universal Steering U-Joints at All American Muscle. Borgeson steering universal joints let you route the steering shaft through an angle between the column and the steering box or rack, with the precision and strength Borgeson is known for in hot rod and muscle car steering. Backed by All American Muscle and ideal for street and performance use. Part No: BRG-014949"
"2834","ALT-211130W","12V 105A Chevy Lumina","12v-105a-chevy-lumina","https://allamericanmuscle.co.za/product/12v-105a-chevy-lumina/","simple","4500.00","4500.00","4500.00","no","yes","","Engines & Components","engines-components","https://allamericanmuscle.co.za/wp-content/uploads/2026/06/3eaeb186-2c00-4f86-a9b9-35136a95dfbc.webp","12V 105A Chevy Lumina – fits GM / Chevrolet. Upgrade with the 12V 105A Chevy Lumina. A quality piece for classic American muscle-car and hot-rod builds.En…","Upgrade with the 12V 105A Chevy Lumina. A quality piece for classic American muscle-car and hot-rod builds. Engineered to fit GM / Chevrolet applications. A reliable All American Muscle choice for your American muscle or hot-rod project. Application: GM / Chevrolet Part No: ALT-211130W"
"2836","MMR-12371044","Mastodon Chevrolet Performance Hydraulic Flat Tappet Lifters","mastodon-chevrolet-performance-hydraulic-flat-tappet-lifters","https://allamericanmuscle.co.za/product/mastodon-chevrolet-performance-hydraulic-flat-tappet-lifters/","simple","9605.33","9605.33","9605.33","no","yes","","Engines & Components","engines-components","https://allamericanmuscle.co.za/wp-content/uploads/2026/06/7da30703-9a15-4af3-8b3f-d077ad351ad5.webp","Chevrolet Performance Hydraulic Flat Tappet Lifters – fits GM / Chevrolet. The Chevrolet Performance Hydraulic Flat Tappet Lifters from All American Muscl…","The Chevrolet Performance Hydraulic Flat Tappet Lifters from All American Muscle. A quality valvetrain component built for dependable, high-rpm performance. Engineered to fit GM / Chevrolet applications. Genuine Mastodon quality, in stock and ready to ship. Brand: Mastodon Application: GM / Chevrolet Part No: MMR-12371044"
"2837","PK-NWA11587B","Depo Racing Speedometer, 115mm, LED, 0-300 kmh","depo-racing-speedometer-115mm-led-0-300-kmh","https://allamericanmuscle.co.za/product/depo-racing-speedometer-115mm-led-0-300-kmh/","simple","5534.66","5534.66","5534.66","no","yes","","Gauges & Accessories","gauges-accessories","https://allamericanmuscle.co.za/wp-content/uploads/2026/06/dfb9b745-c4c0-45bb-ab20-b06299ed7e4e.webp","115mm Depo racing speedometer, 0–300 km/h, with LED illumination.","Fit your build with the Depo Racing Speedometer, 115mm, LED, 0–300 km/h. A large 115mm racing speedometer reading to 300 km/h, with LED illumination for a clear, bright display day or night. Backed by All American Muscle and ideal for street and performance use. Part No: PK-NWA11587B"
"2838","PK-NWA11593B","Depo Racing Tachometer, 115mm, LED, 0-10 000 rpm","depo-racing-tachometer-115mm-led-0-10-000-rpm","https://allamericanmuscle.co.za/product/depo-racing-tachometer-115mm-led-0-10-000-rpm/","simple","5366.46","5366.46","5366.46","no","no","0","Gauges & Accessories","gauges-accessories","https://allamericanmuscle.co.za/wp-content/uploads/2026/06/6c80ded5-fec1-48ea-a782-18e99d53b216.webp","115mm Depo racing tachometer, 0–10 000 rpm, with LED illumination.","Shop the Depo Racing Tachometer, 115mm, LED, 0–10 000 rpm at All American Muscle. A large 115mm racing tachometer reading to 10 000 rpm, with LED illumination for a clear, bright display day or night. A reliable All American Muscle choice for your American muscle or hot-rod project. Part No: PK-NWA11593B"
"2840","ASF-52","Motorcraft Autolite Spark Plugs","motorcraft-autolite-spark-plugs","https://allamericanmuscle.co.za/product/motorcraft-autolite-spark-plugs/","simple","70.99","70.99","70.99","no","yes","1","Engines & Components","engines-components","https://allamericanmuscle.co.za/wp-content/uploads/2026/06/fc298f0e-7876-4fab-993e-935159070213.webp","Motorcraft Autolite Spark Plugs. Motorcraft Autolite Spark Plugs. A quality piece for classic American muscle-car and hot-rod builds.Genuine All American…","Motorcraft Autolite Spark Plugs. A quality piece for classic American muscle-car and hot-rod builds. Genuine All American Muscle quality, in stock and ready to ship. Part No: ASF-52"
"2841","ALT-2654","12v 100a SBC Alternator Late Model 4 Pin","12v-100a-sbc-alternator-late-model-4-pin-2","https://allamericanmuscle.co.za/product/12v-100a-sbc-alternator-late-model-4-pin-2/","simple","3466.33","3466.33","3466.33","no","yes","","Engines & Components","engines-components","https://allamericanmuscle.co.za/wp-content/uploads/2026/06/0c942ea2-b97a-4b85-9e69-6b9175ddfebf.webp","12v 100a SBC Alternator Late Model 4 Pin – fits Small Block Chevy. The 12v 100a SBC Alternator Late Model 4 Pin from All American Muscle. Reliable chargin…","The 12v 100a SBC Alternator Late Model 4 Pin from All American Muscle. Reliable charging output to keep the battery and electrics powered. Engineered to fit Small Block Chevy applications. Backed by All American Muscle and ideal for street and performance use. Application: Small Block Chevy Part No: ALT-2654"
"2842","KD-7115","Akrapovic Exhaust Muffler Tip, Carbon Fiber, Round End","akrapovic-exhaust-muffler-tip-carbon-fiber-round-end","https://allamericanmuscle.co.za/product/akrapovic-exhaust-muffler-tip-carbon-fiber-round-end/","simple","1450.45","1450.45","1450.45","no","yes","","Exhaust","exhaust","https://allamericanmuscle.co.za/wp-content/uploads/2026/06/1e2a8d4c-05e0-4207-a279-a93fad492d81.webp","Akrapovic Exhaust Muffler Tip, Carbon Fiber, Round End. Fit your build with the Akrapovic Exhaust Muffler Tip, Carbon Fiber, Round End. Improves exhaust f…","Fit your build with the Akrapovic Exhaust Muffler Tip, Carbon Fiber, Round End. Improves exhaust flow for better performance and a great sound. A reliable All American Muscle choice for your American muscle or hot-rod project. Part No: KD-7115"
"2844","CA-6370","Mastodon Tubular Control Arm Kit GM 63-70 C10 GMC Truck","mastodon-tubular-control-arm-kit-gm-63-70-c10-gmc-truck","https://allamericanmuscle.co.za/product/mastodon-tubular-control-arm-kit-gm-63-70-c10-gmc-truck/","simple","18070.00","18070.00","18070.00","no","yes","","Chassis & Suspension","chassis-suspension","https://allamericanmuscle.co.za/wp-content/uploads/2026/04/4e99cab2-d173-44d1-ba00-cf134230225d.webp","","Heavy-duty tubular upper and lower control arm kit for 1963–1970 Chevrolet C10 and GMC C15 trucks. Direct bolt-in replacement for the factory stamped arms — adds front-end strength, sharpens steering response, and corrects the camber/ball-joint angle problems that show up the moment a drop spindle or lowered coil goes in. Built from large-diameter DOM tubing with greaseable bushings and stock-style ball joints. Includes an extra 2 degrees of caster for straight-line stability and the road feel a worn-out factory front end can’t deliver. Specifications: Fitment: 1963–1970 Chevy C10 / GMC C15 trucks (2WD) Material: DOM tubing — uppers ~1-1/8″ OD, lowers ~1-5/8″ OD Caster: +2° built in Includes: Upper and lower control arms (set of 4), ball joints, bushings, hardware Install: Bolt-in, no modifications"
"2845","CA-7387","Mastodon Tubular Control Arm Kit GM 73-87 C10 GMC Truck","mastodon-tubular-control-arm-kit-gm-73-87-c10-gmc-truck","https://allamericanmuscle.co.za/product/mastodon-tubular-control-arm-kit-gm-73-87-c10-gmc-truck/","simple","16800.00","16800.00","16800.00","no","yes","","Chassis & Suspension","chassis-suspension","https://allamericanmuscle.co.za/wp-content/uploads/2026/04/4e99cab2-d173-44d1-ba00-cf134230225d.webp","","Performance tubular upper and lower control arm kit for 1973–1987 Chevrolet C10 and GMC C15 squarebody trucks. A bolt-in upgrade engineered for the platform that ditches the deflection of factory stamped arms and lets you run drop spindles or air-bag suspension without geometry headaches. Constructed from 1.250″ 1020 DOM tubing with .250″-thick 1018 steel ball-joint plates for a no-deflection design. Built-in caster correction (+2°) keeps the truck tracking straight on the highway. Specifications: Fitment: 1973–1987 Chevy C10 / GMC C15 squarebody (all model years) Material: 1.250″ 1020 DOM tubing, .250″ 1018 steel ball-joint plates Caster: +2° built in Includes: Upper and lower control arms (set of 4), ball joints, bushings, hardware Compatible with: Stock springs, lowering coils, drop spindles, air-bag setups"
"2846","MMR-CA-5864","Mastodon Tubular Control Arm Kit GM 58-64 Full Size Cars","mastodon-tubular-control-arm-kit-gm-58-64-full-size-cars","https://allamericanmuscle.co.za/product/mastodon-tubular-control-arm-kit-gm-58-64-full-size-cars/","simple","15635.57","15635.57","15635.57","no","no","0","Chassis & Suspension","chassis-suspension","https://allamericanmuscle.co.za/wp-content/uploads/2026/04/CA-5864.webp","Mastodon Tubular Control Arm Kit, GM, 58-64 Full S","Upgrade tubular upper and lower control arms for 1958–1964 GM full-size cars (Impala, Bel Air, Biscayne). Transforms the wandering, vague road feel of the factory stamped front end into a tight, modern setup with predictable handling and the caster angle a 21st-century chassis actually wants. Uppers are made from 1-1/4″ x .120″ wall DOM tubing, lowers from 1-1/2″ x .120″ wall DOM with thick 1-1/2″ pivot barrels. Lower arms are engineered to accept stock coil springs, coilovers, or air-bag shocks for maximum build flexibility. Built-in +5° additional caster for high-speed stability and reduced tire wear. Specifications: Fitment: 1958–1964 Chevrolet Impala / Bel Air / Biscayne (full-size) Caster: +5° built in Spring options: Stock coils, coilovers, or air-bag shocks Includes: Upper and lower arms (set of 4), Deltalum bushings, billet cross-shafts, ball joints, urethane bump stops"
"2847","CA-6872","Mastodon Tubular Control Arm Kit GM A-Body 1968-72 Chevelle GTO","mastodon-tubular-control-arm-kit-gm-a-body-1968-72-chevelle-gto","https://allamericanmuscle.co.za/product/mastodon-tubular-control-arm-kit-gm-a-body-1968-72-chevelle-gto/","simple","15890.00","15890.00","15890.00","no","yes","","Chassis & Suspension","chassis-suspension","https://allamericanmuscle.co.za/wp-content/uploads/2026/04/CA-6872.webp","","Tubular upper and lower control arms for the GM A-body platform — fits Chevelle, El Camino, GTO, Cutlass, Skylark, 442, Tempest, and LeMans from 1968–1972. The single most-bolted-on upgrade for this platform: stronger than factory stamped arms, less deflection, and the geometry corrections needed once you start running modern tires and lowered ride height. Uppers run 1.125″ OD x .125″ wall DOM tubing, lowers 1.625″ OD x .156″ wall DOM, with greaseable bushings throughout. Built-in +4° positive caster on the uppers gives the modern tire footprint your factory arms can’t. Specifications: Fitment: 1968–1972 GM A-body — Chevelle, El Camino, GTO, Cutlass, Skylark, 442, Tempest, LeMans, Monte Carlo Material: DOM steel tubing, greaseable bushings Caster: +4° built in (uppers) Includes: Upper and lower arms (set of 4), ball joints, bushings, hardware Install: Direct bolt-in, no modifications"
"2848","CA-6570","Mastodon Tubular Control Arm Kit GM 65-70 Full Size Cars","mastodon-tubular-control-arm-kit-gm-65-70-full-size-cars","https://allamericanmuscle.co.za/product/mastodon-tubular-control-arm-kit-gm-65-70-full-size-cars/","simple","14980.00","14980.00","14980.00","no","yes","","Chassis & Suspension","chassis-suspension","https://allamericanmuscle.co.za/wp-content/uploads/2026/04/CA-6570-1.webp","","Performance tubular upper and lower control arms for 1965–1970 GM full-size cars (Impala, Caprice, Biscayne, Bel Air, B-body). Built from large-diameter DOM tubing with greaseable bushings, these arms eliminate the camber problems that show up the moment a drop spindle or lowered coil goes in, and give you the caster correction needed for modern tires. The unique geometric shape provides a distinctive caster-coupled camber curve that reduces factory bump steer and the vague straight-line feel of a 60-year-old chassis. Built-in +5° caster sharpens steering response and improves high-speed stability. Specifications: Fitment: 1965–1970 GM B-body — Impala, Caprice, Biscayne, Bel Air Material: Large-diameter DOM tubing, greaseable bushings Caster: +5° built in Includes: Upper and lower arms (set of 4), ball joints, bushings, hardware Compatible with: Stock coils, coilovers, drop spindles"
"2851","CM-CT5559","Mastodon Chevy Truck 1955-59, Mustang 2 Conversion Crossmember","mastodon-chevy-truck-1955-59-mustang-2-conversion-crossmember","https://allamericanmuscle.co.za/product/mastodon-chevy-truck-1955-59-mustang-2-conversion-crossmember/","simple","9540.00","9540.00","9540.00","no","yes","","Chassis & Suspension","chassis-suspension","https://allamericanmuscle.co.za/wp-content/uploads/2026/04/CM-CT5559.webp","","Mustang II IFS conversion crossmember for 1955–1959 Chevrolet trucks (1/2 ton). Replaces the original beam-axle front end with a modern independent front suspension — improving steering response, suspension travel, and handling, and dropping the truck 3–4″ in the process for an aggressive stance. Weld-in design built from 3/16″ steel with application-specific spring towers pre-welded for accurate, repeatable installation. Professional welding is recommended. Specifications: Fitment: 1955–1959 Chevrolet 1/2-ton pickup trucks Suspension type: Mustang II IFS conversion Material: 3/16″ steel, weld-in Drop: 3–4″ lower than stock Includes: Crossmember with pre-welded spring towers and mounting brackets Order matching Mustang II control arms, spindles, springs, shocks, sway bar, and rack-and-pinion to complete the conversion."
"2852","FLK-AB6872","Mastodon Tubular Rear Suspension Kit GM A-Body 68-72 Chevelle GTO","mastodon-tubular-rear-suspension-kit-gm-a-body-68-72-chevelle-gto","https://allamericanmuscle.co.za/product/mastodon-tubular-rear-suspension-kit-gm-a-body-68-72-chevelle-gto/","simple","7360.00","7360.00","7360.00","no","no","0","Chassis & Suspension","chassis-suspension","https://allamericanmuscle.co.za/wp-content/uploads/2026/04/FLK-DW-0269.webp","","Rear tubular trailing arm upgrade kit for 1968–1972 GM A-body vehicles. Replaces the factory stamped-steel upper and lower trailing arms with TIG-welded tubular arms that positively locate and control the rear axle — the standard fix for the wallowing axle wind-up that limits these chassis under hard launches and corner exits. Constructed from .120″ wall steel tubing with greaseable polyurethane bushings. No welding or modifications required — direct bolt-in. Specifications: Fitment: 1968–1972 GM A-body (Chevelle, El Camino, GTO, Skylark, Cutlass, 442) Material: .120″ wall TIG-welded steel tubing Bushings: Greaseable polyurethane Includes: Upper and lower trailing arms, hardware Install: Bolt-in, no welding required"
"2853","SP-6370","Mastodon Drop Spindles 2.5″ GM 63-70 Truck","mastodon-drop-spindles-2-5-gm-63-70-truck","https://allamericanmuscle.co.za/product/mastodon-drop-spindles-2-5-gm-63-70-truck/","simple","5720.00","5720.00","5720.00","no","yes","","Chassis & Suspension","chassis-suspension","https://allamericanmuscle.co.za/wp-content/uploads/2026/04/SP-20207.webp","","2.5″ drop spindles for 1963–1970 GM C10 / GMC trucks (2WD). Direct bolt-on lowering without compromising suspension geometry — drops the front 2.5″ while accommodating disc brake conversion at the same time. Built from premium ductile iron with 4140 chromoly CNC-machined axle pins. Designed to accept factory ball joints and tie rod ends for a clean, no-surprises install. Specifications: Fitment: 1963–1970 Chevy C10 / GMC C15 (2WD only — pickup, panel, Suburban) Drop: 2.5″ front-end lowering Material: Ductile iron with 4140 chromoly axle pins Brake compatibility: Works with 1971–1987 1-1/4″ thick rotors and calipers (disc brakes required) Ball joints / tie rods: Uses factory components Note: requires conversion to disc brakes — original drum brake hardware will not fit. Sold as a pair."
"2857","SP-6472","Mastodon Drop Spindles 2″ GM 64-72 Chevelle El Camino Le Mans GTO 67-69 Camaro Firebird 68-74 Nova 70-72 Truck","mastodon-drop-spindles-2-gm-64-72-chevelle-el-camino-le-mans-gto-67-69-camaro-firebird-68-74-nova-70-72-truck","https://allamericanmuscle.co.za/product/mastodon-drop-spindles-2-gm-64-72-chevelle-el-camino-le-mans-gto-67-69-camaro-firebird-68-74-nova-70-72-truck/","simple","3360.00","3360.00","3360.00","no","no","0","Chassis & Suspension","chassis-suspension","https://allamericanmuscle.co.za/wp-content/uploads/2026/04/SP-2006.webp","","Wide-application 2″ drop spindle kit for the GM A-, F-, and X-body platforms — fits more 1964–1974 GM cars than any other spindle in the catalog. Forged steel construction, factory steering and suspension geometry preserved, and works with both factory and aftermarket disc brake components. Fitment: A-body 1964–1972: Chevelle, El Camino, Monte Carlo, GTO, Tempest, LeMans, Cutlass, Skylark F-body 1967–1969: Camaro, Firebird X-body 1968–1974: Nova, Ventura, Apollo, Omega Truck (1963–1972) variant: Use SP-6370 for 2.5″ drop instead Specifications: Drop: 2″ lower than stock Material: Forged steel Geometry: Factory steering arm location preserved Brake compatibility: Factory and aftermarket disc brake components"
"2861","15-0401/SI-AT67003","Mastodon 2″ 52mm Chrome Volt / Water / Oil Pressure Triple 3 Gauge Set Gauges Kit","mastodon-2-52mm-chrome-volt-water-oil-pressure-triple-3-gauge-set-gauges-kit","https://allamericanmuscle.co.za/product/mastodon-2-52mm-chrome-volt-water-oil-pressure-triple-3-gauge-set-gauges-kit/","simple","500.00","500.00","500.00","no","no","0","Gauges & Accessories","gauges-accessories","https://allamericanmuscle.co.za/wp-content/uploads/2026/04/1596ff5f59b4ce2284f5167a5a7a0c6ac687a0aaf12b7b21365d6eec27575003.webp","","2″ (52mm) chrome triple gauge set — Volt / Water Temp / Oil Pressure. The three gauges every classic muscle car / hot rod build needs to keep an eye on the engine, in the standard 52mm size that fits a-pillar pods, dash inserts, and most aftermarket gauge mounts. Mechanical operation (water/oil) means readings aren’t affected by electrical noise. Chrome bezel + white face + red pointer = classic vintage styling that suits any era of build. Specifications: Diameter: 2″ (52mm) each Gauges: Voltmeter (8–16V), Water Temperature (100–280°F), Oil Pressure (0–100 PSI) Operation: Mechanical (water + oil), electrical (volt) Bezel: Chrome Face: White with red pointer Voltage: 12V negative ground Includes: 3 gauges + sender units + mounting hardware"
"2862","SC1810","Shelby Cobra 2-Piece Forged Wheel 18 x 10,0 Offset 5/114.3 PCD","shelby-cobra-2-piece-forged-wheel-18-x-100-offset-5-114-3-pcd","https://allamericanmuscle.co.za/product/shelby-cobra-2-piece-forged-wheel-18-x-100-offset-5-114-3-pcd/","simple","18320.00","18320.00","18320.00","no","no","0","Wheels & Tyres","wheels-tires","https://allamericanmuscle.co.za/wp-content/uploads/2026/04/3ed18c8480f4e24be00bf6e9cbc0a1c0454e757ad2e5034b5746f1f777d89eea.webp","Shelby Cobra, 2-Piece Forged Wheel, 18 x 10","Shelby Cobra 2-piece forged wheel in 18 x 10 — 5×114.3 PCD bolt pattern. The classic 7-spoke Cobra silhouette in a wider 10″ rear-stagger size. Cast aluminum centre with forged barrel keeps unsprung weight down, and the wider barrel handles the meatier tires that big-power muscle cars deserve. The right rear-stagger pairing for the 18×8 Cobra wheel up front — gives the classic raked muscle-car stance with proper modern tire footprint. Specifications: Diameter: 18″ Width: 10″ Bolt pattern: 5×114.3 (5×4.5″) Construction: 2-piece — cast centre + forged barrel Style: Classic Shelby Cobra 7-spoke Suits: Classic Mustang, modern Mustang rear, vintage muscle with 5×114.3 pattern (rear stagger) Sold: Single wheel"
"2863","SC1808","Shelby Cobra 2-Piece Forged Wheel 18 x 8,0 Offset 5/114.3 PCD","shelby-cobra-2-piece-forged-wheel-18-x-80-offset-5-114-3-pcd","https://allamericanmuscle.co.za/product/shelby-cobra-2-piece-forged-wheel-18-x-80-offset-5-114-3-pcd/","simple","17300.00","17300.00","17300.00","no","no","0","Wheels & Tyres","wheels-tires","https://allamericanmuscle.co.za/wp-content/uploads/2026/04/3ed18c8480f4e24be00bf6e9cbc0a1c0454e757ad2e5034b5746f1f777d89eea.webp","Shelby Cobra, 2-Piece Forged Wheel, 18 x 8","Shelby Cobra 2-piece forged wheel in 18 x 8 — 5×114.3 PCD bolt pattern. The classic 7-spoke Cobra silhouette in modern 18″ diameter with the strength and weight savings of forged construction. Cast aluminum centre with forged barrel — the construction that lets you run modern tire profiles on a vintage muscle car or pony car without the excess unsprung weight of a one-piece cast wheel. Specifications: Diameter: 18″ Width: 8″ Bolt pattern: 5×114.3 (5×4.5″) Construction: 2-piece — cast centre + forged barrel Style: Classic Shelby Cobra 7-spoke Suits: Classic Mustang, Cougar, modern Mustang, vintage muscle with 5×114.3 pattern Sold: Single wheel — order in pairs or sets of 4 to suit"
"2864","11-0108/SI-AT52008","Mastodon DBC LS1 Standalone W/ 4L60E Evi Plug Wiring Harness","mastodon-dbc-ls1-standalone-w-4l60e-evi-plug-wiring-harness","https://allamericanmuscle.co.za/product/mastodon-dbc-ls1-standalone-w-4l60e-evi-plug-wiring-harness/","simple","6810.00","6810.00","6810.00","no","yes","1","Ignitions & Electrical","ignitions-electrical","https://allamericanmuscle.co.za/wp-content/uploads/2026/04/783a8b2689478bd9c8857c4bad81cd19cbbfd67c7fc5edeae981c2770c750048.webp","","DBC LS1 standalone wiring harness with 4L60E transmission integration — the plug-and-play harness for the most common LS swap configuration: 1997–2006 Vortec / LS1 with drive-by-cable throttle body and EV1-style fuel injectors, paired with a 4L60E automatic. Standalone design means no donor-vehicle electronics or BCM required — only switched power, constant power, and ground need to be supplied. Includes dash connections for speedo, tacho, park/neutral, TCC, MIL, and DLC port. Specifications: Application: 1997–2006 GM LS1 / 4.8L / 5.3L / 6.0L Vortec engines (DBC throttle body, EV1 injectors) Transmission: 4L60E (works with 4L80E with adapter) MAF: 3-wire Alternator: 1-wire compatible Includes: Engine harness + dash connections (speedo, tacho, park/neutral, TCC, MIL, DLC) Required: Switched power, constant power, ground"
"2865","WHK-2200","Mastodon Universal 22 Circuit Wiring Harness","mastodon-universal-22-circuit-wiring-harness","https://allamericanmuscle.co.za/product/mastodon-universal-22-circuit-wiring-harness/","simple","5650.00","5650.00","5650.00","no","no","0","Ignitions & Electrical","ignitions-electrical","https://allamericanmuscle.co.za/wp-content/uploads/2026/04/5fd8922b018e32e687c8649ac8b355535bdcb7a944605d3958441549bf1ef61d.webp","","Universal 22-circuit wiring harness kit — the complete chassis harness for any street rod, hot rod, custom muscle car, or full chassis rewire. Includes pre-terminated colour-coded GXL-insulated wires, ATO/ATC blade fuse block, and labeled circuits for every system on a modern street rod. Circuits included: Headlights, tail lights, brake lights, third brake light, turn signals, hazards, dome light, dash instruments, ignition coil, electric fan, horn, wipers, A/C, heater, charging, starting, accessory plug, electric fuel pump, backup lights, cruise control, electric choke, and power antenna. Plus extras for power windows / door locks where required. Specifications: Circuits: 22 Fuse block: ATO/ATC blade-style Wire insulation: GXL (high-temperature, oil-resistant) Includes: Pre-cut and labeled wires + fuse block + instructions Application: Universal — hot rod, street rod, custom muscle, full chassis rewire"
"2866","09-0606/SI-AT25054","Mastodon Chevy LS Engine Serpentine Bracket Alternator & Power Steering Pump","mastodon-chevy-ls-engine-serpentine-bracket-alternator-power-steering-pump","https://allamericanmuscle.co.za/product/mastodon-chevy-ls-engine-serpentine-bracket-alternator-power-steering-pump/","simple","1370.00","1370.00","1370.00","no","no","0","Engines & Components","engines-components","https://allamericanmuscle.co.za/wp-content/uploads/2026/04/5e604ef4-ad84-4039-a023-0a238d6e4c91.webp","","LS engine serpentine bracket that mounts both the alternator and power steering pump for an LS swap. The drop-in bracket that solves the perennial LS-swap headache: factory truck and Corvette accessory drives don’t fit classic engine bays, and individual brackets get expensive fast. This single billet-style bracket relocates the alternator and power steering pump to clear classic chassis components — fits LS1, LS2, LS3, LS6, LS7 and the 4.8L through 6.2L truck/SUV LS engines. Specifications: Application: LS Gen III/IV — LS1 / LS2 / LS3 / LS6 / LS7, 4.8L / 5.3L / 6.0L / 6.2L Mounts: Alternator + Power Steering Pump Drive: Serpentine Use: LS engine swap into classic muscle / hot rod chassis"
"2886","MMR-MMFPP-2","Mastodon Four Post Parking Lift","mastodon-fpp-2-four-post-parking-lift","https://allamericanmuscle.co.za/product/mastodon-fpp-2-four-post-parking-lift/","simple","69000.00","70734.28","69000.00","yes","no","0","Parking Lifts","parking-lifts","https://allamericanmuscle.co.za/wp-content/uploads/2026/06/lift1.webp|https://allamericanmuscle.co.za/wp-content/uploads/2026/06/lift2.webp|https://allamericanmuscle.co.za/wp-content/uploads/2026/06/lift3.webp|https://allamericanmuscle.co.za/wp-content/uploads/2026/06/lift4.webp","Heavy-duty four-post parking lift — parks 2 cars in one bay with a 3,600 kg capacity. Hydraulic single-cylinder system, anti-falling locks, powder-coated for indoor or outdoor use.","Overview The Mastodon FPP-2 is a simple, reliable four-post parking lift designed primarily for home use — ideal for both parking and light vehicle servicing. Each unit parks 2 cars: one on the ground level and one on the raised platform. With a heavy-duty 3,600 kg lifting capacity it comfortably accommodates SUVs and large vehicles, using a hydraulic-driven system with a single cylinder and steel ropes. As a valet-style parking lift, the ground level must be cleared before lowering the upper platform. Available in two models: the standard FPP-2 and the taller FPP-2W for higher-clearance vehicles. Key Features Home-use design — parks 2 cars per unit Two diamond-plate runways and ramps Single hydraulic cylinder with steel ropes Individual hydraulic power pack (2.2 kW) Self-standing, self-supporting structure Relocatable with castor kit Dynamic mechanical “all-the-way” anti-falling locks Free jacking tray and drip trays included 3,600 kg capacity — suitable for heavy SUVs Manual operation and lock release Hydraulic overload protection Powder-coated finish for indoor/outdoor use Specifications Specification FPP-2 FPP-2W Lifting Capacity 3,600 kg 3,600 kg Equipment Weight 790 kg 880 kg Platform Height (h1) 1,840 mm 2,090 mm Overall Height (h2) 5,540 mm 6,030 mm Power Pack 2.2 kW hydraulic power pump Electrical 220–420V, 1 or 3 Phase, 50/60Hz Lifting / Lowering Time 50 / 45 seconds Finishing Powder coating (laser cut & robot welded) Safety Features Overload-protection hydraulic pa"
"2890","AND SHIFT-2","Quicksilver Shifter","quicksilver-shifter","https://allamericanmuscle.co.za/product/quicksilver-shifter/","simple","9924.49","9924.49","9924.49","no","no","0","Interior & Accessories","interior-accessories","","","Quicksilver floor shifter."
"2891","Z-8939B","Zeus Clips","zeus-clips","https://allamericanmuscle.co.za/product/zeus-clips/","simple","68.11","68.11","68.11","no","no","0","Fasteners & Hardware","fasteners-hardware","","","Zeus quarter-turn fastener clips."
"3689","121807","Horn Button 6 Bolt Plastic","horn-button-6-bolt-plastic","https://allamericanmuscle.co.za/product/horn-button-6-bolt-plastic/","simple","323.28","323.28","323.28","no","yes","","Interior & Accessories","interior-accessories","https://allamericanmuscle.co.za/wp-content/uploads/2026/06/121807.webp","Horn Button 6 Bolt Plastic.","Horn Button 6 Bolt Plastic. Stocked under part number 121807. Category: Interior & Accessories Part number: 121807"
"3695","EDL-5767","Edelbrock Sure Seat Valve Springs","edelbrock-sure-seat-valve-springs","https://allamericanmuscle.co.za/product/edelbrock-sure-seat-valve-springs/","simple","862.66","862.66","862.66","no","yes","","Engines & Components","engines-components","https://allamericanmuscle.co.za/wp-content/uploads/2026/08/EDL-5767_.webp","Edelbrock Sure Seat Valve Springs.","Edelbrock Sure Seat Valve Springs. Stocked under part number EDL-5767. Brand: Edelbrock Category: Engines & Components Part number: EDL-5767"
"3700","MMR-25095","Mastodon SBC Billet Aluminium SWP Pulley","mastodon-sbc-billet-aluminium-swp-pulley","https://allamericanmuscle.co.za/product/mastodon-sbc-billet-aluminium-swp-pulley/","simple","581.90","581.90","581.90","no","yes","","Engines & Components","engines-components","","Mastodon SBC Billet Aluminium SWP Pulley. Suits small block Chevrolet applications.","Mastodon SBC Billet Aluminium SWP Pulley. Suits small block Chevrolet applications. Stocked under part number MMR-25095. Brand: Mastodon Category: Engines & Components Part number: MMR-25095"
"3703","L817","GM Chevy Hyd Flat Follower Lifter, EA","gm-chevy-hyd-flat-follower-lifter-ea","https://allamericanmuscle.co.za/product/gm-chevy-hyd-flat-follower-lifter-ea/","simple","274.86","274.86","274.86","no","yes","","Engines & Components","engines-components","","GM Chevy Hyd Flat Follower Lifter, EA.","GM Chevy Hyd Flat Follower Lifter, EA. Stocked under part number L817. Category: Engines & Components Part number: L817"
"3707","V1650B","Enginetech SBC Intake Valve 2.02","enginetech-sbc-intake-valve-2-02","https://allamericanmuscle.co.za/product/enginetech-sbc-intake-valve-2-02/","simple","255.31","255.31","255.31","no","yes","","Engines & Components","engines-components","https://allamericanmuscle.co.za/wp-content/uploads/2026/08/V1650B_.webp","Enginetech SBC Intake Valve 2.02. Suits small block Chevrolet applications.","Enginetech SBC Intake Valve 2.02. Suits small block Chevrolet applications. Stocked under part number V1650B. Brand: Enginetech Category: Engines & Components Part number: V1650B"
"3709","MMR-32007","Mastodon SBC/BBC Polished Water neck 90 Deg Swivel","mastodon-sbc-bbc-polished-water-neck-90-deg-swivel","https://allamericanmuscle.co.za/product/mastodon-sbc-bbc-polished-water-neck-90-deg-swivel/","simple","414.02","414.02","414.02","no","yes","","Cooling & Heating","cooling-heating","","Mastodon SBC/BBC Polished Water neck 90 Deg Swivel. Suits small block and big block Chevrolet applications.","Mastodon SBC/BBC Polished Water neck 90 Deg Swivel. Suits small block and big block Chevrolet applications. Stocked under part number MMR-32007. Brand: Mastodon Category: Cooling & Heating Part number: MMR-32007"
"3722","MMR-09057-BK","MastodonDistributorCap&RotorReplacement-Black- HEI","mastodondistributorcaprotorreplacement-black-hei","https://allamericanmuscle.co.za/product/mastodondistributorcaprotorreplacement-black-hei/","simple","422.84","422.84","422.84","no","yes","","Ignitions & Electrical","ignitions-electrical","","MastodonDistributorCap&RotorReplacement-Black- HEI.","MastodonDistributorCap&RotorReplacement-Black- HEI. Stocked under part number MMR-09057-BK. Brand: Mastodon Category: Ignitions & Electrical Part number: MMR-09057-BK"
"3723","MMR-09057-R","MastodonDistributorCap&RotorReplacement- Red – HEI","mastodondistributorcaprotorreplacement-red-hei","https://allamericanmuscle.co.za/product/mastodondistributorcaprotorreplacement-red-hei/","simple","422.84","422.84","422.84","no","yes","","Ignitions & Electrical","ignitions-electrical","","MastodonDistributorCap&RotorReplacement- Red – HEI.","MastodonDistributorCap&RotorReplacement- Red – HEI. Stocked under part number MMR-09057-R. Brand: Mastodon Category: Ignitions & Electrical Part number: MMR-09057-R"
"3725","MMR32057","Mastodon SB Chevy – BBC 160° Thermostat W/Gasket","mastodon-sb-chevy-bbc-160-thermostat-w-gasket","https://allamericanmuscle.co.za/product/mastodon-sb-chevy-bbc-160-thermostat-w-gasket/","simple","232.33","232.33","232.33","no","no","0","Cooling & Heating","cooling-heating","","Mastodon SB Chevy – BBC 160° Thermostat W/Gasket. Suits big block Chevrolet applications.","Mastodon SB Chevy – BBC 160° Thermostat W/Gasket. Suits big block Chevrolet applications. Stocked under part number MMR32057. Brand: Mastodon Category: Cooling & Heating Part number: MMR32057"
"3728","MMR-PRAUD","Mastodon Under Dash, 90 Deg, Brake Master / Booste","mastodon-under-dash-90-deg-brake-master-booste","https://allamericanmuscle.co.za/product/mastodon-under-dash-90-deg-brake-master-booste/","simple","6189.08","6189.08","6189.08","no","yes","","Brake Systems","brake-systems","","Mastodon Under Dash, 90 Deg, Brake Master / Booste.","Mastodon Under Dash, 90 Deg, Brake Master / Booste. Stocked under part number MMR-PRAUD. Brand: Mastodon Category: Brake Systems Part number: MMR-PRAUD"
"3734","MMR-38021-BK","Mastodon Spark Plug Wire Set, Universal","mastodon-spark-plug-wire-set-universal","https://allamericanmuscle.co.za/product/mastodon-spark-plug-wire-set-universal/","simple","946.45","946.45","946.45","no","yes","","Ignitions & Electrical","ignitions-electrical","","Mastodon Spark Plug Wire Set, Universal.","Mastodon Spark Plug Wire Set, Universal. Stocked under part number MMR-38021-BK. Brand: Mastodon Category: Ignitions & Electrical Part number: MMR-38021-BK"
"3738","MMR-700C","Mastodon 7″ Vacuum Dual Power Brake Booster Chrome","mastodon-7-vacuum-dual-power-brake-booster-chrome","https://allamericanmuscle.co.za/product/mastodon-7-vacuum-dual-power-brake-booster-chrome/","simple","2886.71","2886.71","2886.71","no","no","0","Brake Systems","brake-systems","","Mastodon 7″ Vacuum Dual Power Brake Booster Chrome.","Mastodon 7"" Vacuum Dual Power Brake Booster Chrome. Stocked under part number MMR-700C. Brand: Mastodon Category: Brake Systems Part number: MMR-700C"
"3743","BB608J20","Enginetech Big end Bearing 351 Windsor","enginetech-big-end-bearing-351-windsor-5","https://allamericanmuscle.co.za/product/enginetech-big-end-bearing-351-windsor-5/","simple","593.48","593.48","593.48","no","yes","","Engines & Components","engines-components","https://allamericanmuscle.co.za/wp-content/uploads/2026/08/BB608J20_.webp","Enginetech Big end Bearing 351 Windsor. Suits Ford 351 Windsor applications.","Enginetech Big end Bearing 351 Windsor. Suits Ford 351 Windsor applications. Stocked under part number BB608J20. Brand: Enginetech Category: Engines & Components Part number: BB608J20"
"3744","HING55-56","Hood Hinges 55-56 Chev","hood-hinges-55-56-chev","https://allamericanmuscle.co.za/product/hood-hinges-55-56-chev/","simple","16900.00","16900.00","16900.00","no","yes","","Exterior & Accessories","exterior-accessories","https://allamericanmuscle.co.za/wp-content/uploads/2026/04/mastodon2028429-1.webp","Hood Hinges 55-56 Chev. Covers 1955–1956 applications.","Hood Hinges 55-56 Chev. Covers 1955–1956 applications. Stocked under part number HING55-56. Category: Exterior & Accessories Part number: HING55-56"
"3747","NO.94","Prosport Universal Fuel Tank Float","prosport-universal-fuel-tank-float","https://allamericanmuscle.co.za/product/prosport-universal-fuel-tank-float/","simple","173.39","173.39","173.39","no","yes","","Air & Fuel Delivery","air-fuel-delivery","","Prosport Universal Fuel Tank Float.","Prosport Universal Fuel Tank Float. Stocked under part number NO.94. Brand: Prosport Category: Air & Fuel Delivery Part number: NO.94"
"3749","SI-AT26194","Door Mirrors, ROund Bowtie, Outside","door-mirrors-round-bowtie-outside","https://allamericanmuscle.co.za/product/door-mirrors-round-bowtie-outside/","simple","2128.75","2128.75","2128.75","no","yes","","Exterior & Accessories","exterior-accessories","","Door Mirrors, ROund Bowtie, Outside.","Door Mirrors, ROund Bowtie, Outside. Stocked under part number SI-AT26194. Brand: Mastodon Category: Exterior & Accessories Part number: SI-AT26194"
"3750","100-3802S","Brake Booster, 8″ Ford Mustang 1967-70 Single Diap","brake-booster-8-ford-mustang-1967-70-single-diap","https://allamericanmuscle.co.za/product/brake-booster-8-ford-mustang-1967-70-single-diap/","simple","6500.00","6500.00","6500.00","no","yes","","Brake Systems","brake-systems","https://allamericanmuscle.co.za/wp-content/uploads/2026/06/100-3802S-Brake-Booster-8-inch-Ford-Mustang-1967-70-Single-Diap.webp","Brake Booster, 8″ Ford Mustang 1967-70 Single Diap. Suits Ford Mustang applications, 1967–1970.","Brake Booster, 8"" Ford Mustang 1967-70 Single Diap. Suits Ford Mustang applications, 1967–1970. Stocked under part number 100-3802S. Category: Brake Systems Part number: 100-3802S"
"3752","BB607J00","Enginetech Ford 351 Cleveland Rod Bearings","enginetech-ford-351-cleveland-rod-bearings","https://allamericanmuscle.co.za/product/enginetech-ford-351-cleveland-rod-bearings/","simple","1212.07","1212.07","1212.07","no","yes","","Engines & Components","engines-components","https://allamericanmuscle.co.za/wp-content/uploads/2026/08/BB607J00_.webp","Enginetech Ford 351 Cleveland Rod Bearings. Suits Ford 351 Cleveland applications.","Enginetech Ford 351 Cleveland Rod Bearings. Suits Ford 351 Cleveland applications. Stocked under part number BB607J00. Brand: Enginetech Category: Engines & Components Part number: BB607J00"
"3754","L900","Lifters (Ford)","lifters-ford","https://allamericanmuscle.co.za/product/lifters-ford/","simple","1276.27","1276.27","1276.27","no","yes","","Engines & Components","engines-components","","Lifters (Ford).","Lifters (Ford). Stocked under part number L900. Category: Engines & Components Part number: L900"
"3760","MMR-41021","Mastodon Tall Finned Aluminum Valve Covers,","mastodon-tall-finned-aluminum-valve-covers","https://allamericanmuscle.co.za/product/mastodon-tall-finned-aluminum-valve-covers/","simple","3627.33","3627.33","3627.33","no","no","0","Engines & Components","engines-components","","Mastodon Tall Finned Aluminum Valve Covers.","Mastodon Tall Finned Aluminum Valve Covers. Stocked under part number MMR-41021. Brand: Mastodon Category: Engines & Components Part number: MMR-41021"
"3772","MMR-58089","Mastodon Valve Cover Gaskets Rubber w/ Steel Shim Core","mastodon-valve-cover-gaskets-rubber-w-steel-shim-core","https://allamericanmuscle.co.za/product/mastodon-valve-cover-gaskets-rubber-w-steel-shim-core/","simple","520.42","520.42","520.42","no","no","0","Gaskets & Seals","gaskets-seals","","Mastodon Valve Cover Gaskets Rubber w/ Steel Shim Core.","Mastodon Valve Cover Gaskets Rubber w/ Steel Shim Core. Stocked under part number MMR-58089. Brand: Mastodon Category: Gaskets & Seals Part number: MMR-58089"
"3778","BC200J25","Enginetech Ford 289/302 Windsor Rod Bearing","enginetech-ford-289-302-windsor-rod-bearing","https://allamericanmuscle.co.za/product/enginetech-ford-289-302-windsor-rod-bearing/","simple","472.78","472.78","472.78","no","yes","","Engines & Components","engines-components","","Enginetech Ford 289/302 Windsor Rod Bearing. Suits Ford 289 and 302 Windsor and Ford Windsor applications.","Enginetech Ford 289/302 Windsor Rod Bearing. Suits Ford 289 and 302 Windsor and Ford Windsor applications. Stocked under part number BC200J25. Brand: Enginetech Category: Engines & Components Part number: BC200J25"
"3781","MMR-25106","Mastodon Billet Aluminium Ford 351C Alternator Bra","mastodon-billet-aluminium-ford-351c-alternator-bra","https://allamericanmuscle.co.za/product/mastodon-billet-aluminium-ford-351c-alternator-bra/","simple","1487.08","1487.08","1487.08","no","yes","","Ignitions & Electrical","ignitions-electrical","","Mastodon Billet Aluminium Ford 351C Alternator Bra. Suits Ford 351 Cleveland applications.","Mastodon Billet Aluminium Ford 351C Alternator Bra. Suits Ford 351 Cleveland applications. Stocked under part number MMR-25106. Brand: Mastodon Category: Ignitions & Electrical Part number: MMR-25106"
"3785","LY-7&#8243;-2G-005","7 inch hi/low beam headlight with turn signal","7-inch-hi-low-beam-headlight-with-turn-signal","https://allamericanmuscle.co.za/product/7-inch-hi-low-beam-headlight-with-turn-signal/","simple","2164.28","2164.28","2164.28","no","yes","","Lights & Lighting","lights-lighting","https://allamericanmuscle.co.za/wp-content/uploads/2026/04/product20285029.webp","7 inch hi/low beam headlight with turn signal.","7 inch hi/low beam headlight with turn signal. Stocked under part number LY-7""-2G-005. Brand: Mastodon Category: Lights & Lighting Part number: LY-7""-2G-005"
"3786","MMR-009-BLK","Mastodon GM Transmission Mount","mastodon-gm-transmission-mount","https://allamericanmuscle.co.za/product/mastodon-gm-transmission-mount/","simple","618.00","618.00","618.00","no","no","0","Transmission & Drivetrain","transmission-drivetrain","","Mastodon GM Transmission Mount.","Mastodon GM Transmission Mount. Stocked under part number MMR-009-BLK. Brand: Mastodon Category: Transmission & Drivetrain Part number: MMR-009-BLK"
"3787","MMR-3009","Mastodon Stand Alone Wire Harness, LS1 97-06 T56 D","mastodon-stand-alone-wire-harness-ls1-97-06-t56-d","https://allamericanmuscle.co.za/product/mastodon-stand-alone-wire-harness-ls1-97-06-t56-d/","simple","3589.50","3589.50","3589.50","no","yes","","Ignitions & Electrical","ignitions-electrical","https://allamericanmuscle.co.za/wp-content/uploads/2026/04/71CUCb56B8L.webp","Mastodon Stand Alone Wire Harness, LS1 97-06 T56 D. Suits GM LS applications, 1997–2006.","Mastodon Stand Alone Wire Harness, LS1 97-06 T56 D. Suits GM LS applications, 1997–2006. Stocked under part number MMR-3009. Brand: Mastodon Category: Ignitions & Electrical Part number: MMR-3009"
"3788","MMR-3904-SL","Mastodon Hood Hinge, 1967-1969 Camaro, Billet Alum","mastodon-hood-hinge-1967-1969-camaro-billet-alum","https://allamericanmuscle.co.za/product/mastodon-hood-hinge-1967-1969-camaro-billet-alum/","simple","9301.71","9301.71","9301.71","no","yes","","Exterior & Accessories","exterior-accessories","https://allamericanmuscle.co.za/wp-content/uploads/2026/04/mastodon2028729.webp","Mastodon Hood Hinge, 1967-1969 Camaro, Billet Alum. Suits Chevrolet Camaro applications, 1967–1969.","Mastodon Hood Hinge, 1967-1969 Camaro, Billet Alum. Suits Chevrolet Camaro applications, 1967–1969. Stocked under part number MMR-3904-SL. Brand: Mastodon Category: Exterior & Accessories Part number: MMR-3904-SL"
"3789","MMR-7090","Mastodon 12 inch Oval Paper Air Filter Element","mastodon-12-inch-oval-paper-air-filter-element","https://allamericanmuscle.co.za/product/mastodon-12-inch-oval-paper-air-filter-element/","simple","334.95","334.95","334.95","no","yes","","Air & Fuel Delivery","air-fuel-delivery","https://allamericanmuscle.co.za/wp-content/uploads/2026/06/MMR7090.webp","Mastodon 12 inch Oval Paper Air Filter Element.","Mastodon 12 inch Oval Paper Air Filter Element. Stocked under part number MMR-7090. Brand: Mastodon Category: Air & Fuel Delivery Part number: MMR-7090"
"3790","MMSMTA-24FT","RPM Signal Filter 24","rpm-signal-filter-24","https://allamericanmuscle.co.za/product/rpm-signal-filter-24/","simple","156.66","156.66","156.66","no","yes","","Gauges & Accessories","gauges-accessories","","RPM Signal Filter 24.","RPM Signal Filter 24. Stocked under part number MMSMTA-24FT. Category: Gauges & Accessories Part number: MMSMTA-24FT"
"3805","MMR-28137","Mastodon Valve Seals SBC","mastodon-valve-seals-sbc","https://allamericanmuscle.co.za/product/mastodon-valve-seals-sbc/","simple","238.10","238.10","238.10","no","yes","","Gaskets & Seals","gaskets-seals","","Mastodon Valve Seals SBC. Suits small block Chevrolet and GM LS applications.","Mastodon Valve Seals SBC. Suits small block Chevrolet and GM LS applications. Stocked under part number MMR-28137. Brand: Mastodon Category: Gaskets & Seals Part number: MMR-28137"
"3806","MMR-8513P","Mastodon Steering Column","mastodon-steering-column","https://allamericanmuscle.co.za/product/mastodon-steering-column/","simple","6516.67","6516.67","6516.67","no","yes","","Interior & Accessories","interior-accessories","","Mastodon Steering Column.","Mastodon Steering Column. Stocked under part number MMR-8513P. Brand: Mastodon Category: Interior & Accessories Part number: MMR-8513P"
"3824","MMR-25013","Mastodon Polished Alternator Bracket For Long Wate","mastodon-polished-alternator-bracket-for-long-wate","https://allamericanmuscle.co.za/product/mastodon-polished-alternator-bracket-for-long-wate/","simple","790.83","790.83","790.83","no","yes","","Ignitions & Electrical","ignitions-electrical","","Mastodon Polished Alternator Bracket For Long Wate.","Mastodon Polished Alternator Bracket For Long Wate. Stocked under part number MMR-25013. Brand: Mastodon Category: Ignitions & Electrical Part number: MMR-25013"
"3825","MMR-7101","Mastodon 12 inch Oval Reusable Air Filter Element","mastodon-12-inch-oval-reusable-air-filter-element","https://allamericanmuscle.co.za/product/mastodon-12-inch-oval-reusable-air-filter-element/","simple","446.60","446.60","446.60","no","yes","","Air & Fuel Delivery","air-fuel-delivery","https://allamericanmuscle.co.za/wp-content/uploads/2026/06/MMR7101.webp","Mastodon 12 inch Oval Reusable Air Filter Element.","Mastodon 12 inch Oval Reusable Air Filter Element. Stocked under part number MMR-7101. Brand: Mastodon Category: Air & Fuel Delivery Part number: MMR-7101"
"3826","MMR-81009","Mastodon Steering Pump Remote Reservoir GM Type2-Chrome","mastodon-steering-pump-remote-reservoir-gm-type2-chrome","https://allamericanmuscle.co.za/product/mastodon-steering-pump-remote-reservoir-gm-type2-chrome/","simple","3252.63","3252.63","3252.63","no","no","0","Chassis & Suspension","chassis-suspension","","Mastodon Steering Pump Remote Reservoir GM Type2-Chrome.","Mastodon Steering Pump Remote Reservoir GM Type2-Chrome. Stocked under part number MMR-81009. Brand: Mastodon Category: Chassis & Suspension Part number: MMR-81009"
"3827","MMR-CM-34448","Mastodon 1947-54 Chevy Truck IFS Crossmember","mastodon-1947-54-chevy-truck-ifs-crossmember","https://allamericanmuscle.co.za/product/mastodon-1947-54-chevy-truck-ifs-crossmember/","simple","6512.39","6512.39","6512.39","no","yes","","Chassis & Suspension","chassis-suspension","","Mastodon 1947-54 Chevy Truck IFS Crossmember. Covers 1947–1954 applications.","Mastodon 1947-54 Chevy Truck IFS Crossmember. Covers 1947–1954 applications. Stocked under part number MMR-CM-34448. Brand: Mastodon Category: Chassis & Suspension Part number: MMR-CM-34448"
"3828","MMR-CM-CT47541FS","Mastodon 1947-54Chevy Pickup Bolt-In IFS Front kit","mastodon-1947-54chevy-pickup-bolt-in-ifs-front-kit","https://allamericanmuscle.co.za/product/mastodon-1947-54chevy-pickup-bolt-in-ifs-front-kit/","simple","8753.23","8753.23","8753.23","no","yes","","Engines & Components","engines-components","","Mastodon 1947-54Chevy Pickup Bolt-In IFS Front kit.","Mastodon 1947-54Chevy Pickup Bolt-In IFS Front kit. Stocked under part number MMR-CM-CT47541FS. Brand: Mastodon Category: Engines & Components Part number: MMR-CM-CT47541FS"
"3829","MMR-CM-D11193","Mastodon 1949-54 Chevy Bolt-On Front End Crossmemb","mastodon-1949-54-chevy-bolt-on-front-end-crossmemb","https://allamericanmuscle.co.za/product/mastodon-1949-54-chevy-bolt-on-front-end-crossmemb/","simple","6652.45","6652.45","6652.45","no","yes","","Chassis & Suspension","chassis-suspension","","Mastodon 1949-54 Chevy Bolt-On Front End Crossmemb. Covers 1949–1954 applications.","Mastodon 1949-54 Chevy Bolt-On Front End Crossmemb. Covers 1949–1954 applications. Stocked under part number MMR-CM-D11193. Brand: Mastodon Category: Chassis & Suspension Part number: MMR-CM-D11193"
"3830","MMR-CM-FT53561FS","Mastodon 1953-56 Ford F-100 IFS Crossmember","mastodon-1953-56-ford-f-100-ifs-crossmember","https://allamericanmuscle.co.za/product/mastodon-1953-56-ford-f-100-ifs-crossmember/","simple","6442.37","6442.37","6442.37","no","yes","","Chassis & Suspension","chassis-suspension","","Mastodon 1953-56 Ford F-100 IFS Crossmember. Suits Ford F-100 applications, 1953–1956.","Mastodon 1953-56 Ford F-100 IFS Crossmember. Suits Ford F-100 applications, 1953–1956. Stocked under part number MMR-CM-FT53561FS. Brand: Mastodon Category: Chassis & Suspension Part number: MMR-CM-FT53561FS"
"3831","MMR-PF9-3.00","Mastodon Ring & Pinion Set, Ford 9 Inch, 3.00","mastodon-ring-pinion-set-ford-9-inch-3-00","https://allamericanmuscle.co.za/product/mastodon-ring-pinion-set-ford-9-inch-3-00/","simple","7242.04","7242.04","7242.04","no","yes","","Transmission & Drivetrain","transmission-drivetrain","","Mastodon Ring & Pinion Set, Ford 9 Inch, 3.00.","Mastodon Ring & Pinion Set, Ford 9 Inch, 3.00. Stocked under part number MMR-PF9-3.00. Brand: Mastodon Category: Transmission & Drivetrain Part number: MMR-PF9-3.00"
"3832","MMR-PF9-3.70","Mastodon Ring & Pinion Set, Ford 9 Inch, 3.70","mastodon-ring-pinion-set-ford-9-inch-3-70","https://allamericanmuscle.co.za/product/mastodon-ring-pinion-set-ford-9-inch-3-70/","simple","7242.04","7242.04","7242.04","no","yes","","Transmission & Drivetrain","transmission-drivetrain","","Mastodon Ring & Pinion Set, Ford 9 Inch, 3.70.","Mastodon Ring & Pinion Set, Ford 9 Inch, 3.70. Stocked under part number MMR-PF9-3.70. Brand: Mastodon Category: Transmission & Drivetrain Part number: MMR-PF9-3.70"
"3845","TSC-7007C-1","32″ Tilt Steering Column, Manual, No Key Without A","32-tilt-steering-column-manual-no-key-without-a","https://allamericanmuscle.co.za/product/32-tilt-steering-column-manual-no-key-without-a/","simple","6982.19","6982.19","6982.19","no","no","0","Interior & Accessories","interior-accessories","https://allamericanmuscle.co.za/wp-content/uploads/2026/06/TSC-7007C-1.webp","32″ Tilt Steering Column, Manual, No Key Without A.","32"" Tilt Steering Column, Manual, No Key Without A. Stocked under part number TSC-7007C-1. Category: Interior & Accessories Part number: TSC-7007C-1"
"3849","BC307J30","Enginetech Main Bearings 351 Windsor","enginetech-main-bearings-351-windsor-2","https://allamericanmuscle.co.za/product/enginetech-main-bearings-351-windsor-2/","simple","1223.95","1223.95","1223.95","no","no","0","Engines & Components","engines-components","https://allamericanmuscle.co.za/wp-content/uploads/2026/08/BC307J30_.webp","Enginetech Main Bearings 351 Windsor. Suits Ford 351 Windsor applications.","Enginetech Main Bearings 351 Windsor. Suits Ford 351 Windsor applications. Stocked under part number BC307J30. Brand: Enginetech Category: Engines & Components Part number: BC307J30"
"3856","FT1502/10","Smoothie Classic Steel Wheel 15 x 10 ETO","smoothie-classic-steel-wheel-15-x-10-eto","https://allamericanmuscle.co.za/product/smoothie-classic-steel-wheel-15-x-10-eto/","simple","3820.84","3820.84","3820.84","no","yes","","Wheels & Tyres","wheels-tires","","Smoothie Classic Steel Wheel 15 x 10 ETO.","Smoothie Classic Steel Wheel 15 x 10 ETO. Stocked under part number FT1502/10. Category: Wheels & Tyres Part number: FT1502/10"
"3859","MMR-26086","Mastodon Plug Wire Separators, Linear, SBC, Chrome","mastodon-plug-wire-separators-linear-sbc-chrome","https://allamericanmuscle.co.za/product/mastodon-plug-wire-separators-linear-sbc-chrome/","simple","557.34","557.34","557.34","no","yes","2","Ignitions & Electrical","ignitions-electrical","","Mastodon Plug Wire Separators, Linear, SBC, Chrome. Suits small block Chevrolet applications.","Mastodon Plug Wire Separators, Linear, SBC, Chrome. Suits small block Chevrolet applications. Stocked under part number MMR-26086. Brand: Mastodon Category: Ignitions & Electrical Part number: MMR-26086"
"3860","MMR-75028","Mastodon Chevy SB350-400 Dual Plane Intake Manifold","mastodon-chevy-sb350-400-dual-plane-intake-manifold","https://allamericanmuscle.co.za/product/mastodon-chevy-sb350-400-dual-plane-intake-manifold/","simple","6911.82","6911.82","6911.82","no","no","0","Air & Fuel Delivery","air-fuel-delivery","https://allamericanmuscle.co.za/wp-content/uploads/2026/04/product20283629.webp","Mastodon Chevy SB350-400 Dual Plane Intake Manifold.","Mastodon Chevy SB350-400 Dual Plane Intake Manifold. Stocked under part number MMR-75028. Brand: Mastodon Category: Air & Fuel Delivery Part number: MMR-75028"
"3861","MMR-75073","Mastodon Ford Windsor Oil Pan","mastodon-ford-windsor-oil-pan","https://allamericanmuscle.co.za/product/mastodon-ford-windsor-oil-pan/","simple","2276.84","2276.84","2276.84","no","no","0","Engines & Components","engines-components","","Mastodon Ford Windsor Oil Pan. Suits Ford Windsor applications.","Mastodon Ford Windsor Oil Pan. Suits Ford Windsor applications. Stocked under part number MMR-75073. Brand: Mastodon Category: Engines & Components Part number: MMR-75073"
"3862","MMR-CM-FT57601FS","Mastodon 1957-60 Ford F-100 Pickup IFS Crossmember","mastodon-1957-60-ford-f-100-pickup-ifs-crossmember","https://allamericanmuscle.co.za/product/mastodon-1957-60-ford-f-100-pickup-ifs-crossmember/","simple","6512.39","6512.39","6512.39","no","yes","","Chassis & Suspension","chassis-suspension","","Mastodon 1957-60 Ford F-100 Pickup IFS Crossmember. Suits Ford F-100 applications, 1957–1960.","Mastodon 1957-60 Ford F-100 Pickup IFS Crossmember. Suits Ford F-100 applications, 1957–1960. Stocked under part number MMR-CM-FT57601FS. Brand: Mastodon Category: Chassis & Suspension Part number: MMR-CM-FT57601FS"
"3863","MMR-PF9-3.50","Mastodon Ring & Pinion Set, Ford 9 Inch, 3.50","mastodon-ring-pinion-set-ford-9-inch-3-50","https://allamericanmuscle.co.za/product/mastodon-ring-pinion-set-ford-9-inch-3-50/","simple","7242.04","7242.04","7242.04","no","yes","","Transmission & Drivetrain","transmission-drivetrain","","Mastodon Ring & Pinion Set, Ford 9 Inch, 3.50.","Mastodon Ring & Pinion Set, Ford 9 Inch, 3.50. Stocked under part number MMR-PF9-3.50. Brand: Mastodon Category: Transmission & Drivetrain Part number: MMR-PF9-3.50"
"3868","TSC-7005C-1","28″ Steering Column, Manual, No Key Without Adap","28-steering-column-manual-no-key-without-adap","https://allamericanmuscle.co.za/product/28-steering-column-manual-no-key-without-adap/","simple","6982.19","6982.19","6982.19","no","yes","","Interior & Accessories","interior-accessories","https://allamericanmuscle.co.za/wp-content/uploads/2026/06/TSC-7005C-1.webp","28″ Steering Column, Manual, No Key Without Adap.","28"" Steering Column, Manual, No Key Without Adap. Stocked under part number TSC-7005C-1. Category: Interior & Accessories Part number: TSC-7005C-1"
"3872","216 SWOT-BBB","Prosport Electrical Gauge Set 52mm Black Rim & Bla","prosport-electrical-gauge-set-52mm-black-rim-bla","https://allamericanmuscle.co.za/product/prosport-electrical-gauge-set-52mm-black-rim-bla/","simple","1213.66","1213.66","1213.66","no","yes","","Gauges & Accessories","gauges-accessories","","Prosport Electrical Gauge Set 52mm Black Rim & Bla.","Prosport Electrical Gauge Set 52mm Black Rim & Bla. Stocked under part number 216 SWOT-BBB. Brand: Prosport Category: Gauges & Accessories Part number: 216 SWOT-BBB"
"3874","412SMTASWL270-PK","Prosport Performance Tachometer, 115mm","prosport-performance-tachometer-115mm","https://allamericanmuscle.co.za/product/prosport-performance-tachometer-115mm/","simple","4937.93","4937.93","4937.93","no","yes","","Gauges & Accessories","gauges-accessories","https://allamericanmuscle.co.za/wp-content/uploads/2026/08/412SMTASWL270-PK_.webp","Prosport Performance Tachometer, 115mm.","Prosport Performance Tachometer, 115mm. Stocked under part number 412SMTASWL270-PK. Brand: Prosport Category: Gauges & Accessories Part number: 412SMTASWL270-PK"
"3891","MM6GSETESPBL-CG-GPS","6 Gauge Set Classic, Blue Dial with White needle","6-gauge-set-classic-blue-dial-with-white-needle","https://allamericanmuscle.co.za/product/6-gauge-set-classic-blue-dial-with-white-needle/","simple","6834.11","6834.11","6834.11","no","yes","","Gauges & Accessories","gauges-accessories","https://allamericanmuscle.co.za/wp-content/uploads/2026/04/product20284829.webp","6 Gauge Set Classic, Blue Dial with White needle.","6 Gauge Set Classic, Blue Dial with White needle. Stocked under part number MM6GSETESPBL-CG-GPS. Category: Gauges & Accessories Part number: MM6GSETESPBL-CG-GPS"
"3892","MMR-67003","Mastodon 2 52mm Chrome Triple3Gauge Set Gauges Kit","mastodon-2-52mm-chrome-triple3gauge-set-gauges-kit","https://allamericanmuscle.co.za/product/mastodon-2-52mm-chrome-triple3gauge-set-gauges-kit/","simple","585.48","585.48","585.48","no","yes","","Gauges & Accessories","gauges-accessories","","Mastodon 2 52mm Chrome Triple3Gauge Set Gauges Kit.","Mastodon 2 52mm Chrome Triple3Gauge Set Gauges Kit. Stocked under part number MMR-67003. Brand: Mastodon Category: Gauges & Accessories Part number: MMR-67003"
"3893","MMR-75013","Mastodon Chevy LS Low Profile Oil Pan – Black","mastodon-chevy-ls-low-profile-oil-pan-black","https://allamericanmuscle.co.za/product/mastodon-chevy-ls-low-profile-oil-pan-black/","simple","14962.08","14962.08","14962.08","no","no","0","Engines & Components","engines-components","","Mastodon Chevy LS Low Profile Oil Pan – Black. Suits GM LS applications.","Mastodon Chevy LS Low Profile Oil Pan – Black. Suits GM LS applications. Stocked under part number MMR-75013. Brand: Mastodon Category: Engines & Components Part number: MMR-75013"
"3894","MMR-CM-34457","Mastodon 1964-70 Ford Mustang Crossmember, Mustang","mastodon-1964-70-ford-mustang-crossmember-mustang","https://allamericanmuscle.co.za/product/mastodon-1964-70-ford-mustang-crossmember-mustang/","simple","6512.39","6512.39","6512.39","no","yes","","Chassis & Suspension","chassis-suspension","","Mastodon 1964-70 Ford Mustang Crossmember, Mustang. Suits Ford Mustang applications, 1964–1970.","Mastodon 1964-70 Ford Mustang Crossmember, Mustang. Suits Ford Mustang applications, 1964–1970. Stocked under part number MMR-CM-34457. Brand: Mastodon Category: Chassis & Suspension Part number: MMR-CM-34457"
"3908","TSC-7007B-1","32″ Tilt Steering Column Manual No Key Without Ada","32-tilt-steering-column-manual-no-key-without-ada","https://allamericanmuscle.co.za/product/32-tilt-steering-column-manual-no-key-without-ada/","simple","7295.99","7295.99","7295.99","no","yes","","Interior & Accessories","interior-accessories","","32″ Tilt Steering Column Manual No Key Without Ada.","32"" Tilt Steering Column Manual No Key Without Ada. Stocked under part number TSC-7007B-1. Category: Interior & Accessories Part number: TSC-7007B-1"
"3909","UJ006","U-Joint, 3/4-36 X 3/4″-Dd","u-joint-3-4-36-x-3-4-dd","https://allamericanmuscle.co.za/product/u-joint-3-4-36-x-3-4-dd/","simple","718.04","718.04","718.04","no","yes","","Chassis & Suspension","chassis-suspension","","U-Joint, 3/4-36 X 3/4″-Dd.","U-Joint, 3/4-36 X 3/4""-Dd. Stocked under part number UJ006. Category: Chassis & Suspension Part number: UJ006"
"3920","216EVOFL-PK-R","Depo Racing Fuel Gauge, 60mm, LED","depo-racing-fuel-gauge-60mm-led","https://allamericanmuscle.co.za/product/depo-racing-fuel-gauge-60mm-led/","simple","2252.98","2252.98","2252.98","no","yes","2","Gauges & Accessories","gauges-accessories","https://allamericanmuscle.co.za/wp-content/uploads/2026/08/216EVOFL-PK-R_.webp","Depo Racing Fuel Gauge, 60mm, LED.","Depo Racing Fuel Gauge, 60mm, LED. Stocked under part number 216EVOFL-PK-R. Brand: Depo Racing Category: Gauges & Accessories Part number: 216EVOFL-PK-R"
"3922","238WRCVAPK-R(BAR)","Prosport Performance Vacuum Bar Gauge, 60mm, LED 3","prosport-performance-vacuum-bar-gauge-60mm-led-3","https://allamericanmuscle.co.za/product/prosport-performance-vacuum-bar-gauge-60mm-led-3/","simple","3585.23","3585.23","3585.23","no","yes","2","Gauges & Accessories","gauges-accessories","https://allamericanmuscle.co.za/wp-content/uploads/2026/08/238WRCVAPK-R_BAR__.webp","Prosport Performance Vacuum Bar Gauge, 60mm, LED 3.","Prosport Performance Vacuum Bar Gauge, 60mm, LED 3. Stocked under part number 238WRCVAPK-R(BAR). Brand: Prosport Category: Gauges & Accessories Part number: 238WRCVAPK-R(BAR)"
"3938","BEU-404-000.R12.-1","Air Flow Speed 3 32 Pass 4 Way Aluminium Coil","air-flow-speed-3-32-pass-4-way-aluminium-coil","https://allamericanmuscle.co.za/product/air-flow-speed-3-32-pass-4-way-aluminium-coil/","simple","1935.23","1935.23","1935.23","no","yes","2","Engines & Components","engines-components","","Air Flow Speed 3 32 Pass 4 Way Aluminium Coil.","Air Flow Speed 3 32 Pass 4 Way Aluminium Coil. Stocked under part number BEU-404-000.R12.-1. Category: Engines & Components Part number: BEU-404-000.R12.-1"
"3939","BLK2804STDSJ","Engine Block, 283, 2 Bolt Main, Std","engine-block-283-2-bolt-main-std","https://allamericanmuscle.co.za/product/engine-block-283-2-bolt-main-std/","simple","7301.59","7301.59","7301.59","no","yes","2","Engines & Components","engines-components","","Engine Block, 283, 2 Bolt Main, Std.","Engine Block, 283, 2 Bolt Main, Std. Stocked under part number BLK2804STDSJ. Category: Engines & Components Part number: BLK2804STDSJ"
"3948","GW-EW004-63","Exhaust Cut Out 63mm","exhaust-cut-out-63mm","https://allamericanmuscle.co.za/product/exhaust-cut-out-63mm/","simple","2387.14","2387.14","2387.14","no","yes","2","Exhaust","exhaust","https://allamericanmuscle.co.za/wp-content/uploads/2026/06/GW-EW004-63.webp","Exhaust Cut Out 63mm.","Exhaust Cut Out 63mm. Stocked under part number GW-EW004-63. Brand: Mastodon Category: Exhaust Part number: GW-EW004-63"
"3955","KNDI-002","V8 Distributor","v8-distributor","https://allamericanmuscle.co.za/product/v8-distributor/","simple","1641.35","1641.35","1641.35","no","yes","2","Ignitions & Electrical","ignitions-electrical","","V8 Distributor.","V8 Distributor. Stocked under part number KNDI-002. Category: Ignitions & Electrical Part number: KNDI-002"
"3985","SI-AT82001","68-74 Nova Tubular Control Front Arm Set For Chevy","68-74-nova-tubular-control-front-arm-set-for-chevy","https://allamericanmuscle.co.za/product/68-74-nova-tubular-control-front-arm-set-for-chevy/","simple","10334.19","10334.19","10334.19","no","yes","2","Chassis & Suspension","chassis-suspension","https://allamericanmuscle.co.za/wp-content/uploads/2026/06/SI-AT8200168-74-3.webp","68-74 Nova Tubular Control Front Arm Set For Chevy. Suits Chevrolet Nova applications, 1968–1974.","68-74 Nova Tubular Control Front Arm Set For Chevy. Suits Chevrolet Nova applications, 1968–1974. Stocked under part number SI-AT82001. Brand: Mastodon Category: Chassis & Suspension Part number: SI-AT82001"
"3990","WHK-2100","21 Circuit Wiring harness Kit with 20″ headlight","21-circuit-wiring-harness-kit-with-20-headlight","https://allamericanmuscle.co.za/product/21-circuit-wiring-harness-kit-with-20-headlight/","simple","4119.33","4119.33","4119.33","no","yes","2","Ignitions & Electrical","ignitions-electrical","","21 Circuit Wiring harness Kit with 20″ headlight.","21 Circuit Wiring harness Kit with 20"" headlight. Stocked under part number WHK-2100. Category: Ignitions & Electrical Part number: WHK-2100"
"4005","300-160","SBC Thermostat","sbc-thermostat","https://allamericanmuscle.co.za/product/sbc-thermostat/","simple","210.20","210.20","210.20","no","yes","1","Cooling & Heating","cooling-heating","","SBC Thermostat. Suits small block Chevrolet applications.","SBC Thermostat. Suits small block Chevrolet applications. Stocked under part number 300-160. Category: Cooling & Heating Part number: 300-160"
"4037","98412","Howards Cams Performance Street/Strip Valve Spring","howards-cams-performance-street-strip-valve-spring","https://allamericanmuscle.co.za/product/howards-cams-performance-street-strip-valve-spring/","simple","5001.59","5001.59","5001.59","no","yes","1","Engines & Components","engines-components","https://allamericanmuscle.co.za/wp-content/uploads/2026/08/98412_.webp","Howards Cams Performance Street/Strip Valve Spring.","Howards Cams Performance Street/Strip Valve Spring. Stocked under part number 98412. Brand: Howards Cams Category: Engines & Components Part number: 98412"
"4052","BLK3504STDSJ","Engine Block, 350, 4 Bolt Main, Std","engine-block-350-4-bolt-main-std","https://allamericanmuscle.co.za/product/engine-block-350-4-bolt-main-std/","simple","14197.53","14197.53","14197.53","no","yes","1","Engines & Components","engines-components","","Engine Block, 350, 4 Bolt Main, Std.","Engine Block, 350, 4 Bolt Main, Std. Stocked under part number BLK3504STDSJ. Category: Engines & Components Part number: BLK3504STDSJ"
"4053","BLK4002BLT040FB","Engine Block 400, 2 Bolt Main, 040, Fresh Bore","engine-block-400-2-bolt-main-040-fresh-bore","https://allamericanmuscle.co.za/product/engine-block-400-2-bolt-main-040-fresh-bore/","simple","12169.31","12169.31","12169.31","no","yes","1","Engines & Components","engines-components","","Engine Block 400, 2 Bolt Main, 040, Fresh Bore.","Engine Block 400, 2 Bolt Main, 040, Fresh Bore. Stocked under part number BLK4002BLT040FB. Category: Engines & Components Part number: BLK4002BLT040FB"
"4054","BLK4004BLT030STDSJ","Engine Block, 400,4 bolt Main,030","engine-block-4004-bolt-main030","https://allamericanmuscle.co.za/product/engine-block-4004-bolt-main030/","simple","14197.53","14197.53","14197.53","no","yes","1","Engines & Components","engines-components","","Engine Block, 400,4 bolt Main,030.","Engine Block, 400,4 bolt Main,030. Stocked under part number BLK4004BLT030STDSJ. Category: Engines & Components Part number: BLK4004BLT030STDSJ"
"4055","BLK460030","Engine Block, Ford 460, 030. Block Only","engine-block-ford-460-030-block-only","https://allamericanmuscle.co.za/product/engine-block-ford-460-030-block-only/","simple","12169.31","12169.31","12169.31","no","yes","1","Engines & Components","engines-components","","Engine Block, Ford 460, 030. Block Only.","Engine Block, Ford 460, 030. Block Only. Stocked under part number BLK460030. Category: Engines & Components Part number: BLK460030"
"4083","KD1150","K24 Adjustable EP3 Style Idler Pulley & Belt Kit f","k24-adjustable-ep3-style-idler-pulley-belt-kit-f","https://allamericanmuscle.co.za/product/k24-adjustable-ep3-style-idler-pulley-belt-kit-f/","simple","3066.67","3066.67","3066.67","no","yes","1","Engines & Components","engines-components","https://allamericanmuscle.co.za/wp-content/uploads/2026/06/KD1150.webp","K24 Adjustable EP3 Style Idler Pulley & Belt Kit f.","K24 Adjustable EP3 Style Idler Pulley & Belt Kit f. Stocked under part number KD1150. Category: Engines & Components Part number: KD1150"
"4085","KD2018","K&N Cone Filter Short Type","kn-cone-filter-short-type","https://allamericanmuscle.co.za/product/kn-cone-filter-short-type/","simple","340.75","340.75","340.75","no","yes","1","Air & Fuel Delivery","air-fuel-delivery","https://allamericanmuscle.co.za/wp-content/uploads/2026/06/KD2018.webp","K&N Cone Filter Short Type.","K&N Cone Filter Short Type. Stocked under part number KD2018. Category: Air & Fuel Delivery Part number: KD2018"
"4086","KD2020","K&N Apollo Closed Air Intake System Universal","kn-apollo-closed-air-intake-system-universal","https://allamericanmuscle.co.za/product/kn-apollo-closed-air-intake-system-universal/","simple","1022.22","1022.22","1022.22","no","yes","1","Air & Fuel Delivery","air-fuel-delivery","","K&N Apollo Closed Air Intake System Universal.","K&N Apollo Closed Air Intake System Universal. Stocked under part number KD2020. Category: Air & Fuel Delivery Part number: KD2020"
"4087","KD6078","Kyostar Magnetic Oil Drain Plug","kyostar-magnetic-oil-drain-plug","https://allamericanmuscle.co.za/product/kyostar-magnetic-oil-drain-plug/","simple","170.37","170.37","170.37","no","yes","1","Engines & Components","engines-components","","Kyostar Magnetic Oil Drain Plug.","Kyostar Magnetic Oil Drain Plug. Stocked under part number KD6078. Brand: Kyostar Category: Engines & Components Part number: KD6078"
"4089","KNDI-505","351/460 Ford HEI PE331","351-460-ford-hei-pe331","https://allamericanmuscle.co.za/product/351-460-ford-hei-pe331/","simple","2500.56","2500.56","2500.56","no","yes","1","Ignitions & Electrical","ignitions-electrical","https://allamericanmuscle.co.za/wp-content/uploads/2026/04/amm.webp","351/460 Ford HEI PE331.","351/460 Ford HEI PE331. Stocked under part number KNDI-505. Category: Ignitions & Electrical Part number: KNDI-505"
"4098","M011","Coyote Pulley Set","coyote-pulley-set","https://allamericanmuscle.co.za/product/coyote-pulley-set/","simple","32292.00","32292.00","32292.00","no","yes","1","Engines & Components","engines-components","","Coyote Pulley Set.","Coyote Pulley Set. Stocked under part number M011. Category: Engines & Components Part number: M011"
"4101","M192704455679","4 Steering Tie Rod Ends 1964-69 Plymouth Barracuda","4-steering-tie-rod-ends-1964-69-plymouth-barracuda","https://allamericanmuscle.co.za/product/4-steering-tie-rod-ends-1964-69-plymouth-barracuda/","simple","5042.18","5042.18","5042.18","no","yes","1","Chassis & Suspension","chassis-suspension","","4 Steering Tie Rod Ends 1964-69 Plymouth Barracuda. Suits Plymouth Barracuda applications, 1964–1969.","4 Steering Tie Rod Ends 1964-69 Plymouth Barracuda. Suits Plymouth Barracuda applications, 1964–1969. Stocked under part number M192704455679. Category: Chassis & Suspension Part number: M192704455679"
"4110","MJE013-C","Engine Camshaft for 09- 18 Challenger Charger","engine-camshaft-for-09-18-challenger-charger","https://allamericanmuscle.co.za/product/engine-camshaft-for-09-18-challenger-charger/","simple","8305.55","8305.55","8305.55","no","yes","1","Engines & Components","engines-components","https://allamericanmuscle.co.za/wp-content/uploads/2026/06/MJE013-C-2.webp","Engine Camshaft for 09- 18 Challenger Charger. Covers 2009–2018 applications.","Engine Camshaft for 09- 18 Challenger Charger. Covers 2009–2018 applications. Stocked under part number MJE013-C. Category: Engines & Components Part number: MJE013-C"
"4113","MM6GSETESP-CG-GPS","6 Gauge Set Classic White with orange needle","6-gauge-set-classic-white-with-orange-needle","https://allamericanmuscle.co.za/product/6-gauge-set-classic-white-with-orange-needle/","simple","8582.89","8582.89","8582.89","no","no","0","Gauges & Accessories","gauges-accessories","https://allamericanmuscle.co.za/wp-content/uploads/2026/04/product20284729.webp","6 Gauge Set Classic White with orange needle.","6 Gauge Set Classic White with orange needle. Stocked under part number MM6GSETESP-CG-GPS. Category: Gauges & Accessories Part number: MM6GSETESP-CG-GPS"
"4114","MM6GSETESPR-CG-GPS","6 Gauge Set Classic, Red Dial with White Needle","6-gauge-set-classic-red-dial-with-white-needle","https://allamericanmuscle.co.za/product/6-gauge-set-classic-red-dial-with-white-needle/","simple","6834.11","6834.11","6834.11","no","yes","1","Gauges & Accessories","gauges-accessories","","6 Gauge Set Classic, Red Dial with White Needle.","6 Gauge Set Classic, Red Dial with White Needle. Stocked under part number MM6GSETESPR-CG-GPS. Category: Gauges & Accessories Part number: MM6GSETESPR-CG-GPS"
"4115","MM6GSETEVOBR","6 Gauge Set, Blue and Red LCD Display","6-gauge-set-blue-and-red-lcd-display","https://allamericanmuscle.co.za/product/6-gauge-set-blue-and-red-lcd-display/","simple","13413.54","13413.54","13413.54","no","yes","1","Gauges & Accessories","gauges-accessories","https://allamericanmuscle.co.za/wp-content/uploads/2026/04/product20284629.webp","6 Gauge Set, Blue and Red LCD Display.","6 Gauge Set, Blue and Red LCD Display. Stocked under part number MM6GSETEVOBR. Category: Gauges & Accessories Part number: MM6GSETEVOBR"
"4116","MMR-25054","EngineSerpentineBracketAlternator&PowerSteeringPum","engineserpentinebracketalternatorpowersteeringpum","https://allamericanmuscle.co.za/product/engineserpentinebracketalternatorpowersteeringpum/","simple","1626.31","1626.31","1626.31","no","yes","1","Ignitions & Electrical","ignitions-electrical","","EngineSerpentineBracketAlternator&PowerSteeringPum.","EngineSerpentineBracketAlternator&PowerSteeringPum. Stocked under part number MMR-25054. Brand: Mastodon Category: Ignitions & Electrical Part number: MMR-25054"
"4117","MMR-3001BL","Mastodon Universal Ignition Wire Set 8.5mm 90 Degr","mastodon-universal-ignition-wire-set-8-5mm-90-degr","https://allamericanmuscle.co.za/product/mastodon-universal-ignition-wire-set-8-5mm-90-degr/","simple","1148.61","1148.61","1148.61","no","yes","1","Ignitions & Electrical","ignitions-electrical","","Mastodon Universal Ignition Wire Set 8.5mm 90 Degr.","Mastodon Universal Ignition Wire Set 8.5mm 90 Degr. Stocked under part number MMR-3001BL. Brand: Mastodon Category: Ignitions & Electrical Part number: MMR-3001BL"
"4129","PSM6GCC-RW","Prosport Mechanical Gauge Set 52mm Red Face & Chro","prosport-mechanical-gauge-set-52mm-red-face-chro","https://allamericanmuscle.co.za/product/prosport-mechanical-gauge-set-52mm-red-face-chro/","simple","3355.17","3355.17","3355.17","no","yes","1","Gauges & Accessories","gauges-accessories","","Prosport Mechanical Gauge Set 52mm Red Face & Chro.","Prosport Mechanical Gauge Set 52mm Red Face & Chro. Stocked under part number PSM6GCC-RW. Brand: Prosport Category: Gauges & Accessories Part number: PSM6GCC-RW"
"4141","SSSH0003","Edelbrock Weber 4 Bar BBL Carb","edelbrock-weber-4-bar-bbl-carb","https://allamericanmuscle.co.za/product/edelbrock-weber-4-bar-bbl-carb/","simple","3450.00","3450.00","3450.00","no","yes","1","Air & Fuel Delivery","air-fuel-delivery","","Edelbrock Weber 4 Bar BBL Carb.","Edelbrock Weber 4 Bar BBL Carb. Stocked under part number SSSH0003. Brand: Edelbrock Category: Air & Fuel Delivery Part number: SSSH0003"
"4143","SUM-1457800","Chromoly Pushrods","chromoly-pushrods","https://allamericanmuscle.co.za/product/chromoly-pushrods/","simple","3525.73","3525.73","3525.73","no","yes","1","Engines & Components","engines-components","https://allamericanmuscle.co.za/wp-content/uploads/2026/04/product20287429.webp","Chromoly Pushrods.","Chromoly Pushrods. Stocked under part number SUM-1457800. Brand: Summit Category: Engines & Components Part number: SUM-1457800"
"4147","TS358A","Enginetech Ford Windsor Timing Set For 1 Piece Fue","enginetech-ford-windsor-timing-set-for-1-piece-fue","https://allamericanmuscle.co.za/product/enginetech-ford-windsor-timing-set-for-1-piece-fue/","simple","561.86","561.86","561.86","no","yes","1","Engines & Components","engines-components","https://allamericanmuscle.co.za/wp-content/uploads/2026/08/TS358A_.webp","Enginetech Ford Windsor Timing Set For 1 Piece Fue. Suits Ford Windsor applications.","Enginetech Ford Windsor Timing Set For 1 Piece Fue. Suits Ford Windsor applications. Stocked under part number TS358A. Brand: Enginetech Category: Engines & Components Part number: TS358A"
"4148","TSC-7003C-1","32″ Tilt Steering Column, Automatic, No Key Withou","32-tilt-steering-column-automatic-no-key-withou","https://allamericanmuscle.co.za/product/32-tilt-steering-column-automatic-no-key-withou/","simple","7688.26","7688.26","7688.26","no","no","0","Interior & Accessories","interior-accessories","https://allamericanmuscle.co.za/wp-content/uploads/2026/06/TSC-7003C-1-1.webp","32″ Tilt Steering Column, Automatic, No Key Withou.","32"" Tilt Steering Column, Automatic, No Key Withou. Stocked under part number TSC-7003C-1. Category: Interior & Accessories Part number: TSC-7003C-1"
"4150","WA6037B(C)","Prosport Performance Water Temperature Gauge, 60mm","prosport-performance-water-temperature-gauge-60mm","https://allamericanmuscle.co.za/product/prosport-performance-water-temperature-gauge-60mm/","simple","2166.65","2166.65","2166.65","no","yes","1","Gauges & Accessories","gauges-accessories","","Prosport Performance Water Temperature Gauge, 60mm.","Prosport Performance Water Temperature Gauge, 60mm. Stocked under part number WA6037B(C). Brand: Prosport Category: Gauges & Accessories Part number: WA6037B(C)"